license,name_zh,name_en,group,is_prescription_product,dosage_form,regulatory_classification,license_status,official_indications_raw,official_prescription_raw,source_url
衛署成製字第008450號,“得生”白芷痠痛膏藥膠布(金絲膏加減味),"Bair Jyy Suan Tong Kao Plaster ""T.S."" (Chin Su Kao Chia Chien Wei)",中藥外用貼布,False,藥膠布劑,成藥,active_in_official_export,"適應症:跌撲損傷、手足肩背及寒濕、腳氣疼痛之敷貼。
效能:","處方:每公克中含有:
當歸尾 (10 mg)
川白芷 (10 mg)
杏仁 (10 mg)
玄參 (10 mg)
豬牙皂角 (10 mg)
草烏 (10 mg)
白膠香 (200 mg)
連鬚葉葱 (31 mg)
松脂 (200 mg)
乳香 (17 mg)
沒藥 (17 mg)
黃蠟 (31 mg)
薄荷腦 (11 mg)
樹脂 (100 mg)
氧化鋅 (30 mg)
冬綠油 (5 mg)
清油加至1g ( )",https://service.mohw.gov.tw/DOCMAP/CusSite/TCMLQueryForm.aspx
衛署成製字第009782號,“漁人”金絲膏加減味藥膠布,"Jin Si Gao Jia Jian Wei Plaster ""F.M.""",中藥外用貼布,False,藥膠布劑,成藥,active_in_official_export,"適應症:跌撲損傷、手足肩背及寒濕、腳氣疼痛之敷貼。
效能:","處方:每公克中含有:
當歸尾 (11 mg)
白芷 (11 mg)
杏仁 (11 mg)
玄參 (11 mg)
豬牙皂角 (11 mg)
草烏 (11 mg)
連鬚葉蔥 (30 mg)
乳香 (19 mg)
沒藥 (19 mg)
白膠香 (250 mg)
冰片 (25 mg)
薄荷腦 (20 mg)
冬綠油 (5 mg)
樹脂 (370 mg)
氧化鋅 (30 mg)
綠色色素 (4 mg)
鹽酸二苯安明 (5 mg)
二丁基羥基甲苯 (3 mg)
香油加至1g ( )",https://service.mohw.gov.tw/DOCMAP/CusSite/TCMLQueryForm.aspx
衛署成製字第012554號,凱全極品水性藥膠布(金絲萬應膏加減味),KAI CHUAN JYI PIIN SIP(Chin Szu Wan Ying Kao Jia Jian Wei),中藥外用貼布,False,藥膠布劑,成藥,active_in_official_export,"適應症:跌撲損傷、寒濕及手足肩背疼痛之敷貼。
效能:","處方:每公克中含有:
威靈仙 (30 mg)
黃蠟 (30 mg)
木鼈子 (15 mg)
蓖麻子 (50 mg)
沒藥 (20 mg)
乳香 (20 mg)
川七 (30 mg)
柳枝 (5 mg)
麻油 (255 mg)
薄荷腦 (15 mg)
冬綠油 (7 mg)
食用藍色二號 ( q.s.)
食用黃色四號 ( q.s.)
水性基劑加至 (1 g)",https://service.mohw.gov.tw/DOCMAP/CusSite/TCMLQueryForm.aspx
衛署成製字第013746號,“神貼”神貼水性痠痛藥膠布(金絲萬應膏加減味),Aqueous Balm“SINTAC.”,中藥外用貼布,False,藥膠布劑,成藥,active_in_official_export,"適應症:跌撲損傷、寒濕及手足肩背疼痛之敷貼。
效能:","處方:每公克中含有:
威靈仙 (30 mg)
黃蠟 (30 mg)
木鼈子 (15 mg)
蓖麻子 (50 mg)
乳香 (20 mg)
沒藥 (20 mg)
川七 (30 mg)
柳枝 (5 mg)
麻油 (255 mg)
薄荷腦 (15 mg)
冬綠油 (7 mg)
食用黃色5號 ( q.s.)
食用藍色2號 ( q.s.)
水性基劑加至 (1 g)
水性基劑含有: ( )
酒精60% (9 mg)
蓖麻子油 (8 mg)
聚山梨醇酯 (6 mg)
純水 (147 mg)
白陶土 (35 mg)
甘油 (92 mg)
聚丙烯酸鈉 (6 mg)
聚丙烯酸20% (82 mg)
聚丙烯酸10% (65 mg)
羧甲基纖維素-1380 (7 mg)
羧甲基纖維素-2200 (11 mg)
檸檬酸 (1 mg)
山梨醇 (54 mg)",https://service.mohw.gov.tw/DOCMAP/CusSite/TCMLQueryForm.aspx
衛署成製字第014425號,“南美”銅皮鐵骨膏藥膠布(火龍膏加減味去麝香),,中藥外用貼布,False,藥膠布劑,成藥,active_in_official_export,"適應症:風寒暑濕侵襲、筋攣骨痛。
效能:","處方:每公克中含有:
生薑汁 (560 mg)
牛皮膠 (140 mg)
乳香 (35 mg)
沒藥 (35 mg)
松香 (29.95 mg)
薄荷腦 (30 mg)
冰片 (10 mg)
樹脂 (100 mg)
氧化鋅 (30 mg)
冬綠油 (10 mg)
食用黃色四號 ( q.s.)
食用藍色二號 ( q.s.)
麻油加至1g ( )",https://service.mohw.gov.tw/DOCMAP/CusSite/TCMLQueryForm.aspx
衛署成製字第014555號,“輝陽”輝陽酸痛藥膠布(太乙膏加減味),Hui Yung Suan Tong Plaster“H.Y”(Tay Yii Gau Jia Jean Wey),中藥外用貼布,False,藥膠布劑,成藥,active_in_official_export,"適應症:風濕痛、跌打撲傷、筋骨痠痛。
效能:","處方:每公克中含有:
白芷 (13 mg)
當歸 (13 mg)
赤芍 (13 mg)
玄參 (13 mg)
肉桂 (13 mg)
大黃 (13 mg)
阿魏 (2 mg)
沒藥 (2 mg)
木鼈子 (13 mg)
生地黃 (13 mg)
柳枝 (27 mg)
獨活 (27 mg)
血餘 (7 mg)
乳香 (3 mg)
樹脂 (500 mg)
薄荷腦 (30 mg)
氧化鋅 (60 mg)
冬綠油 (10 mg)
冰片 (10 mg)
食用黃色4號 ( q.s.)
食用藍色2號 ( q.s.)
麻油加至1g ( )",https://service.mohw.gov.tw/DOCMAP/CusSite/TCMLQueryForm.aspx
衛署成製字第014802號,萬應白花痠痛膏水性藥膠布(金絲膏加減味),White Flower Pain Relax Balm (Jin Sh Gau Jia Jiaan Weih),中藥外用貼布,False,藥膠布劑,成藥,active_in_official_export,"適應症:跌撲損傷、寒濕及手足肩背疼痛之敷貼。
效能:","處方:每公克中含有:
當歸 (11.25 mg)
白芷 (11.25 mg)
杏仁 (11.25 mg)
玄參 (11.25 mg)
豬牙皂角 (11.25 mg)
草烏 (11.25 mg)
連鬚葉蔥 (30.00 mg)
乳香 (18.75 mg)
沒藥 (18.75 mg)
麻油 (90.00 mg)
冬綠油 (10.00 mg)
薄荷腦 (20.00 mg)
白色色素 (5.00 mg)
羥苯甲酸甲酯 (1.80 mg)
羥苯甲酸丙酯 (0.20 mg)
樹脂(水性基劑)加至1g ( )",https://service.mohw.gov.tw/DOCMAP/CusSite/TCMLQueryForm.aspx
衛署成製字第014816號,〝輝陽〞速力康藥膠布(萬金膏加味),Suh Lih Kang Plaster〝H.Y〞(Wann Jin Gau Jia Wey),中藥外用貼布,False,藥膠布劑,成藥,active_in_official_export,"適應症:癰疽發背、瘡癤、打撲損傷之敷貼。
效能:","處方:每公克中含有:
龍骨 (10 mg)
鱉甲 (10 mg)
苦參 (10 mg)
烏賊骨 (10 mg)
黃柏 (10 mg)
黃芩 (10 mg)
黃連 (10 mg)
皂角 (10 mg)
白及 (10 mg)
白蘞 (10 mg)
厚朴 (10 mg)
木鼈子 (10 mg)
草烏 (10 mg)
川芎 (10 mg)
當歸 (10 mg)
白芷 (10 mg)
沒藥 (10 mg)
乳香 (10 mg)
槐枝 (10 mg)
柳枝 (10 mg)
松香 (10 mg)
白膠香 (10 mg)
樹脂 (400 mg)
冬綠油 (5 mg)
薄荷腦 (25 mg)
冰片 (20 mg)
氧化鋅 (30 mg)
食用黃色四號 ( q.s.)
麻油加至1g ( )",https://service.mohw.gov.tw/DOCMAP/CusSite/TCMLQueryForm.aspx
衛署成製字第015763號,“港香蘭應用生技”辣椒膏藥膠布,La Chiao Gao Plaster “Biotanico”,中藥外用貼布,False,藥膠布劑,成藥,active_in_official_export,"適應症:風濕痛、腰痠背痛、肌肉痛。
效能:","處方:每公克中含有:
辣椒 (30 mg)
沙拉油 (150 mg)
白蠟 (160 mg)
氧化鋅 (30 mg)
蜂蠟 (30 mg)
樹脂 (600 mg)",https://service.mohw.gov.tw/DOCMAP/CusSite/TCMLQueryForm.aspx
衛署成製字第015919號,通血透骨膏貼布,“Tong Xie Tou Gu Gao”Herbal Patch,中藥外用貼布,False,藥膠布劑,成藥,active_in_official_export,"適應症:舒筋活血、止痛、治跌打損傷
效能:","處方:每公克中含有:
赤芍 (40 mg)
骨碎補 (20 mg)
當歸 (20 mg)
紅花 (20 mg)
乳香 (20 mg)
沒藥 (20 mg)
川芎 (16 mg)
川牛膝 (10 mg)
五加皮 (10 mg)
蒼朮 (10 mg)
石菖蒲 (10 mg)
木香 (6 mg)
秦艽 (6 mg)
蛇床子 (6 mg)
肉桂 (6 mg)
半夏 (6 mg)
萆薢 (6 mg)
樹脂 (200 mg)
薄荷腦 (60 mg)
氧化鋅 (60 mg)
松香 (20 mg)
食用藍色二號鋁麗基 ( q.s.)
食用黃色四號鋁麗基 ( q.s.)
食用黃色五號鋁麗基 ( q.s.)
食用紅色40號鋁麗基 ( q.s.)
麻油加至1g ( )",https://service.mohw.gov.tw/DOCMAP/CusSite/TCMLQueryForm.aspx
衛署成製字第015920號,酸痛十分寧藥膠布(金絲膏加減味),Suan Tong Shih Fen Nin Plaster (jin sih gao jia jian wei),中藥外用貼布,False,藥膠布劑,成藥,active_in_official_export,"適應症:跌撲損傷、手足肩背及寒濕腳氣疼痛之敷貼。
效能:","處方:每公克中含有:
當歸尾 (10 mg)
白芷 (10 mg)
杏仁 (10 mg)
玄參 (10 mg)
豬牙皂角 (10 mg)
草烏 (10 mg)
蓮鬚葉蔥 (31 mg)
白膠香 (248 mg)
松脂 (248 mg)
乳香 (17 mg)
沒藥 (17 mg)
黃蠟 (31 mg)
氧化鋅 (60 mg)
冬綠油 (20 mg)
薄荷腦 (60 mg)
白色色素 (5 mg)
清油加至1g ( )",https://service.mohw.gov.tw/DOCMAP/CusSite/TCMLQueryForm.aspx
衛部成製字第016475號,“順安”萬應膏藥膠布(加減味去穿山甲),,中藥外用貼布,False,藥膠布劑,成藥,active_in_official_export,"適應症:風濕、遍身痠痛、筋骨痠痛。
效能:","處方:每公克中含有:
川烏 (5.6 mg)
生地黃 (5.6 mg)
白及 (5.6 mg)
白芷 (5.6 mg)
赤芍 (5.6 mg)
苦參 (5.6 mg)
烏藥 (5.6 mg)
獨活 (5.6 mg)
薄荷 (5.6 mg)
薄荷腦 (39.0 mg)
氧化鋅 (40.0 mg)
草烏 (5.6 mg)
白蘞 (5.6 mg)
官桂 (5.6 mg)
當歸 (5.6 mg)
羌活 (5.6 mg)
木鼈子 (5.6 mg)
甘草 (5.6 mg)
玄參 (5.6 mg)
大黃 (5.6 mg)
樹脂 (350.0 mg)
冬綠油 (10.0 mg)
食用藍色2號 ( q.s.)
食用黃色4號 ( q.s.)
淨香油加至1g ( )",https://service.mohw.gov.tw/DOCMAP/CusSite/TCMLQueryForm.aspx
衛部成製字第016639號,“順安”太武山追風止痛藥膠布(金絲萬應膏加減味),,中藥外用貼布,False,藥膠布劑,成藥,active_in_official_export,"適應症:跌撲損傷、手足肩背及寒濕疼痛之敷貼。
效能:","處方:每公克中含有:
威靈仙 (30 mg)
黃蠟 (30 mg)
木鼈子 (15 mg)
蓖麻子 (50 mg)
乳香 (20 mg)
沒藥 (20 mg)
樹脂 (200 mg)
薄荷腦 (50 mg)
氧化鋅 (40 mg)
冬綠油 (10 mg)
食用黃色4號 ( q.s.)
食用藍色2號 ( q.s.)
麻油加至 (1 g)",https://service.mohw.gov.tw/DOCMAP/CusSite/TCMLQueryForm.aspx
衛署成製字第005693號,“漁人”加味金絲萬應膏藥膠布,Jia Wey Jin Sy Wann Ing Gau Plaster”F.M.”,中藥外用貼布,False,藥膠布劑,成藥,active_in_official_export,"適應症:跌撲損傷、手足肩背及寒濕疼痛之敷貼。
效能:","處方:每公克中含有:
松脂 (590.5 mg)
威靈仙 (37.5 mg)
木鼈子 (12.0 mg)
蓖麻子 (60.0 mg)
沒藥 (18.75 mg)
乳香 (18.75 mg)
薄荷 (150.0 mg)
薄荷腦 (18.5 mg)
冰片 (10.0 mg)
冬綠油 (20.0 mg)
氧化鋅 (20.0 mg)
食用黃色色素4號 (5.0 mg)
Diphenhydramine HCl (5.0 mg)
Dibutyl Hydroxy Toluene (3.0 mg)
麻油加至1g ( )",https://service.mohw.gov.tw/DOCMAP/CusSite/TCMLQueryForm.aspx
衛署成製字第006248號,“三陽”金絲膏藥膠布(金絲膏加減味),"Chin Shih Kao Plaster ""San Yang""",中藥外用貼布,False,藥膠布劑,成藥,active_in_official_export,"適應症:跌撲損傷、手足肩背及寒濕、腳氣疼痛之敷貼。
效能:","處方:每公克中含有:
當歸尾 (10 mg)
川白芷 (10 mg)
杏仁 (10 mg)
玄參 (10 mg)
豬牙皂角 (10 mg)
草烏 (10 mg)
白膠香 (240 mg)
連鬚葉蔥 (30 mg)
松脂 (240 mg)
乳香 (15 mg)
沒藥 (15 mg)
黃蠟 (30 mg)
薄荷 (15 mg)
牛皮膠 (30 mg)
以上生藥以清油熬製成307mg ( )
薄荷腦 (34 mg)
橡膠 (266 mg)
樹脂 (266 mg)
冬綠油 (14 mg)
凡士林 (50 mg)
氧化鋅 (60 mg)
二丁基羥基甲苯(BTH) (3 mg)",https://service.mohw.gov.tw/DOCMAP/CusSite/TCMLQueryForm.aspx
衛署成製字第006395號,“東發”東發神農萬應藥膠布(萬應膏加味去穿山甲),,中藥外用貼布,False,藥膠布劑,成藥,active_in_official_export,"適應症:風濕遍身疼痛、筋骨痠痛、關節痛、扭傷、閃傷、行瘀活血。
效能:","處方:每公克中含有: 
川烏 (30.0 mg)
草烏 (30.0 mg)
生地黃 (30.0 mg)
白蘞 (30.0 mg)
白及 (30.0 mg)
白芷 (30.0 mg)
大黃 (30.0 mg)
當歸 (30.0 mg)
赤芍 (30.0 mg)
羌活 (30.0 mg)
木鼈子 (30.0 mg)
烏藥 (30.0 mg)
甘草 (30.0 mg)
獨活 (30.0 mg)
苦參 (30.0 mg)
玄參 (30.0 mg)
柳枝 (30.0 mg)
肉桂 (30.0 mg)
三七 (20.0 mg)
丁香 (10.0 mg)
薄荷腦 (20.0 mg)
冬綠油 (10.0 mg)
氧化鋅 (30.0 mg)
樹脂 (250.0 mg)
食用紅色六號 (0.2 mg)
麻油加至1g ( )",https://service.mohw.gov.tw/DOCMAP/CusSite/TCMLQueryForm.aspx
衛署成製字第007348號,“得生”祛風萬痛膏(火龍膏加減味),"Chiu Feng Wan Tong Kao ""T.S.""",中藥外用貼布,False,藥膠布劑,成藥,active_in_official_export,"適應症:風寒暑濕毒襲經絡、筋攣骨痛、節風。

效能:","處方:每公克中含有:
生薑汁 (560 mg)
牛皮膠 (140 mg)
乳香 (35 mg)
沒藥 (35 mg)
松香 (30 mg)
薄荷腦 (30 mg)
樹脂 (132 mg)
氧化鋅 (30 mg)
冬綠油 (8 mg)",https://service.mohw.gov.tw/DOCMAP/CusSite/TCMLQueryForm.aspx
衛署成製字第010791號,“萬國”萬寧止痛膏(萬應膏加減味去穿山甲),,中藥外用貼布,False,藥膠布劑,成藥,active_in_official_export,"適應症:風濕遍身痠痛、筋骨痠痛。
效能:","處方:每公克中含有:
川烏 (31.2 mg)
草烏 (31.2 mg)
生地黃 (31.2 mg)
白蘞 (31.2 mg)
白芷 (41.2 mg)
當歸 (31.2 mg)
赤芍 (31.2 mg)
羌活 (31.2 mg)
木鼈子 (31.2 mg)
烏藥 (31.2 mg)
甘草 (31.2 mg)
獨活 (31.2 mg)
玄參 (31.2 mg)
大黃 (31.2 mg)
肉桂 (21.2 mg)
柳枝 (21.2 mg)
槐枝 (21.2 mg)
沒藥 (31.2 mg)
松香 (21.2 mg)
樹脂 (121.2 mg)
乳香 (31.2 mg)
薄荷腦 (61.2 mg)
冬綠油 (21.2 mg)
氧化鋅 (61.2 mg)
麻油加至1.0g ( )",https://service.mohw.gov.tw/DOCMAP/CusSite/TCMLQueryForm.aspx
衛署成製字第011853號,“愛生”貼而好膏藥膠布(萬應膏加減味),,中藥外用貼布,False,藥膠布劑,成藥,active_in_official_export,"適應症:
效能:消瘀、舒筋、活血、止痛、治跌打損傷。","處方:每公克中含有: 
骨碎補 (20 mg)
當歸 (20 mg)
紅花 (20 mg)
自然銅 (20 mg)
瓜兒血竭 (20 mg)
乳香 (20 mg)
沒藥 (20 mg)
川芎 (16 mg)
赤芍 (40 mg)
川牛膝 (10 mg)
五加皮 (10 mg)
蒼朮 (10 mg)
木香 (6 mg)
秦艽 (6 mg)
蛇床子 (6 mg)
肉桂 (6 mg)
附子 (6 mg)
半夏 (6 mg)
石斛 (6 mg)
萆薢 (6 mg)
鹿茸 (6 mg)
石菖蒲 (10 mg)
松香 (20 mg)
樹脂 (200 mg)
氧化鋅 (60 mg)
冬綠油 (10 mg)
薄荷腦 (40 mg)
玫瑰香料 (2 mg)
麻油加至1g ( )",https://service.mohw.gov.tw/DOCMAP/CusSite/TCMLQueryForm.aspx
衛署成製字第011907號,“愛生”活血太乙膏(太乙膏加減味),"Hwo shie Tay Yi Gau ""L.L.""",中藥外用貼布,False,藥膠布劑,成藥,active_in_official_export,"適應症:風濕痛、跌打撲傷、筋骨痠痛。
效能:","處方:每公克中含有: 
白芷 (13 mg)
當歸 (13 mg)
赤芍 (13 mg)
玄參 (13 mg)
肉桂 (13 mg)
大黃 (13 mg)
阿魏 (2 mg)
沒藥 (2 mg)
木鼈子 (13 mg)
生地黃 (13 mg)
柳枝 (27 mg)
獨活 (27 mg)
血餘 (7 mg)
乳香 (3 mg)
樹脂 (100 mg)
薄荷腦 (40 mg)
氧化鋅 (60 mg)
冬綠油 (10 mg)
玫瑰香料 (2 mg)
麻油加至1g ( )",https://service.mohw.gov.tw/DOCMAP/CusSite/TCMLQueryForm.aspx
衛署成製字第012455號,貼樂透藥膠布,PAIN LOCK PATCH,中藥外用貼布,False,藥膠布劑,成藥,active_in_official_export,"適應症:風濕痛、跌打撲傷、筋骨痠痛。
效能:","處方:每公克中含有:
白芷 (13 mg)
當歸 (13 mg)
赤芍 (13 mg)
玄參 (13 mg)
肉桂 (13 mg)
大黃 (13 mg)
阿魏 (2 mg)
沒藥 (2 mg)
木子 (13 mg)
生地黃 (13 mg)
柳枝 (27 mg)
獨活 (27 mg)
血餘 (7 mg)
乳香 (3 mg)
樹脂 (100 mg)
薄荷腦 (40 mg)
氧化鋅 (60 mg)
冬綠油 (10 mg)
食用藍色二號 ( q.s.)
食用黃色四號 ( q.s.)
食用黃色五號 ( q.s.)
麻油加至 (1 g)",https://service.mohw.gov.tw/DOCMAP/CusSite/TCMLQueryForm.aspx
衛署成製字第012568號,“生春”金絲萬應膏藥膠布(加味),"CHIN SZU WAN YING KAO PLASTER ""SHENG CHUN""",中藥外用貼布,False,藥膠布劑,成藥,active_in_official_export,"適應症:跌撲損傷、手足肩背及寒濕、疼痛之敷貼。
效能:","處方:每公克中含有:
松脂 (390.50 mg)
威靈仙 (37.50 mg)
黃蠟 (37.50 mg)
木鼈子 (12.00 mg)
蓖麻子油 (60.00 mg)
乳香 (18.75 mg)
沒藥 (18.75 mg)
薄荷腦 (50.00 mg)
麻油 (327.50 mg)
氧化鋅 (30.00 mg)
冬綠油 (5.00 mg)
樹脂加至 (1000 mg)",https://service.mohw.gov.tw/DOCMAP/CusSite/TCMLQueryForm.aspx
衛署成製字第013169號,“三帆”三帆通血透骨膏藥膠布(萬靈膏加減味去麝香),"Three Mast Tung Hsieh Tou Ku Balm Plaster ""S.F."" (wan ling gao jia jian wei cyu she siang)",中藥外用貼布,False,藥膠布劑,成藥,active_in_official_export,"適應症:消瘀、舒筋、活血、止痛、治跌打損傷。
效能:","處方:每公克中含有:
骨碎補 (20 mg)
當歸 (20 mg)
紅花 (20 mg)
自然銅 (20 mg)
瓜兒血竭 (20 mg)
乳香 (20 mg)
沒藥 (20 mg)
川芎 (16 mg)
赤芍 (40 mg)
川牛膝 (10 mg)
五加皮 (10 mg)
蒼朮 (10 mg)
木香 (6 mg)
秦艽 (6 mg)
蛇床子 (6 mg)
肉桂 (6 mg)
附子 (6 mg)
半夏 (6 mg)
石斛 (6 mg)
萆薢 (6 mg)
鹿茸 (6 mg)
石菖蒲 (10 mg)
松香 (20 mg)
樹脂 (200 mg)
氧化鋅 (60 mg)
冬綠油 (20 mg)
薄荷腦 (60 mg)
食用藍色2號 ( q.s.)
食用黃色4號 ( q.s.)
食用黃色5號 ( q.s.)
食用紅色6號 ( q.s.)
麻油加至 (1 g)",https://service.mohw.gov.tw/DOCMAP/CusSite/TCMLQueryForm.aspx
衛署成製字第013188號,酸痛巴斯藥膠布(太乙膏加減味),S.T. PASS Plaster,中藥外用貼布,False,藥膠布劑,成藥,active_in_official_export,"適應症:風濕痛、跌打撲傷、筋骨痠痛。
效能:","處方:每公克中含有:
白芷 (13 mg)
當歸 (13 mg)
赤芍 (13 mg)
玄參 (13 mg)
肉桂 (13 mg)
大黃 (13 mg)
阿魏 (2 mg)
沒藥 (2 mg)
木鼈子 (13 mg)
生地黃 (13 mg)
柳枝 (27 mg)
獨活 (27 mg)
血餘 (7 mg)
乳香 (3 mg)
樹脂 (100 mg)
薄荷腦 (40 mg)
氧化鋅 (60 mg)
冬綠油 (10 mg)
食用黃色四號 (0.2 mg)
麻油加至 (1 g)",https://service.mohw.gov.tw/DOCMAP/CusSite/TCMLQueryForm.aspx
衛署成製字第013372號,“阿桐伯”貼得好水性痠痛藥膠布(金絲膏加減味),Agueous Balm“A.T.B”,中藥外用貼布,False,藥膠布劑,成藥,active_in_official_export,"適應症:跌撲損傷、寒濕及手足肩背疼痛之敷貼。
效能:","處方:每公克中含有:
當歸 (11.25 mg)
白芷 (11.25 mg)
杏仁 (11.25 mg)
玄參 (11.25 mg)
豬牙皂角 (11.25 mg)
草烏 (11.25 mg)
連鬚葉蔥 (30.0 mg)
乳香 (18.75 mg)
沒藥 (18.75 mg)
麻油 (90.0 mg)
冬綠油 (10.0 mg)
薄荷腦 (20.0 mg)
白色色素 (5.0 mg)
羥苯甲酸甲脂 (1.8 mg)
羥苯甲酸丙脂 (0.2 mg)
水性基劑加至 (1.0 g)",https://service.mohw.gov.tw/DOCMAP/CusSite/TCMLQueryForm.aspx
衛署成製字第014299號,“吉立”富賓園熱透藥膠布,,中藥外用貼布,False,藥膠布劑,成藥,active_in_official_export,"適應症:風寒暑濕侵襲、筋攣骨痛
效能:","處方:每公克中含有:
薑汁 (125 mg)
蔥汁 (125 mg)
牙皂 (13 mg)
川椒 (13 mg)
陳皮 (100 mg)
米醋 (90 mg)
乳香 (7 mg)
沒藥 (7 mg)
牛皮膠 (371 mg)
氧化鋅 (38 mg)
冬綠油 (5 mg)
樹脂 (50 mg)
薄荷腦 (50 mg)
食用黃色四號 (6 mg)",https://service.mohw.gov.tw/DOCMAP/CusSite/TCMLQueryForm.aspx
衛署成製字第014429號,“百健寶典”好痛快治痛膏藥膠布(萬靈膏加減味去麝香),Hao Tong Kuai Zh Tong Gao Plaster(Wan Ling Kao Chia Chien Wei Chi Muscone),中藥外用貼布,False,藥膠布劑,成藥,active_in_official_export,"適應症:消瘀、舒筋、活血、止痛、跌打損傷。
效能:","處方:每公克中含有:
骨碎補 (20 mg)
透骨草 (20 mg)
當歸 (20 mg)
紅花 (20 mg)
自然銅 (20 mg)
血竭 (20 mg)
沒藥 (20 mg)
川芎 (16 mg)
赤芍 (40 mg)
川牛膝 (10 mg)
鹿茸 (6 mg)
五加皮 (10 mg)
石菖蒲 (10 mg)
蒼朮 (10 mg)
木香 (6 mg)
秦艽 (6 mg)
蛇床子 (6 mg)
肉桂 (6 mg)
川附子 (6 mg)
半夏 (6 mg)
石斛 (6 mg)
萆薢 (6 mg)
氧化鋅 (30 mg)
薄荷腦 (20 mg)
冬綠油 (20 mg)
冰片 (10 mg)
樹脂 (370 mg)
食用藍色2號 ( q.s.)
食用黃色4號 ( q.s.)
麻油加至1g ( )",https://service.mohw.gov.tw/DOCMAP/CusSite/TCMLQueryForm.aspx
衛署成製字第014846號,“正光” 必理痛藥膠布(金絲萬應膏加味),“Cheng Kuang” Bi  Li  Tong Plaster(Chin Su Wan Ying Kao Jia Wey),中藥外用貼布,False,藥膠布劑,成藥,active_in_official_export,"適應症:跌撲損傷、手足肩背及寒濕、疼痛之敷貼。
效能:","處方:每公克中含有:
松脂 (490.5 mg)
威靈仙 (37.5 mg)
黃蠟 (37.5 mg)
木鼈子 (12.0 mg)
沒藥 (18.75 mg)
蓖麻子 (60.0 mg)
乳香 (18.75 mg)
薄荷腦 (45.0 mg)
冬綠油 (2.0 mg)
冰片 (3.0 mg)
樹脂 (150.0 mg)
氧化鋅 (30.0 mg)
葡萄柚油 (20.0 mg)
凡士林 (10.0 mg)
麻油加至1g ( )",https://service.mohw.gov.tw/DOCMAP/CusSite/TCMLQueryForm.aspx
衛署成製字第014858號,“信効”滲涼滅酸膏藥膠布(萬靈膏加減味去麝香),Shen Liang Mie Suan Gau Plaster(Wan Ling Gau Jia Jian Wei Chiu She Shiang)“SHIN SHAW ”,中藥外用貼布,False,藥膠布劑,成藥,active_in_official_export,"適應症:消瘀、疏筋、活血、止痛、跌打損傷。
效能:","處方:每公克中含有:
骨碎補 (20 mg)
當歸 (20 mg)
紅花 (20 mg)
自然銅 (20 mg)
血竭 (20 mg)
乳香 (20 mg)
沒藥 (20 mg)
川芎 (16 mg)
赤芍 (40 mg)
懷牛膝 (10 mg)
五加皮 (10 mg)
石菖蒲 (10 mg)
蒼朮 (10 mg)
木香 (6 mg)
秦艽 (6 mg)
蛇床子 (6 mg)
肉桂 (6 mg)
附子 (6 mg)
半夏 (6 mg)
石斛 (6 mg)
萆薢 (6 mg)
鹿茸 (6 mg)
松脂 (20 mg)
樹脂 (180 mg)
薄荷腦 (20 mg)
冬綠油 (20 mg)
冰片 (20 mg)
氧化鋅 (60 mg)
二氧化鈦 (100 mg)
食用黃色四號 (10 mg)
鹽酸二苯胺明 (5 mg)
二丁基羥基甲苯 (3 mg)
麻油加至1g ( )",https://service.mohw.gov.tw/DOCMAP/CusSite/TCMLQueryForm.aspx
衛署成製字第014916號,“天天勇”萬靈膏藥膠布(加減味去麝香),Wann Ling Gau Plaster(Jia Jean Wey Chiu She Shiang),中藥外用貼布,False,藥膠布劑,成藥,active_in_official_export,"適應症:消瘀、舒筋、活血、止痛、跌打損傷。
效能:","處方:每公克中含有:
骨碎補 (20 mg)
透骨草 (20 mg)
當歸 (20 mg)
紅花 (20 mg)
自然銅 (20 mg)
血竭 (20 mg)
沒藥 (20 mg)
川芎 (16 mg)
赤芍 (40 mg)
川牛膝 (10 mg)
鹿茸 (6 mg)
五加皮 (10 mg)
石菖蒲 (10 mg)
蒼朮 (10 mg)
木香 (6 mg)
秦艽 (6 mg)
蛇床子 (6 mg)
肉桂 (6 mg)
川附子 (6 mg)
半夏 (6 mg)
石斛 (6 mg)
萆薢 (6 mg)
氧化鋅 (30 mg)
食用黃色四號 (4 mg)
薄荷腦 (20 mg)
冬綠油 (20 mg)
冰片 (10 mg)
樹脂 (370 mg)
鹽酸二苯安明 (5 mg)
二丁基羥基甲苯 (3 mg)
麻油加至1g ( )",https://service.mohw.gov.tw/DOCMAP/CusSite/TCMLQueryForm.aspx
衛署成製字第015022號,“天明” 肌舒爽萬應膏藥膠布(太乙膏加減味),“TIMING” Ze Shu Shoang Wan Ying Kao Plaster(Tai Yi Kao Jia Jian Wei),中藥外用貼布,False,藥膠布劑,成藥,active_in_official_export,"適應症:風濕、遍身痠痛、筋骨痠痛、關節痛、跌打撲傷。
效能:","處方:每公克中含有:
生地黃 (16 mg)
木鼈子 (16 mg)
玄參 (16 mg)
赤芍 (16 mg)
大黃 (16 mg)
白芷 (16 mg)
沒藥 (7 mg)
乳香 (7 mg)
阿魏 (3 mg)
血餘 (10 mg)
肉桂 (8 mg)
樹脂 (100 mg)
薄荷腦 (20 mg)
冬綠油 (5 mg)
氧化鋅 (30 mg)
活性炭 ( q.s.)
冰片 (5 mg)
麻油加至1g ( )",https://service.mohw.gov.tw/DOCMAP/CusSite/TCMLQueryForm.aspx
衛署成製字第015219號,“大濟”通力寧舒筋藥膠布(萬應膏加減味),Tong li ning su jing medicated patch“D.J.”(Wang ying gao jia jian wei),中藥外用貼布,False,藥膠布劑,成藥,active_in_official_export,"適應症:關節痛、扭傷、閃傷、活血、行瘀。
效能:","處方:每公克中含有:
川烏 (5.6 mg)
草烏 (5.6 mg)
生地黃 (5.6 mg)
白蘞 (5.6 mg)
白及 (5.6 mg)
官桂 (5.6 mg)
白芷 (5.6 mg)
當歸 (5.6 mg)
赤芍 (5.6 mg)
羌活 (5.6 mg)
苦參 (5.6 mg)
木鼈子 (5.6 mg)
烏藥 (5.6 mg)
甘草 (5.6 mg)
獨活 (5.6 mg)
玄參 (5.6 mg)
大黃 (5.6 mg)
樹脂 (200 mg)
氧化鋅 (30 mg)
薄荷腦 (5.6 mg)
冬綠油 (40 mg)
苯甲酸鈉 (1 mg)
玫瑰香料 (2 mg)
食用黃色4號 (2 mg)
食用綠色3號 (1 mg)
麻油加至1g ( )",https://service.mohw.gov.tw/DOCMAP/CusSite/TCMLQueryForm.aspx
衛署成製字第015558號,“百陽”金絲膏水性貼布藥膠布,CHIN SZU KAO PLASTER“PAI YANG”,中藥外用貼布,False,藥膠布劑,成藥,active_in_official_export,"適應症:跌撲損傷、寒濕及手足肩被疼痛之敷貼。
效能:","處方:每公克中含有:
當歸 (11.25 mg)
白芷 (11.25 mg)
杏仁 (11.25 mg)
玄參 (11.25 mg)
豬牙皂角 (11.25 mg)
草烏 (11.25 mg)
連鬚葉蔥 (30.0 mg)
乳香 (18.75 mg)
沒藥 (18.75 mg)
麻油 (90.0 mg)
薄荷腦 (20.0 mg)
羥苯甲酸甲酯 (1.8 mg)
羥苯甲酸丙酯 (0.2 mg)
樹脂(水性基劑)加至1g ( )",https://service.mohw.gov.tw/DOCMAP/CusSite/TCMLQueryForm.aspx
衛部成製字第016576號,“領先”萬靈膏藥膠布(加減味去麝香),Wan Ling Gau Plaster(Jia Jian Wei Chiu She Shiang),中藥外用貼布,False,藥膠布劑,成藥,active_in_official_export,"適應症:消瘀、舒筋、活血、止痛、跌打損傷。
效能:","處方:每公克中含有:
骨碎補 (20 mg)
當歸 (20 mg)
紅花 (20 mg)
自然銅 (20 mg)
瓜兒血竭 (20 mg)
乳香 (20 mg)
沒藥 (20 mg)
川芎 (10 mg)
赤芍 (40 mg)
薄荷腦 (20 mg)
川牛膝 (10 mg)
五加皮 (10 mg)
石菖蒲 (10 mg)
蒼朮 (10 mg)
木香 (6 mg)
秦艽 (6 mg)
蛇床子 (6 mg)
肉桂 (6 mg)
附子 (6 mg)
半夏 (6 mg)
石斛 (6 mg)
萆薢 (6 mg)
鹿茸 (6 mg)
松香 (20 mg)
樹脂 (100 mg)
氧化鋅 (30 mg)
牛皮膠 (30 mg)
冬綠油 (5 mg)
食用藍色二號 ( q.s.)
食用黃色四號 ( q.s.)
麻油加至 (1 g)",https://service.mohw.gov.tw/DOCMAP/CusSite/TCMLQueryForm.aspx
衛署成製字第008916號,“東發”馨香萬全膏藥膠布(火龍膏加減味),,中藥外用貼布,False,藥膠布劑,成藥,active_in_official_export,"適應症:風寒暑濕侵襲、筋攣骨痛。
效能:","處方:每公克中含有:
生薑汁 (619 mg)
乳香 (42 mg)
沒藥 (42 mg)
薄荷腦 (69 mg)
氧化鋅 (30 mg)
冬綠油 (20 mg)
香精 (1 mg)
樹脂 (177 mg)",https://service.mohw.gov.tw/DOCMAP/CusSite/TCMLQueryForm.aspx
衛署成製字第010295號,“漁人”金絲萬應膏藥膠布,"Jin Si Wan Ying Gao Plaster ""F.M.""",中藥外用貼布,False,藥膠布劑,成藥,active_in_official_export,"適應症:跌撲損傷、手足肩背及寒濕、腳氣疼痛之敷貼。
效能:","處方:每公克中含有:
沒藥 (18.75 mg)
乳香 (18.75 mg)
松脂 (390.5 mg)
威靈仙 (37.5 mg)
木鼈子 (12.5 mg)
黃蠟 (37.5 mg)
蓖麻子 (50.0 mg)
薄荷腦 (20.0 mg)
冬綠油 (20.0 mg)
冰片 (10.0 mg)
Diphenhydramine HCl (5.0 mg)
Dibutyl Hydroxy Toluene (3.0 mg)
氧化鋅 (20.0 mg)
食用黃色色素4號 (5.0 mg)
麻油加至1g ( )",https://service.mohw.gov.tw/DOCMAP/CusSite/TCMLQueryForm.aspx
衛署成製字第011245號,“生春”貼痠止痛膏藥膠布(萬應膏加減味去穿山甲),"TIEH SUAN CHIH TUNG KAO PLASTER ""SHENG CHUN""",中藥外用貼布,False,藥膠布劑,成藥,active_in_official_export,"適應症:風濕遍身疼痛、筋骨痠痛、關節痛、扭傷、閃傷、行瘀活血。
效能:","處方:每公克中含有: 
川烏 (30 mg)
草烏 (30 mg)
生地黃 (30 mg)
白蘞 (30 mg)
白及 (30 mg)
白芷 (30 mg)
大黃 (30 mg)
當歸 (30 mg)
赤芍 (30 mg)
羌活 (30 mg)
木鼈子 (30 mg)
烏藥 (30 mg)
甘草 (30 mg)
獨活 (30 mg)
苦參 (30 mg)
玄參 (30 mg)
柳枝 (30 mg)
肉桂 (30 mg)
薄荷腦 (20 mg)
樹脂 (100 mg)
氧化鋅 (30 mg)
冬綠油 (10 mg)
三七 (20 mg)
丁香 (10 mg)
食用藍色2號 ( q.s.)
食用黃色4號 ( q.s.)
麻油加至1g ( )",https://service.mohw.gov.tw/DOCMAP/CusSite/TCMLQueryForm.aspx
衛署成製字第012090號,“博今如意” 萬應膏藥膠布(加減味),“Bojin Ru Yi”Wan Ying Gau Yaw Jiau Bu(Jia Jean Wey),中藥外用貼布,False,藥膠布劑,成藥,active_in_official_export,"適應症:風濕遍身疼痛、筋骨痠痛。
效能:","處方:每公克中含有:
川烏 (5.6 mg)
草烏 (5.6 mg)
生地黃 (5.6 mg)
白蘞 (5.6 mg)
白及 (5.6 mg)
官桂 (5.6 mg)
白芷 (5.6 mg)
當歸 (5.6 mg)
赤芍 (5.6 mg)
苦參 (5.6 mg)
木鼈子 (5.6 mg)
烏藥 (5.6 mg)
甘草 (5.6 mg)
獨活 (5.6 mg)
玄參 (5.6 mg)
大黃 (5.6 mg)
羌活 (5.6 mg)
松香 (20.0 mg)
牛皮膠 (50.0 mg)
樹脂 (100.0 mg)
氧化鋅 (30.0 mg)
冬綠油 (5.0 mg)
薄荷腦 (25.0 mg)
冰片 (20.0 mg)
麻油加至1g ( )",https://service.mohw.gov.tw/DOCMAP/CusSite/TCMLQueryForm.aspx
衛署成製字第012137號,“愛生”愛立安藥膠布(萬應膏),Ay Lih An Yaw Jiau Bu “L.L.”(Wann Ing Gau),中藥外用貼布,False,藥膠布劑,成藥,active_in_official_export,"適應症:風濕、遍身痠痛、筋骨痠痛。
效能:","處方:每公克中含有:
川烏 (5.6 mg)
草烏 (5.6 mg)
生地黃 (5.6 mg)
白蘞 (5.6 mg)
白及 (5.6 mg)
官桂 (5.6 mg)
白芷 (5.6 mg)
當歸 (5.6 mg)
赤芍 (5.6 mg)
羌活 (5.6 mg)
苦參 (5.6 mg)
木鼈子 (5.6 mg)
澤蘭 (5.6 mg)
烏藥 (5.6 mg)
甘草 (5.6 mg)
獨活 (5.6 mg)
玄參 (5.6 mg)
大黃 (5.6 mg)
薄荷腦 (30.0 mg)
冰片 (10.0 mg)
冬綠油 (10.0 mg)
樹脂 (200 mg)
淨香油加至 (1 g)",https://service.mohw.gov.tw/DOCMAP/CusSite/TCMLQueryForm.aspx
衛署成製字第012715號,“全群”勁熱舒筋藥膠布,"Jinq Reh Shu Jin Yaw Jiau Bu ""C.C.""",中藥外用貼布,False,藥膠布劑,成藥,active_in_official_export,"適應症:風寒暑濕侵襲、筋攣骨痛。
效能:","處方:每公克中含有:
薑汁 (125 mg)
葱汁 (125 mg)
牙皂 (13 mg)
川椒 (13 mg)
陳皮 (100 mg)
米醋 (90 mg)
乳香 (7 mg)
沒藥 (7 mg)
牛皮膠 (377 mg)
氧化鋅 (38 mg)
冬綠油 (5 mg)
樹脂 (50 mg)
薄荷腦 (50 mg)
食用黃色4號 (2 mg)
三氧化二鐵 (4 mg)",https://service.mohw.gov.tw/DOCMAP/CusSite/TCMLQueryForm.aspx
衛署成製字第013894號,“生春”痛立舒藥膠布(外銷專用),"Tung Li Shu Plaster ""SHENG CHUN""",中藥外用貼布,False,藥膠布劑,成藥,active_in_official_export,"適應症:跌撲損傷、手足肩背及寒濕疼痛之敷貼。
效能:","處方:每公克中含有:
黃蠟 (30 mg)
木鼈子 (15 mg)
蓖麻子 (50 mg)
沒藥 (20 mg)
乳香 (20 mg)
薄荷腦 (50 mg)
樹脂 (400 mg)
麻油加至 (1 g)",https://service.mohw.gov.tw/DOCMAP/CusSite/TCMLQueryForm.aspx
衛署成製字第013964號,“南美”力克舒藥膠布(太乙膏加減味),“N.M”LI KE SHU PLASTER (TAI YI GAO JIA JIAN WEI),中藥外用貼布,False,藥膠布劑,成藥,active_in_official_export,"適應症:風濕痛、筋骨痛、跌打損傷痛。
效能:","處方:每公克中含有:
生地黃 (15 mg)
土木鼈 (15 mg)
玄參 (15 mg)
赤芍 (15 mg)
大黃 (15 mg)
白芷 (15 mg)
當歸 (15 mg)
乳香 (6 mg)
沒藥 (6 mg)
阿魏 (3 mg)
肉桂 (7.5 mg)
血餘 (7 mg)
冬綠油 (15 mg)
薄荷腦 (30 mg)
氧化鋅 (40 mg)
冰片 (15 mg)
活性碳 ( q.s.)
樹脂 (400 mg)
麻油加至 (1 g)",https://service.mohw.gov.tw/DOCMAP/CusSite/TCMLQueryForm.aspx
衛署成製字第014340號,“痛貼貼”金絲膏藥膠布(加減味),,中藥外用貼布,False,藥膠布劑,成藥,active_in_official_export,"適應症:傷筋動骨、損傷閃挫、風濕筋痛。
效能:","處方:每公克中含有:
當歸尾 (10 mg)
川白芷 (10 mg)
杏仁 (10 mg)
玄參 (10 mg)
豬牙皂角 (10 mg)
草烏 (10 mg)
白膠香 (250 mg)
連鬚葉蔥 (30 mg)
松香 (230 mg)
乳香 (15 mg)
沒藥 (15 mg)
薄荷腦 (30 mg)
冬綠油 (10 mg)
冰片 (10 mg)
氧化鋅 (30 mg)
黃蠟 (30 mg)
黃色4號 ( q.s.)
食用藍色2號 ( q.s.)
羊毛脂 (4.5 mg)
凡士林 (8.75 mg)
麻油加至1g ( )",https://service.mohw.gov.tw/DOCMAP/CusSite/TCMLQueryForm.aspx
衛署成製字第015477號,“杏海”杏海功夫膏藥膠布(金絲膏加減味),,中藥外用貼布,False,藥膠布劑,成藥,active_in_official_export,"適應症:跌撲損傷、手足肩背及寒濕、腳氣疼痛之敷貼。
效能:","處方:每公克中含有:
當歸尾 (11 mg)
白芷 (11 mg)
杏仁 (11 mg)
玄參 (11 mg)
豬牙皂角 (11 mg)
草烏 (11 mg)
白膠香 (248 mg)
連鬚葉蔥 (30 mg)
乳香 (17 mg)
沒藥 (17 mg)
薄荷 (96 mg)
薄荷腦 (20 mg)
冰片 (10 mg)
冬綠油 (10 mg)
氧化鋅 (30 mg)
樹脂 (400 mg)
食用紅色6號 ( q.s.)
麻油加至1g ( )",https://service.mohw.gov.tw/DOCMAP/CusSite/TCMLQueryForm.aspx
衛署成製字第015712號,“順安”順安麥痠痛布(太乙膏加減味),“S.A.”S.A. Mai Suan Tong Bu(Tai Yi Gao Jia Jian Wei),中藥外用貼布,False,藥膠布劑,成藥,active_in_official_export,"適應症:風濕痛、筋骨痠痛、跌打撲傷。
效能:","處方:每公克中含有:
白芷 (13 mg)
當歸 (13 mg)
赤芍 (13 mg)
玄參 (13 mg)
肉桂 (13 mg)
大黃 (13 mg)
阿魏 (2 mg)
沒藥 (2 mg)
木鼈子 (13 mg)
生地黃 (13 mg)
柳枝 (27 mg)
獨活 (27 mg)
乳香 (3 mg)
樹脂 (100 mg)
薄荷腦 (40 mg)
氧化鋅 (60 mg)
麻油加至1g ( )",https://service.mohw.gov.tw/DOCMAP/CusSite/TCMLQueryForm.aspx
衛署成製字第016043號,“天良”高基能貼得輕鬆水性藥布藥膠布(金絲膏加減味),,中藥外用貼布,False,藥膠布劑,成藥,active_in_official_export,"適應症:跌撲損傷、寒濕及手足肩背疼痛之敷貼。
效能:","處方:每公克中含有:
當歸 (11.25 mg)
白芷 (11.25 mg)
杏仁 (11.25 mg)
玄參 (11.25 mg)
豬牙皂角 (11.25 mg)
草烏 (11.25 mg)
連鬚葉蔥 (30.00 mg)
乳香 (18.75 mg)
沒藥 (18.75 mg)
麻油 (90.00 mg)
冬綠油 (10.00 mg)
薄荷腦 (20.00 mg)
白色色素 (5.00 mg)
羥苯甲酸甲酯 (1.80 mg)
羥苯甲酸丙酯 (0.20 mg)
樹脂(水性基劑)加至1g ( )",https://service.mohw.gov.tw/DOCMAP/CusSite/TCMLQueryForm.aspx
衛部成製字第016704號,“天明”金絲膏加減味藥膠布,“Timing”Jin Si Gao Jai Jian Wei Patch,中藥外用貼布,False,藥膠布劑,成藥,active_in_official_export,"適應症:跌撲損傷、手足肩背及寒濕、腳氣疼痛之敷貼。
效能:","處方:每公克中含有:
當歸 (10 mg)
白芷 (10 mg)
杏仁 (10 mg)
玄參 (10 mg)
豬牙皂角 (10 mg)
草烏 (10 mg)
白膠香 (267 mg)
連鬚葉蔥 (17 mg)
松脂 (267 mg)
乳香 (17 mg)
沒藥 (17 mg)
黃蠟 (34 mg)
薄荷腦 (11 mg)
樹脂 (100 mg)
氧化鋅 (30 mg)
冬綠油 (5 mg)
藥用炭 (2 mg)
清油加至 (1 g)",https://service.mohw.gov.tw/DOCMAP/CusSite/TCMLQueryForm.aspx
衛署成製字第005907號,“天理”風濕酸痛膏藥膠布(萬應膏加減味去穿山甲),,中藥外用貼布,False,藥膠布劑,成藥,active_in_official_export,"適應症:風濕、遍身痠痛、筋骨痠痛。
效能:","處方:每公克中含有:
川烏 (30 mg)
草烏 (30 mg)
生地黃 (30 mg)
白蘞 (30 mg)
白及 (30 mg)
官桂 (30 mg)
白芷 (30 mg)
當歸 (30 mg)
赤芍 (30 mg)
羌活 (30 mg)
苦參 (30 mg)
木鼈子 (30 mg)
烏藥 (30 mg)
甘草 (30 mg)
獨活 (30 mg)
玄參 (30 mg)
大黃 (30 mg)
薄荷腦 (30 mg)
松香 (30 mg)
黃丹 (30 mg)
氧化鋅 (20 mg)
冬綠油 (20 mg)
樹脂 (200 mg)
麻油加至 (1 g)",https://service.mohw.gov.tw/DOCMAP/CusSite/TCMLQueryForm.aspx
衛署成製字第005945號,“漁人”活筋舒痛膏藥膠布(太乙膏加減味),"Huo Jin Shu Tong Gao Plaster (Tai Yi Gao Jia Jian Wei) ""F.M.""",中藥外用貼布,False,藥膠布劑,成藥,active_in_official_export,"適應症:風濕痛、筋骨痠痛、跌傷、打撲傷。
效能:","處方:每公克中含有: 
白芷 (13 mg)
當歸 (13 mg)
赤芍 (13 mg)
玄參 (13 mg)
肉桂 (13 mg)
大黃 (13 mg)
木鼈子 (13 mg)
生地黃 (13 mg)
柳枝 (27 mg)
獨活 (27 mg)
血餘 (7 mg)
阿魏 (2 mg)
乳香 (3 mg)
沒藥 (2 mg)
樹脂 (267 mg)
薄荷腦 (20 mg)
冰片 (10 mg)
冬綠油 (20 mg)
氧化鋅 (20 mg)
鹽酸二苯安明 (5 mg)
二丁基羥基甲苯 (3 mg)
麻油加至1g ( )",https://service.mohw.gov.tw/DOCMAP/CusSite/TCMLQueryForm.aspx
衛署成製字第007065號,“南美”痛安膏藥膠布(混元膏加減味),,中藥外用貼布,False,藥膠布劑,成藥,active_in_official_export,"適應症:打撲損傷、消腫止痛。
效能:","處方:每公克中含有:
沒藥 (30 mg)
白及 (30 mg)
漏盧 (30 mg)
紅花 (30 mg)
升麻 (30 mg)
白蘞 (30 mg)
大黃 (30 mg)
梔子 (30 mg)
甘草 (30 mg)
麝香酮(Muscone) (20 mg)
蘆薈 (40 mg)
薄荷腦 (50 mg)
青黛 (30 mg)
樹脂 (150 mg)
氧化鋅 (30 mg)
冬綠油 (5 mg)
抗氧化劑(BHT) (1 mg)
食用藍色2號 ( q.s.)
食用黃色4號 ( q.s.)
麻油加至1g ( )",https://service.mohw.gov.tw/DOCMAP/CusSite/TCMLQueryForm.aspx
衛署成製字第007369號,“南美”行血青草膏藥膠布(金絲膏加減味),"""N.M"" SING SIE CING CAO GAO PLASTER (JIN SIH GAO JIA JIAN WEI)",中藥外用貼布,False,藥膠布劑,成藥,active_in_official_export,"適應症:跌撲損傷、手足肩背及寒濕、腳氣疼痛之敷貼。
效能:","處方:每公克中含有:
當歸尾 (11 mg)
白芷 (11 mg)
杏仁 (11 mg)
玄參 (11 mg)
豬牙皂角 (11 mg)
草烏 (11 mg)
白膠香 (248 mg)
蓮鬚葉蔥 (30 mg)
樹脂 (248 mg)
乳香 (17 mg)
沒藥 (17 mg)
黃蠟 (30 mg)
薄荷 (96 mg)
薄荷腦 (15 mg)
冬綠油 (10 mg)
冰片 (15 mg)
氧化鋅 (10 mg)
抗氧化劑(BHT) (1 mg)
食用黃色4號 (0.5 mg)
食用藍色2號 (0.5 mg)
麻油加至 (1 g)",https://service.mohw.gov.tw/DOCMAP/CusSite/TCMLQueryForm.aspx
衛署成製字第012175號,“漁人”漁人舒筋活血膏藥膠布(萬靈膏加減味去麝香),"Yu Ren Shu Jin Hwo Shiee Gau Plaster ""F.M."" (Wann Ling Gau Jia Jean Wey Chiuh Sheh Shiang)",中藥外用貼布,False,藥膠布劑,成藥,active_in_official_export,"適應症:消瘀、舒筋、活血、止痛、跌打損傷。
效能:","處方:每公克中含有:
骨碎補 (20 mg)
當歸 (20 mg)
紅花 (20 mg)
自然銅 (20 mg)
血竭 (20 mg)
乳香 (20 mg)
沒藥 (20 mg)
川芎 (16 mg)
赤芍 (40 mg)
懷牛膝 (10 mg)
五加皮 (10 mg)
石菖蒲 (10 mg)
蒼朮 (10 mg)
木香 (6 mg)
秦艽 (6 mg)
蛇床子 (6 mg)
肉桂 (6 mg)
附子 (6 mg)
半夏 (6 mg)
石斛 (6 mg)
萆薢 (6 mg)
鹿茸 (6 mg)
松脂 (20 mg)
樹脂 (180 mg)
薄荷腦 (20 mg)
冬綠油 (20 mg)
冰片 (10 mg)
氧化鋅 (60 mg)
二氧化鈦 (100 mg)
食用黃色色素 (10 mg)
麻油加至1g ( )",https://service.mohw.gov.tw/DOCMAP/CusSite/TCMLQueryForm.aspx
衛署成製字第012243號,“愛生”貼而爽藥膠布(萬應膏加減味去穿山甲),"Tie Erl Shoang Yaw Jiau Bu ""L.L.""",中藥外用貼布,False,藥膠布劑,成藥,active_in_official_export,"適應症:風濕遍身疼痛、筋骨痠痛、關節痛、扭傷、閃傷、行瘀活血。
效能:","處方:每公克中含有:
川烏 (30 mg)
草烏 (30 mg)
生地 (30 mg)
白蘞 (30 mg)
白及 (30 mg)
白芷 (30 mg)
大黃 (30 mg)
當歸 (30 mg)
赤芍 (30 mg)
羌活 (30 mg)
木鼈子 (30 mg)
烏藥 (30 mg)
甘草 (30 mg)
獨活 (30 mg)
苦參 (30 mg)
玄參 (30 mg)
柳枝 (30 mg)
肉桂 (30 mg)
川七 (20 mg)
丁香 (10 mg)
樹脂 (100 mg)
氧化鋅 (30 mg)
薄荷腦 (20 mg)
冬綠油 (5 mg)
食用藍色2號 (2 mg)
食用黃色4號 (4 mg)
麻油加至 (1 g)",https://service.mohw.gov.tw/DOCMAP/CusSite/TCMLQueryForm.aspx
衛署成製字第013957號,“順安”麥痠痛藥膠布(太乙膏加減味),,中藥外用貼布,False,藥膠布劑,成藥,active_in_official_export,"適應症:風濕痛、跌打撲傷、筋骨痠痛
效能:","處方:每公克中含有:
白芷 (13 mg)
當歸 (13 mg)
赤芍 (13 mg)
玄參 (13 mg)
肉桂 (13 mg)
大黃 (13 mg)
阿魏 (2 mg)
沒藥 (2 mg)
木鼈子 (13 mg)
生地黃 (13 mg)
柳枝 (27 mg)
獨活 (27 mg)
血餘 (7 mg)
乳香 (3 mg)
樹脂 (100 mg)
薄荷腦 (40 mg)
氧化鋅 (60 mg)
麻油加至 (1 g)",https://service.mohw.gov.tw/DOCMAP/CusSite/TCMLQueryForm.aspx
衛署成製字第014242號,〝順安〞痛痛消藥膠布,,中藥外用貼布,False,藥膠布劑,成藥,active_in_official_export,"適應症:風濕、腰痠背痛、肌肉痛。
效能:","處方:每公克中含有:
辣椒 (30 mg)
沙拉油 (150 mg)
白蠟 (160 mg)
氧化鋅 (30 mg)
樹脂 (600 mg)
蜂蠟 (30 mg)",https://service.mohw.gov.tw/DOCMAP/CusSite/TCMLQueryForm.aspx
衛署成製字第014354號,“大維”活寶舒痠痛藥膠布(萬應膏),huo bao shu suan tong plaster“T.W.”(wan ying gao),中藥外用貼布,False,藥膠布劑,成藥,active_in_official_export,"適應症:風濕、遍身痠痛、筋骨痠痛。
效能:","處方:每公克中含有:
川烏 (5.6 mg)
草烏 (5.6 mg)
生地黃 (5.6 mg)
白蘞 (5.6 mg)
白及 (5.6 mg)
官桂 (5.6 mg)
白芷 (5.6 mg)
當歸 (5.6 mg)
赤芍 (5.6 mg)
羌活 (5.6 mg)
苦參 (5.6 mg)
木鼈子 (5.6 mg)
澤蘭 (5.6 mg)
烏藥 (5.6 mg)
甘草 (5.6 mg)
獨活 (5.6 mg)
玄參 (5.6 mg)
大黃 (5.6 mg)
薄荷腦 (30 mg)
冰片 (10 mg)
冬綠油 (10 mg)
樹脂 (200 mg)
氧化鋅 (30 mg)
淨香油加至1g ( )",https://service.mohw.gov.tw/DOCMAP/CusSite/TCMLQueryForm.aspx
衛署成製字第014454號,“南美”麥痛藥膠布(太乙膏加減味),Mai Tong Plaster“N.M”(Tai Yi Kao Chia Chen Wei),中藥外用貼布,False,藥膠布劑,成藥,active_in_official_export,"適應症:風濕痛、筋骨痠痛、跌傷、打撲傷。
效能:","處方:每公克中含有:
白芷 (14 mg)
當歸 (14 mg)
赤芍 (14 mg)
玄參 (14 mg)
肉桂 (14 mg)
大黃 (14 mg)
木鼈子 (14 mg)
生地黃 (14 mg)
血餘 (7 mg)
乳香 (4 mg)
薄荷 (3 mg)
沒藥 (2 mg)
阿魏 (2 mg)
薄荷腦 (40 mg)
冬綠油 (5 mg)
冰片 (5 mg)
氧化鋅 (30 mg)
樹脂 (200 mg)
食用黃色4號 ( q.s.)
食用藍色2號 ( q.s.)
麻油加至1g ( )",https://service.mohw.gov.tw/DOCMAP/CusSite/TCMLQueryForm.aspx
衛署成製字第014462號,“輝陽”輝陽行血酸痛膏藥膠布(火龍膏加減味),Hui Yung Shyng Shiee Suan Tong Gau plaster〝H.Y〞(Huoo Long Gau Jia Jean Wey),中藥外用貼布,False,藥膠布劑,成藥,active_in_official_export,"適應症:行血、止痛、散瘀。
效能:","處方:每公克中含有:
生薑汁 (670 mg)
牛皮膠 (34 mg)
乳香 (42 mg)
沒藥 (42 mg)
薄荷腦 (35 mg)
冬綠油 (15 mg)
樟腦 (69 mg)
樹脂 (50 mg)
氧化鋅 (40 mg)
食用黃色4號 (1 mg)
食用藍色2號 (2 mg)",https://service.mohw.gov.tw/DOCMAP/CusSite/TCMLQueryForm.aspx
衛部成製字第014885A   號,“三帆”消傷痛漢方青草貼藥膠布(混元膏加減味),"Xiao Shang Tong Han Fan Qing Cao Tie Plaster ""S.F."" (Hun Yuan Gau Jia Jiaan Weih)",中藥外用貼布,False,藥膠布劑,成藥,active_in_official_export,"適應症:打撲損傷、消腫止痛。
效能:","處方:每公克中含有:
沒藥 (30 mg)
白及 (30 mg)
漏蘆 (30 mg)
紅花 (30 mg)
升麻 (30 mg)
白蘞 (30 mg)
大黃 (30 mg)
梔子 (30 mg)
甘草 (30 mg)
蘆薈 (40 mg)
青黛 (30 mg)
樹脂 (150 mg)
薄荷腦 (60 mg)
食用藍色二號 (4 mg)
食用黃色四號 (2 mg)
麻油加至1g ( )",https://service.mohw.gov.tw/DOCMAP/CusSite/TCMLQueryForm.aspx
衛署成製字第015395號,“南美”南美筋舒爽藥膠布(火龍膏加味去麝香),,中藥外用貼布,False,藥膠布劑,成藥,active_in_official_export,"適應症:風寒暑濕浸襲、筋孿骨痛。
效能:","處方:每公克中含有:
薑汁 (125 mg)
蔥汁 (125 mg)
牙皂 (13 mg)
川椒 (13 mg)
陳皮 (100 mg)
米醋 (90 mg)
乳香 (7 mg)
沒藥 (7 mg)
牛皮膠 (377 mg)
氧化鋅 (20 mg)
冬綠油 (5 mg)
樹脂 (55 mg)
薄荷腦 (40 mg)
冰片 (5 mg)
食用黃色4號 (8 mg)
食用藍色2號 (10 mg)",https://service.mohw.gov.tw/DOCMAP/CusSite/TCMLQueryForm.aspx
衛署成製字第015890號,“鬪雞”筋奇活血藥膠布(萬靈膏加減味去麝香),,中藥外用貼布,False,藥膠布劑,成藥,active_in_official_export,"適應症:消瘀、舒筋、活血、止痛、跌打損傷。
效能:","處方:每公克中含有:
骨碎補 (20 mg)
透骨草 (20 mg)
當歸 (20 mg)
紅花 (20 mg)
自然銅 (20 mg)
血竭 (20 mg)
沒藥 (20 mg)
川芎 (16 mg)
赤芍 (40 mg)
川牛膝 (10 mg)
鹿茸 (6 mg)
五加皮 (10 mg)
石菖蒲 (10 mg)
蒼朮 (10 mg)
木香 (6 mg)
秦艽 (6 mg)
蛇床子 (6 mg)
肉桂 (6 mg)
附子 (6 mg)
半夏 (6 mg)
石斛 (6 mg)
萆薢 (6 mg)
樹脂 (370 mg)
薄荷腦 (20 mg)
冬綠油 (20 mg)
冰片 (10 mg)
氧化鋅 (30 mg)
食用黃色四號 (1 mg)
食用藍色二號 (1 mg)
麻油加至1g ( )",https://service.mohw.gov.tw/DOCMAP/CusSite/TCMLQueryForm.aspx
衛部成製字第016588號,“得生”滅痛水性藥膠布(金絲萬應膏加減味),"Mieh Tong Hydrogel Plaster ""T.S."" (Chin Szu Wan Ying Kao Chia Chien Wei)",中藥外用貼布,False,藥膠布劑,成藥,active_in_official_export,"適應症:跌撲損傷、寒濕及手足肩背疼痛之敷貼。
效能:","處方:每公克中含有:
威靈仙 (30.0 mg)
木鼈子 (15.0 mg)
蓖麻子 (50.0 mg)
沒藥 (20.0 mg)
乳香 (20.0 mg)
田七(川七) (30.0 mg)
柳枝 (5.0 mg)
薄荷腦 (15.0 mg)
冬綠油 (7.0 mg)
黃色401號 (0.3 mg)
酒精 (175.0 mg)
水性基劑加至1g ( )",https://service.mohw.gov.tw/DOCMAP/CusSite/TCMLQueryForm.aspx
衛部成製字第016711號,“精良”海健堂腰頸椎骨刺鎮痛貼,“JING LIANG”HAI JIAN TANG YAO JING ZHUI GU CI ZHEN TONG PATCH,中藥外用貼布,False,藥膠布劑,成藥,active_in_official_export,"適應症:跌撲損傷、手足肩背及寒濕、腳氣疼痛之敷貼。
效能:","處方:每公克中含有:
當歸尾 (10 mg)
白芷 (10 mg)
杏仁 (10 mg)
玄參 (10 mg)
豬牙皂角 (10 mg)
草烏 (10 mg)
白膠香 (200 mg)
連鬚葉蔥 (31 mg)
松脂 (200 mg)
乳香 (17 mg)
沒藥 (17 mg)
黃臘 (31 mg)
薄荷腦 (11 mg)
樹脂 (100 mg)
氧化鋅 (30 mg)
冬綠油 (5 mg)
梅片 (10 mg)
食用黃色4號 ( q.s.)
食用藍色1號 ( q.s.)
麻油加至 (1 g)",https://service.mohw.gov.tw/DOCMAP/CusSite/TCMLQueryForm.aspx
衛部成製字第016921號,“溫灸通”溫筋通絡草本藥膠布(萬應膏加減味),"Uen Jin Tong Luoh Herbal Plaster ""AcuThermo"" (Wann Ing Gau Jia Jean Wey)",中藥外用貼布,False,藥膠布劑,成藥,active_in_official_export,"適應症:關節痛、扭傷、閃傷、活血、行瘀。
效能:","處方:每公克中含有:
川烏 (5.6 mg)
草烏 (5.6 mg)
生地黃 (5.6 mg)
白蘞 (5.6 mg)
白及 (5.6 mg)
官桂 (5.6 mg)
白芷 (5.6 mg)
當歸 (5.6 mg)
赤芍 (5.6 mg)
羌活 (5.6 mg)
苦參 (5.6 mg)
木鼈子 (5.6 mg)
烏藥 (5.6 mg)
甘草 (5.6 mg)
獨活 (5.6 mg)
玄參 (5.6 mg)
大黃 (5.6 mg)
橡膠 (300 mg)
樹脂 (200 mg)
氧化鋅 (30 mg)
冰片 (10 mg)
麻油加至1g ( )",https://service.mohw.gov.tw/DOCMAP/CusSite/TCMLQueryForm.aspx
衛部成製字第017057號,“順安”順安金絲跌打膏藥膠布(金絲萬應膏加減味),,中藥外用貼布,False,藥膠布劑,成藥,active_in_official_export,"適應症:跌撲損傷、手足肩背及寒濕疼痛之敷貼。
效能:","處方:每公克中含有: 
威靈仙 (30 mg)
木鼈子 (15 mg)
蓖麻子 (50 mg)
乳香 (20 mg)
沒藥 (20 mg)
樹脂 (200 mg)
黃蠟 (30 mg)
薄荷腦 (50 mg)
冬綠油 (10 mg)
氧化鋅 (40 mg)
活性碳 (35 mg)
麻油加至1g ( )",https://service.mohw.gov.tw/DOCMAP/CusSite/TCMLQueryForm.aspx
衛署成製字第008650號,“南美”消腫止痛膏藥膠布(金絲膏加減味),"Shiau Joong Jyy Tong Gau Plaster ""N.M."" (Jin Si Gao Jia Jian Wei)",中藥外用貼布,False,藥膠布劑,成藥,active_in_official_export,"適應症:跌打損傷、手足肩背及寒濕、腳氣疼痛之敷貼。
效能:","處方:每公克中含有:
當歸尾 (11 mg)
白芷 (11 mg)
杏仁 (11 mg)
玄參 (11 mg)
豬牙皂角 (11 mg)
草烏 (11 mg)
白膠香 (250 mg)
連鬚葉蔥 (30 mg)
牛皮膠 (40 mg)
樹脂 (200 mg)
乳香 (19 mg)
沒藥 (19 mg)
薄荷腦 (20 mg)
冬綠油 (5 mg)
冰片 (20 mg)
氧化鋅 (30 mg)
食用藍色2號 ( q.s.)
食用黃色4號 ( q.s.)
麻油加至1g ( )",https://service.mohw.gov.tw/DOCMAP/CusSite/TCMLQueryForm.aspx
衛署成製字第010115號,“得生”萬痛舒佈藥膠布(加味太乙膏加減味),"Wann Tong Shu Buh Plaster ""T.S."" (Chia Wei Tai Yi Kao Chia Chien Wei)",中藥外用貼布,False,藥膠布劑,成藥,active_in_official_export,"適應症:風濕痛、筋骨痠痛、跌傷、撲傷。
效能:","處方:每公克中含有:
白芷 (14 mg)
當歸 (14 mg)
赤芍 (14 mg)
玄參 (14 mg)
肉桂 (14 mg)
大黃 (14 mg)
木鼈子 (14 mg)
生地黃 (14 mg)
血餘 (7 mg)
乳香 (4 mg)
薄荷腦 (15 mg)
阿魏 (2 mg)
沒藥 (2 mg)
氧化鋅 (30 mg)
橡膠 (400 mg)
樹脂 (250 mg)
冬綠油 (30 mg)
麻油加至1g ( )",https://service.mohw.gov.tw/DOCMAP/CusSite/TCMLQueryForm.aspx
衛署成製字第011724號,“阿桐伯貼得好”涼感痠痛藥膠布,Cool Balm“A.T.B.”,中藥外用貼布,False,藥膠布劑,成藥,active_in_official_export,"適應症:風濕遍身痠痛、筋骨痠痛。
效能:","處方:每公克中含有:
川烏 (30 mg)
草烏 (30 mg)
生地黃 (30 mg)
白蘞 (30 mg)
白及 (30 mg)
官桂 (30 mg)
白芷 (30 mg)
當歸 (30 mg)
赤芍 (30 mg)
羌活 (30 mg)
苦參 (30 mg)
木鼈子 (30 mg)
烏藥 (30 mg)
甘草 (30 mg)
獨活 (30 mg)
玄參 (30 mg)
大黃 (30 mg)
柳枝 (30 mg)
橡膠 (60 mg)
樹脂 (100 mg)
冬綠油 (5 mg)
薄荷腦 (30 mg)
氧化鋅 (30 mg)
食用藍色二號 ( q.s.)
食用黃色四號 ( q.s.)
麻油加至1g ( )",https://service.mohw.gov.tw/DOCMAP/CusSite/TCMLQueryForm.aspx
衛署成製字第011906號,“愛生”透骨鎮痛膏藥膠布(萬應膏加減味去穿山甲),"Tow Gu Jen Ton Gau Yaw Jiau Bu ""L.L."" (Wann Ing Gau Jia Jean Wey Chiuh Chuan Shan Jea)",中藥外用貼布,False,藥膠布劑,成藥,active_in_official_export,"適應症:風濕遍身痠痛、筋骨痠痛。
效能:","處方:每公克中含有: 
川烏 (5.6 mg)
草烏 (5.6 mg)
生地黃 (5.6 mg)
白蘞 (5.6 mg)
白及 (5.6 mg)
白芷 (5.6 mg)
當歸 (5.6 mg)
赤芍 (5.6 mg)
羌活 (5.6 mg)
木鼈子 (5.6 mg)
苦參 (5.6 mg)
肉桂 (5.6 mg)
烏藥 (5.6 mg)
甘草 (5.6 mg)
獨活 (5.6 mg)
玄參 (5.6 mg)
大黃 (5.6 mg)
樹脂 (180.0 mg)
冬綠油 (30.0 mg)
薄荷腦 (30.0 mg)
氧化鋅 (50.0 mg)
玫瑰香料 (2.0 mg)
淨香油加至1g ( )",https://service.mohw.gov.tw/DOCMAP/CusSite/TCMLQueryForm.aspx
衛署成製字第012120號,“領先”辣椒膏藥膠布,LA CHIAO KAO YAO CHIAO PU “LING SIAN”,中藥外用貼布,False,藥膠布劑,成藥,active_in_official_export,"適應症:風濕痛、腰痠背痛、肌肉痛。
效能:","處方:每公克中含有:
辣椒 (30 mg)
樹脂 (600 mg)
氧化鋅 (30 mg)
白腊 (160 mg)
沙拉油 (150 mg)
蜂臘 (30 mg)",https://service.mohw.gov.tw/DOCMAP/CusSite/TCMLQueryForm.aspx
衛署成製字第013895號,“立康生物科技”驅傷絡痛膏藥膠布(金絲萬應膏加減味),"CHU SHANG LO TUNG KAO PLASTER ""LI KANG BIOTECHNICAL"" (CHIN SZU WAN YING KAO CHIA CHIEN WEI)",中藥外用貼布,False,藥膠布劑,成藥,active_in_official_export,"適應症:跌撲損傷、手足肩背及寒濕疼痛之敷貼。
效能:","處方:每公克中含有:
威靈仙 (30 mg)
木鼈子 (15 mg)
蓖麻子 (50 mg)
沒藥 (20 mg)
乳香 (20 mg)
川七 (30 mg)
黃蠟 (30 mg)
樹脂 (500 mg)
氧化鋅 (40 mg)
薄荷腦 (30 mg)
冬綠油 (10 mg)
食用藍色二號 ( q.s.)
食用黃色四號 ( q.s.)
麻油加至 (1 g)",https://service.mohw.gov.tw/DOCMAP/CusSite/TCMLQueryForm.aspx
衛署成製字第014361號,〝正光佳味〞勁絲膏元氣藥膠布(混元膏加減味去麝香),〝C.K〞JIA WEY CHIN’S KAO ENCH PLASTER(HUN YUAN KAO JIA JIAN WEY QU SHE XIANG),中藥外用貼布,False,藥膠布劑,成藥,active_in_official_export,"適應症:打撲損傷、消腫止痛。
效能:","處方:每公克中含有:
沒藥 (30 mg)
白及 (30 mg)
漏蘆 (30 mg)
紅花 (30 mg)
升麻 (30 mg)
白蘞 (30 mg)
大黃 (30 mg)
生梔子 (30 mg)
甘草 (30 mg)
蘆薈 (40 mg)
青黛 (30 mg)
樹脂 (410 mg)
薄荷腦 (40 mg)
氧化鋅 (30 mg)
冬綠油 (5 mg)
冰片 (5 mg)
食用黃色四號鋁麗基 (0.9 mg)
食用紅色七號鋁麗基 (0.6 mg)
食用藍色一號鋁麗基 (0.3 mg)
麻油加至1g ( )",https://service.mohw.gov.tw/DOCMAP/CusSite/TCMLQueryForm.aspx
衛署成製字第014372號,“順安”動立鎮痛貼藥膠布(萬應膏加減味),,中藥外用貼布,False,藥膠布劑,成藥,active_in_official_export,"適應症:風濕遍身疼痛、筋骨痠痛、關節痛、扭傷、閃傷、行瘀活血。
效能:","處方:每公克中含有:
木鼈子 (30 mg)
烏藥 (30 mg)
甘草 (30 mg)
獨活 (30 mg)
苦參 (30 mg)
玄參 (30 mg)
柳枝 (30 mg)
肉桂 (30 mg)
薄荷腦 (20 mg)
樹脂 (100 mg)
氧化鋅 (30 mg)
羌活 (30 mg)
冬綠油 (10 mg)
川七 (20 mg)
丁香 (10 mg)
川烏 (30 mg)
草烏 (30 mg)
生地黃 (30 mg)
白蘞 (30 mg)
白及 (30 mg)
白芷 (30 mg)
當歸 (30 mg)
赤芍 (30 mg)
大黃 (30 mg)
食用藍色二號 (1 mg)
食用黃色四號 (2 mg)
麻油加至1g ( )",https://service.mohw.gov.tw/DOCMAP/CusSite/TCMLQueryForm.aspx
衛署成製字第014483號,“正光”勁絲膏藥膠布(金絲萬應膏加味),“CHENG KUANG”CHIN SU KAO PLASTER(Chin Su Wan Ying Kao Jia Wey),中藥外用貼布,False,藥膠布劑,成藥,active_in_official_export,"適應症:跌撲損傷、手足肩背及寒濕、疼痛之敷貼。
效能:","處方:每公克中含有:
松脂 (490.5 mg)
威靈仙 (37.5 mg)
黃蠟 (37.5 mg)
木鼈子 (12.0 mg)
蓖麻子 (60.0 mg)
乳香 (18.75 mg)
沒藥 (18.75 mg)
樹脂 (150.0 mg)
氧化鋅 (30.0 mg)
冬綠油 (3.0 mg)
冰片 (2.0 mg)
薄荷腦 (45.0 mg)
凡士林 (10.0 mg)
麻油加至1g ( )",https://service.mohw.gov.tw/DOCMAP/CusSite/TCMLQueryForm.aspx
衛署成製字第014618號,“順安”舒服貼辣椒藥膠布(太乙膏加味),“S.A.”Shu Fu Tie La Jiao Yao Jiau Bu(Tai Yi Gao Jia Wei),中藥外用貼布,False,藥膠布劑,成藥,active_in_official_export,"適應症:風濕痛、筋骨痠痛、關節痛、腰痠背痛。
效能:","處方:每公克中含有:
白芷 (50.0 mg)
辣椒 (12.5 mg)
當歸 (50.0 mg)
赤芍 (50.0 mg)
玄參 (50.0 mg)
柳枝 (25.0 mg)
槐枝 (25.0 mg)
肉桂 (50.0 mg)
沒藥 (7.5 mg)
大黃 (50.0 mg)
木鼈子 (50.0 mg)
生地黃 (50.0 mg)
阿魏 (7.5 mg)
乳香 (12.5 mg)
血餘 (25.0 mg)
川烏 (25.0 mg)
草烏 (25.0 mg)
松香 (25.0 mg)
薄荷腦 (50.0 mg)
樹脂 (260.0 mg)
氧化鋅 (30.0 mg)
食用紅色色素六號 ( q.s.)
麻油加至1g ( )",https://service.mohw.gov.tw/DOCMAP/CusSite/TCMLQueryForm.aspx
衛署成製字第014622號,“輝陽”金免痛藥膠布(金絲膏加減味),Jin Meam Tong Plaster“H.Y”(Jin Sy Gau Jia Jean Wey),中藥外用貼布,False,藥膠布劑,成藥,active_in_official_export,"適應症:跌撲損傷、手足肩背及寒濕、腳氣疼痛之敷貼。
效能:","處方:每公克中含有:
當歸尾 (11 mg)
白芷 (11 mg)
杏仁 (11 mg)
玄參 (11 mg)
豬牙皂角 (11 mg)
草烏 (11 mg)
連鬚葉蔥 (30 mg)
乳香 (19 mg)
沒藥 (19 mg)
白膠香 (250 mg)
冰片 (25 mg)
薄荷腦 (20 mg)
冬綠油 (5 mg)
樹脂 (300 mg)
氧化鋅 (30 mg)
食用紅色6號 ( q.s.)
食用藍色2號 ( q.s.)
麻油加至1g ( )",https://service.mohw.gov.tw/DOCMAP/CusSite/TCMLQueryForm.aspx
衛署成製字第014835號,“三友”三友通血透骨膏藥膠布(萬靈膏加減味去麝香),"""S.Y."" S.Y. Tung Hsieh Tou Ku Balm Yao Jiao Bu (Wan Ling Kao Chia Chien Wei Chu Moschus)",中藥外用貼布,False,藥膠布劑,成藥,active_in_official_export,"適應症:消瘀、舒筋、活血、止痛、治跌打損傷。
效能:","處方:每公克中含有:
骨碎補 (20 mg)
當歸 (20 mg)
紅花 (20 mg)
自然銅 (20 mg)
瓜兒血竭 (20 mg)
乳香 (20 mg)
沒藥 (20 mg)
川芎 (16 mg)
赤芍 (40 mg)
川牛膝 (10 mg)
五加皮 (10 mg)
蒼朮 (10 mg)
木香 (6 mg)
秦艽 (6 mg)
蛇床子 (6 mg)
肉桂 (6 mg)
附子 (6 mg)
半夏 (6 mg)
石斛 (6 mg)
萆薢 (6 mg)
鹿茸 (6 mg)
石菖蒲 (10 mg)
松香 (20 mg)
樹脂 (200 mg)
氧化鋅 (60 mg)
冬綠油 (20 mg)
薄荷腦 (60 mg)
食用藍色二號 ( q.s.)
食用黃色四號 ( q.s.)
食用黃色五號 ( q.s.)
食用紅色六號 ( q.s.)
麻油加至1g ( )",https://service.mohw.gov.tw/DOCMAP/CusSite/TCMLQueryForm.aspx
衛署成製字第014939號,“護民”可平痛藥膠布(金絲萬應膏加味),Kee Pyng Tong Plaster“H.M.”(Jin Sy Wann Ing Gau Jia Wey),中藥外用貼布,False,藥膠布劑,成藥,active_in_official_export,"適應症:跌撲損傷、手足肩背及寒濕、疼痛之敷貼。
效能:","處方:每公克中含有:
松脂 (390.5 mg)
威靈仙 (37.5 mg)
黃蠟 (37.5 mg)
木鼈子 (12.0 mg)
蓖麻子油 (60.0 mg)
乳香 (18.75 mg)
沒藥 (18.75 mg)
薄荷腦 (50.0 mg)
樹脂 (280.0 mg)
氧化鋅 (30.0 mg)
冬綠油 (5.0 mg)
食用黃色色素四號 (15 mg)
鹽酸二苯胺明 (5.0 mg)
二丁基羥基甲苯 (3.0 mg)
麻油加至1g ( )",https://service.mohw.gov.tw/DOCMAP/CusSite/TCMLQueryForm.aspx
衛署成製字第015421號,“阿桐伯”辣椒膏藥膠布,CAPSICUM PLASTER“A.T.B.”,中藥外用貼布,False,藥膠布劑,成藥,active_in_official_export,"適應症:風濕痛、腰痠背痛、肌肉痛。
效能:","處方:每公克中含有:
辣椒 (30 mg)
沙拉油 (147 mg)
白蠟 (160 mg)
氧化鋅 (30 mg)
蜂蠟 (30 mg)
樹脂 (600 mg)
二丁基羥基甲苯 (3 mg)
紅色三號鋁麗基 ( q.s.)",https://service.mohw.gov.tw/DOCMAP/CusSite/TCMLQueryForm.aspx
衛署成製字第015652號,“泰豐堂”泰豐堂祛風濕痠痛藥膠布(太乙膏加減味),,中藥外用貼布,False,藥膠布劑,成藥,active_in_official_export,"適應症:風濕痛、筋骨酸痛、跌傷、打撲傷。
效能:","處方:每公克中含有:
白芷 (13 mg)
當歸 (13 mg)
赤芍 (13 mg)
玄參 (13 mg)
肉桂 (13 mg)
大黃 (13 mg)
木鼈子 (13 mg)
生地黃 (13 mg)
柳枝 (27 mg)
獨活 (27 mg)
血餘 (7 mg)
阿魏 (2 mg)
乳香 (3 mg)
沒藥 (2 mg)
薄荷腦 (30 mg)
冬綠油 (20 mg)
樹脂 (467 mg)
氧化鋅 (30 mg)
麻油加至1g ( )",https://service.mohw.gov.tw/DOCMAP/CusSite/TCMLQueryForm.aspx
衛署成製字第015796號,"""科林頓""科林頓痠痛膏(太乙膏加減味)",,中藥外用貼布,False,藥膠布劑,成藥,active_in_official_export,"適應症:風濕痛、筋骨痠痛、跌傷、打撲傷。
效能:","處方:每公克中含有:
白芷 (14 mg)
當歸 (14 mg)
赤芍 (14 mg)
玄參 (14 mg)
肉桂 (14 mg)
大黃 (14 mg)
木鼈子 (14 mg)
生地黃 (14 mg)
血餘 (7 mg)
乳香 (4 mg)
薄荷 (3 mg)
沒藥 (2 mg)
阿魏 (2 mg)
樹脂 (200 mg)
氧化鋅 (30 mg)
薄荷腦 (40 mg)
冰片 (5 mg)
冬綠油 (5 mg)
抗氧化劑(BHT) (1 mg)
食用黃色4號 (0.5 mg)
麻油加至1g ( )",https://service.mohw.gov.tw/DOCMAP/CusSite/TCMLQueryForm.aspx
衛部成製字第016435號,一條根酸痛貼布,,中藥外用貼布,False,藥膠布劑,成藥,active_in_official_export,"適應症:打撲損傷、瘀血凝聚、青紫腫痛、風濕遍身痠痛、筋骨痠痛、關節痛、扭傷、閃傷、行瘀活血。
效能:","處方:每公克中含有:
一條根 (30 mg)
沒藥 (30 mg)
白及 (30 mg)
漏蘆 (30 mg)
紅花 (30 mg)
升麻 (30 mg)
白蘞 (30 mg)
大黃 (30 mg)
生梔子 (30 mg)
甘草 (30 mg)
蘆薈 (40 mg)
青黛 (30 mg)
麝香酮 (5 mg)
冰片 (20 mg)
薄荷腦 (50 mg)
冬綠油 (5 mg)
氧化鋅 (30 mg)
樹脂 (200 mg)
食用紅色6號 (1 mg)
麻油加至1g ( )",https://service.mohw.gov.tw/DOCMAP/CusSite/TCMLQueryForm.aspx
衛部成製字第016447號,“順安”萬應膏藥膠布(萬應膏加減味去穿山甲),,中藥外用貼布,False,藥膠布劑,成藥,active_in_official_export,"適應症:風濕、遍身痠痛、筋骨痠痛。
效能:","處方:每公克中含有:
川烏 (5.6 mg)
草烏 (5.6 mg)
生地黃 (5.6 mg)
白蘞 (5.6 mg)
白及 (5.6 mg)
官桂 (5.6 mg)
白芷 (5.6 mg)
當歸 (5.6 mg)
赤芍 (5.6 mg)
羌活 (5.6 mg)
苦參 (5.6 mg)
木鼈子 (5.6 mg)
烏藥 (5.6 mg)
甘草 (5.6 mg)
獨活 (5.6 mg)
玄參 (5.6 mg)
薄荷 (5.6 mg)
大黃 (5.6 mg)
薄荷腦 (39.0 mg)
樹脂 (350.0 mg)
氧化鋅 (40.0 mg)
冬綠油 (10.0 mg)
食用黃色4號 (2 mg)
食用藍色2號 (1 mg)
淨香油加至1.0g ( )",https://service.mohw.gov.tw/DOCMAP/CusSite/TCMLQueryForm.aspx
衛署成製字第004471號,“漁人“金絲膏藥膠布,"Jin Si Gao Plaster ""F.M.""",中藥外用貼布,False,藥膠布劑,成藥,active_in_official_export,"適應症:跌打損傷、手足肩背及寒濕、腳氣疼痛之敷貼。
效能:","處方:每公克中含有:
當歸尾 (10.45 mg)
白芷 (10.45 mg)
杏仁 (10.45 mg)
玄參 (10.45 mg)
豬牙皂角 (10.45 mg)
草烏 (10.45 mg)
白膠香 (248.00 mg)
連鬚葉蔥 (31.37 mg)
松脂 (248.00 mg)
乳香 (17.42 mg)
沒藥 (17.42 mg)
薄荷 (96.09 mg)
黃蠟 (31.00 mg)
冰片 (10.00 mg)
薄荷腦 (10.00 mg)
冬綠油 (10.00 mg)
藍色色素1號 (1.00 mg)
紅色色素6號 (10.00 mg)
鹽酸二苯安明 (5.00 mg)
二丁基羥基甲苯 (3.00 mg)
清油加至1g ( )",https://service.mohw.gov.tw/DOCMAP/CusSite/TCMLQueryForm.aspx
衛署成製字第005563號,“吉立”萬金膏,Manking Plaster“Jilly”,中藥外用貼布,False,藥膠布劑,成藥,active_in_official_export,"適應症:癰疽發背、瘡癤、打撲損傷之敷貼。
效能:","處方:每公克中含有:
龍骨 (10 mg)
鼈甲 (10 mg)
苦參 (10 mg)
烏賊骨 (10 mg)
黃柏 (10 mg)
黃芩 (10 mg)
黃連 (10 mg)
皂莢 (10 mg)
白及 (10 mg)
白蘞 (10 mg)
厚朴 (10 mg)
木鼈子 (10 mg)
草烏 (10 mg)
當歸 (10 mg)
川芎 (10 mg)
白芷 (10 mg)
沒藥 (10 mg)
乳香 (10 mg)
黃丹 (160 mg)
槐枝 (10 mg)
柳枝 (10 mg)
薄荷腦 (20 mg)
冰片 (10 mg)
冬綠油 (20 mg)
氧化鋅 (20 mg)
活性碳 (20 mg)
二丁基羥基甲苯 (3 mg)
鹽酸二苯安明 (5 mg)
麻油加至 (1 g)",https://service.mohw.gov.tw/DOCMAP/CusSite/TCMLQueryForm.aspx
衛署成製字第005943號,“南美”萬金膏藥膠布,,中藥外用貼布,False,藥膠布劑,成藥,active_in_official_export,"適應症:癰疽發背、瘡癤、打撲損傷之敷貼。
效能:","處方:每公克中含有: 
龍骨 (10 mg)
鼈甲 (10 mg)
苦參 (10 mg)
烏賊骨 (10 mg)
黃柏 (10 mg)
黃芩 (10 mg)
黃連 (10 mg)
皂角 (10 mg)
白及 (10 mg)
白蘝 (10 mg)
厚朴 (10 mg)
木鼈子 (10 mg)
草烏 (10 mg)
川芎 (10 mg)
當歸 (10 mg)
白芷 (10 mg)
沒藥 (10 mg)
乳香 (10 mg)
槐枝 (10 mg)
柳枝 (10 mg)
薄荷腦 (15 mg)
冬青油 (10 mg)
冰片 (15 mg)
樹脂 (100 mg)
氧化鋅 (10 mg)
食用藍色2號 ( q.s.)
食用黃色4號 ( q.s.)
麻油加至1g ( )",https://service.mohw.gov.tw/DOCMAP/CusSite/TCMLQueryForm.aspx
衛署成製字第006988號,“天明”萬紫金膏藥膠布(太乙膏加減味),,中藥外用貼布,False,藥膠布劑,成藥,active_in_official_export,"適應症:打撲傷、風濕痛、跌傷、筋骨痠痛。
效能:","處方:每公克中含有:
白芷 (13 mg)
當歸 (13 mg)
赤芍藥 (13 mg)
元參 (13 mg)
肉桂 (13 mg)
大黃 (13 mg)
阿魏 (2 mg)
沒藥 (2 mg)
木鼈子 (13 mg)
生地黃 (13 mg)
柳枝 (27 mg)
獨活 (27 mg)
血餘 (7 mg)
乳香 (3 mg)
樹脂 (100 mg)
梅片 (20 mg)
薄荷腦 (20 mg)
冬綠油 (10 mg)
麻油加至 (1 g)",https://service.mohw.gov.tw/DOCMAP/CusSite/TCMLQueryForm.aspx
衛署成製字第007144號,“得生”樂貼舒痛膏(火龍膏加味去麝香),"Le Tieh Suh Tong Kao ""T.S.""",中藥外用貼布,False,藥膠布劑,成藥,active_in_official_export,"適應症:風寒暑濕侵襲、筋攣骨痛。
效能:","處方:每公克中含有:
薑汁 (125 mg)
蔥汁 (125 mg)
豬牙皂 (13 mg)
花椒 (13 mg)
陳皮 (100 mg)
米醋 (90 mg)
乳香 (7 mg)
沒藥 (7 mg)
牛皮膠 (375 mg)
氧化鋅 (38 mg)
冬綠油 (5 mg)
樹脂 (52 mg)
薄荷腦 (50 mg)",https://service.mohw.gov.tw/DOCMAP/CusSite/TCMLQueryForm.aspx
衛署成製字第009962號,蛇標辣椒風濕膏藥,Snake Porous Capsicum plaster,中藥外用貼布,False,藥膠布劑,成藥,active_in_official_export,"適應症:風濕痛、腰痠背痛、肌肉痛。
效能:","處方:每公克中含有: 
辣椒 (30 mg)
天然樹脂 (600 mg)
氧化鋅 (30 mg)
白蠟 (160 mg)
沙拉油 (150 mg)
蜂蠟 (30 mg)",https://service.mohw.gov.tw/DOCMAP/CusSite/TCMLQueryForm.aspx
衛署成製字第010973號,“生春”能量活血膏藥膠布,"Neng Liang Huo Hsueh Kao ""SHENG CHUN""",中藥外用貼布,False,藥膠布劑,成藥,active_in_official_export,"適應症:跌撲損傷、手足肩背及寒濕疼痛之敷貼。
效能:","處方:每公克中含有: 
威靈仙 (30 mg)
黃蠟 (30 mg)
木鼈子 (15 mg)
蓖麻子 (50 mg)
沒藥 (20 mg)
乳香 (20 mg)
薄荷腦 (40 mg)
樹脂 (200 mg)
氧化鋅 (50 mg)
冬綠油 (10 mg)
食用黃色4號 ( q.s.)
食用藍色2號 ( q.s.)
麻油加至1g ( )",https://service.mohw.gov.tw/DOCMAP/CusSite/TCMLQueryForm.aspx
衛署成製字第011895號,“愛生”勇力膏藥膠布(萬應膏加減味),"Yeong Li Gau Yaw Jiau Bu ""L.L.""",中藥外用貼布,False,藥膠布劑,成藥,active_in_official_export,"適應症:風濕遍身痠痛、筋骨痠痛。
效能:","處方:每公克中含有: 
川烏 (30 mg)
草烏 (30 mg)
生地黃 (30 mg)
白蘞 (30 mg)
白及 (30 mg)
肉桂 (30 mg)
白芷 (30 mg)
大黃 (30 mg)
當歸 (30 mg)
赤芍 (30 mg)
羌活 (30 mg)
苦參 (30 mg)
木鼈子 (30 mg)
烏藥 (30 mg)
甘草 (30 mg)
獨活 (30 mg)
玄參 (30 mg)
柳枝 (30 mg)
松香 (20 mg)
樹脂 (100 mg)
薄荷腦 (20 mg)
氧化鋅 (30 mg)
梅片 (20 mg)
冬綠油 (5 mg)
食用黃色4號 ( q.s.)
食用藍色2號 ( q.s.)
麻油加至1g ( )",https://service.mohw.gov.tw/DOCMAP/CusSite/TCMLQueryForm.aspx
衛署成製字第011896號,“愛生”貼酸痛藥膠布(太乙膏加減味),"Tie Suan Tan Yaw Jiau Bu ""L.L.""",中藥外用貼布,False,藥膠布劑,成藥,active_in_official_export,"適應症:跌打損傷、風濕遍身痠痛、筋骨痠痛、關節痛。
效能:","處方:每公克中含有: 
白芷 (14 mg)
當歸 (14 mg)
赤芍 (14 mg)
玄參 (14 mg)
肉桂 (14 mg)
大黃 (14 mg)
阿魏 (2 mg)
沒藥 (2 mg)
乳香 (4 mg)
木鼈子 (14 mg)
生地黃 (14 mg)
血餘 (7 mg)
樹脂 (200 mg)
牛皮膠 (40 mg)
薄荷腦 (50 mg)
氧化鋅 (30 mg)
冬綠油 (15 mg)
玫瑰香料 (2 mg)
淨香油加至1g ( )",https://service.mohw.gov.tw/DOCMAP/CusSite/TCMLQueryForm.aspx
衛署成製字第011917號,”三帆”活絡消痛膏藥膠布(金絲萬應膏加減味),"Huo Luo Shiau Tonq Balm ""S.F.""",中藥外用貼布,False,藥膠布劑,成藥,active_in_official_export,"適應症:跌撲損傷、手足肩背及寒濕疼痛之敷貼。
效能:","處方:每公克中含有:
威靈仙 (30 mg)
黃蠟 (30 mg)
木鼈子 (15 mg)
蓖麻子 (50 mg)
乳香 (20 mg)
沒藥 (20 mg)
樹脂 (200 mg)
薄荷腦 (50 mg)
氧化鋅 (40 mg)
冬綠油 (10 mg)
食用黃色4號 ( q.s.)
食用藍用2號 ( q.s.)
麻油加至全量 (1000 mg)",https://service.mohw.gov.tw/DOCMAP/CusSite/TCMLQueryForm.aspx
衛署成製字第014602號,“泰豐堂”天然神貼藥膠布(萬應膏加減味),Tian Ran Shero Tie Yaw Jiau Bu〝T.F.T.〞(Wann Ying Gau Jia Jean Wey),中藥外用貼布,False,藥膠布劑,成藥,active_in_official_export,"適應症:風濕遍身痠痛、筋骨痠痛。
效能:","處方:每公克中含有:
川烏 (30 mg)
草烏 (30 mg)
生地黃 (30 mg)
白蘞 (30 mg)
白及 (30 mg)
官桂 (30 mg)
白芷 (30 mg)
當歸 (30 mg)
赤芍 (30 mg)
羌活 (30 mg)
苦參 (30 mg)
木鼈子 (30 mg)
烏藥 (30 mg)
甘草 (30 mg)
獨活 (30 mg)
玄參 (30 mg)
大黃 (30 mg)
柳枝 (30 mg)
橡膠 (60 mg)
樹脂 (100 mg)
氧化鋅 (30 mg)
薄荷腦 (30 mg)
冬綠油 (5 mg)
食用藍色2號 ( q.s.)
食用黃色4號 ( q.s.)
麻油加至1g ( )",https://service.mohw.gov.tw/DOCMAP/CusSite/TCMLQueryForm.aspx
衛署成製字第015630號,“得生”得生滅痛膏藥膠布(金絲萬應膏加減味),"Teh Seng Mieh Tong Kao Plaster ""T.S."" (Chin Szu Wan Ying Kao Chia Chien Wei)",中藥外用貼布,False,藥膠布劑,成藥,active_in_official_export,"適應症:跌打損傷、手足肩背寒濕疼痛之敷貼。
效能:","處方:每公克中含有:
威靈仙 (30 mg)
黃蠟 (30 mg)
木鼈子 (15 mg)
蓖麻子 (50 mg)
沒藥 (20 mg)
乳香 (20 mg)
薄荷腦 (50 mg)
松脂 (200 mg)
氧化鋅 (40 mg)
冬綠油 (10 mg)
食用藍色2號 ( q.s.)
食用黃色4號 ( q.s.)
麻油加至1g ( )",https://service.mohw.gov.tw/DOCMAP/CusSite/TCMLQueryForm.aspx
衛署成製字第015633號,優立貼寧藥膠布,YOU LI TIE NING PLASTER,中藥外用貼布,False,藥膠布劑,成藥,active_in_official_export,"適應症:風濕、遍身痠痛、筋骨痠痛。
效能:","處方:每公克中含有:
川烏 (5.6 mg)
草烏 (5.6 mg)
生地黃 (5.6 mg)
白蘞 (5.6 mg)
白及 (5.6 mg)
官桂 (5.6 mg)
白芷 (5.6 mg)
當歸 (5.6 mg)
赤芍 (5.6 mg)
羌活 (5.6 mg)
苦參 (5.6 mg)
木鼈子 (5.6 mg)
澤蘭 (5.6 mg)
烏藥 (5.6 mg)
甘草 (5.6 mg)
獨活 (5.6 mg)
玄參 (5.6 mg)
大黃 (5.6 mg)
薄荷腦 (30.0 mg)
冰片 (10.0 mg)
冬綠油 (10.0 mg)
樹脂 (200.0 mg)
氧化鋅 (30.0 mg)
羊毛脂 (4.5 mg)
凡士林 (8.75 mg)
食用黃色4號 ( q.s.)
食用藍色2號 ( q.s.)
二丁基羥基甲苯 (3.0 q.s.)
淨香油加至1g ( )",https://service.mohw.gov.tw/DOCMAP/CusSite/TCMLQueryForm.aspx
衛部成製字第016467號,“藥天下”藥天下馨香青草膏藥膠布(混元膏加減味去麝香),“Yao Tian Xia”Yao Tian Xia Xin Xiang Qing Cao Kuo Plaster(Hun Yuan Kao Jia Wei Qu She Xiang),中藥外用貼布,False,藥膠布劑,成藥,active_in_official_export,"適應症:打撲損傷、消腫止痛。
效能:","處方:每公克中含有:
沒藥 (30.8 mg)
白及 (30.8 mg)
漏蘆 (30.8 mg)
紅花 (30.8 mg)
升麻 (30.8 mg)
白蘝 (30.8 mg)
大黃 (30.8 mg)
山梔子 (30.8 mg)
甘草 (30.8 mg)
蘆薈 (43 mg)
薄荷腦 (53 mg)
青黛 (30.8 mg)
樹脂 (155 mg)
氧化鋅 (30.8 mg)
冬綠油 (5.2 mg)
食用綠色三號 (10 mg)
鹽酸二苯安明 (4.3 mg)
二丁基羥基甲苯 (2.6 mg)
麻油加至 (1 g)",https://service.mohw.gov.tw/DOCMAP/CusSite/TCMLQueryForm.aspx
衛部成製字第016906號,“順安”生姜祛風透骨膏,“Shuenn Ann”Ginger Carminative Speranskia Plaster,中藥外用貼布,False,藥膠布劑,成藥,active_in_official_export,"適應症:風寒暑濕侵襲、筋攣骨痛
效能:","處方:每公克中含有: 
生薑 (400 mg)
乳香 (42 mg)
沒藥 (42 mg)
薄荷 (20 mg)
樹脂 (300 mg)
薄荷腦 (50 mg)
冰片 (50 mg)
食用黃色4號鋁麗基 (2 mg)
麻油加至 (1 g)",https://service.mohw.gov.tw/DOCMAP/CusSite/TCMLQueryForm.aspx
衛署成製字第009861號,“德山”萬應膏加減味藥膠布(去穿山甲),"Wan Ying Gao Jia Jian Wei Plaster (Qu Chuan Shan Jia) ""DERSAN""",中藥外用貼布,False,藥膠布劑,成藥,active_in_official_export,"適應症:風濕遍身痠痛、筋骨痠痛。
效能:","處方:每公克中含有:
川烏 (30 mg)
草烏 (30 mg)
生地黃 (30 mg)
白蘞 (30 mg)
白及 (30 mg)
白芷 (30 mg)
當歸 (30 mg)
赤芍 (30 mg)
羌活 (30 mg)
木鼈子 (30 mg)
烏藥 (30 mg)
甘草 (30 mg)
獨活 (30 mg)
苦參 (30 mg)
玄參 (30 mg)
柳枝 (30 mg)
肉桂 (30 mg)
薄荷腦 (20 mg)
冬綠油 (5 mg)
冰片 (25 mg)
樹脂 (360 mg)
氧化鋅 (30 mg)
食用綠色三號鋁麗基 (4 mg)
鹽酸二苯安明 (5 mg)
二丁基羥基甲苯 (3 mg)
麻油加至 (1 g)",https://service.mohw.gov.tw/DOCMAP/CusSite/TCMLQueryForm.aspx
衛署成製字第010256號,“三帆”萬寧膏(去穿山甲),"WAN LIN BALM ""S.F""",中藥外用貼布,False,藥膠布劑,成藥,active_in_official_export,"適應症:風濕遍身痠痛、筋骨痠痛。
效能:","處方:每公克中含有:
生地黃 (30 mg)
白蘞 (30 mg)
白芷 (40 mg)
當歸 (30 mg)
赤芍 (30 mg)
羌活 (30 mg)
木鼈子 (30 mg)
烏藥 (30 mg)
甘草 (30 mg)
獨活 (30 mg)
玄參 (30 mg)
大黃 (30 mg)
肉桂 (20 mg)
柳枝 (20 mg)
槐枝 (20 mg)
沒藥 (30 mg)
松香 (20 mg)
樹脂 (160 mg)
乳香 (30 mg)
薄荷腦 (30 mg)
冬綠油 (10 mg)
氧化鋅 (30 mg)
麻油加至 (1 g)",https://service.mohw.gov.tw/DOCMAP/CusSite/TCMLQueryForm.aspx
衛署成製字第011719號,“康之田”活絡止痛青草藥膠布(混元膏加減味),"Huo Luo Zhi Tong Ging Cao Balm ""K.T.T""",中藥外用貼布,False,藥膠布劑,成藥,active_in_official_export,"適應症:打撲損傷、消腫止痛。
效能:","處方:每公克中含有: 
沒藥 (30 mg)
白及 (30 mg)
漏蘆 (30 mg)
紅花 (30 mg)
升麻 (30 mg)
白蘞 (30 mg)
大黃 (30 mg)
梔子 (30 mg)
甘草 (30 mg)
蘆薈 (40 mg)
青黛 (30 mg)
樹脂 (150 mg)
薄荷腦 (60 mg)
氧化鋅 (60 mg)
冬綠油 (20 mg)
食用藍色二號 ( q.s.)
食用黃色四號 ( q.s.)
麻油加至1g ( )",https://service.mohw.gov.tw/DOCMAP/CusSite/TCMLQueryForm.aspx
衛署成製字第012214號,舒痛寧水性藥膠布(金絲膏加減味),"""Suh Tong Ning"" Aqueous Balm",中藥外用貼布,False,藥膠布劑,成藥,active_in_official_export,"適應症:跌撲損傷、寒濕及手足肩背疼痛之敷貼。
效能:","處方:每公克中含有:
當歸 (11.25 mg)
白芷 (11.25 mg)
杏仁 (11.25 mg)
玄參 (11.25 mg)
豬牙皂 (11.25 mg)
草烏 (11.25 mg)
連鬚葉蔥 (30.00 mg)
乳香 (18.75 mg)
沒藥 (18.75 mg)
樹脂(水性基劑) (873.00 mg)
冬綠油 (10.00 mg)
薄荷腦 (20.00 mg)
白色色素 (5.00 mg)
羥苯甲酸甲酯 (1.80 mg)
羥苯甲酸丙酯 (0.20 mg)
麻油加至1g ( )",https://service.mohw.gov.tw/DOCMAP/CusSite/TCMLQueryForm.aspx
衛署成製字第013267號,“漁人”萬金膏(加減味去草烏),"Wann Jun Gau ""Fisher Man""",中藥外用貼布,False,藥膠布劑,成藥,active_in_official_export,"適應症:癰疽發背、瘡癤、打撲損傷之敷貼。
效能:","處方:每公克中含有: 
龍骨 (10 mg)
鼈甲 (10 mg)
苦參 (10 mg)
海螵蛸 (10 mg)
黃柏 (10 mg)
黃芩 (10 mg)
黃連 (10 mg)
豬牙皂 (10 mg)
白及 (10 mg)
白蘞 (10 mg)
厚朴 (10 mg)
木鼈子 (10 mg)
川芎 (10 mg)
當歸 (10 mg)
白芷 (10 mg)
沒藥 (5 mg)
乳香 (5 mg)
槐枝 (5 mg)
柳枝 (5 mg)
薄荷腦 (20 mg)
氧化鋅 (30 mg)
樹脂 (380 mg)
食用黃色4號 (6 mg)
冰片 (10 mg)
麻油加至1g ( )",https://service.mohw.gov.tw/DOCMAP/CusSite/TCMLQueryForm.aspx
衛署成製字第014475號,“大維”仙草百按活血膏藥膠布(太乙膏加減味),Xian cao bai an huo xie gao plaster“T.W.”(tai yi gao jia jian wei),中藥外用貼布,False,藥膠布劑,成藥,active_in_official_export,"適應症:風濕痛、筋骨痠痛、跌傷、打撲傷。
效能:","處方:每公克中含有:
白芷 (14 mg)
當歸 (14 mg)
赤芍 (14 mg)
玄參 (14 mg)
肉桂 (14 mg)
大黃 (14 mg)
木鼈子 (14 mg)
生地黃 (14 mg)
血餘 (7 mg)
乳香 (4 mg)
阿魏 (2 mg)
沒藥 (2 mg)
樹脂 (200 mg)
氧化鋅 (30 mg)
冬綠油 (5 mg)
薄荷腦 (35 mg)
冰片 (10 mg)
麻油加至1g ( )",https://service.mohw.gov.tw/DOCMAP/CusSite/TCMLQueryForm.aspx
衛署成製字第015027號,“大濟”威力寶藥膠布(萬應膏加減味去穿山甲),Wei li bao medicated patch(Wang ying gao jia jian wei chi chuan shan jia)“D.J.”,中藥外用貼布,False,藥膠布劑,成藥,active_in_official_export,"適應症:風濕、筋骨痠痛、關節痛、扭傷、閃傷、行瘀活血。
效能:","處方:每公克中含有:
川烏 (30 mg)
草烏 (30 mg)
生地黃 (30 mg)
白蘞 (30 mg)
白及 (30 mg)
白芷 (30 mg)
當歸 (30 mg)
赤芍 (30 mg)
羌活 (30 mg)
木鼈子 (30 mg)
烏藥 (30 mg)
甘草 (30 mg)
獨活 (30 mg)
苦參 (30 mg)
玄參 (30 mg)
柳枝 (30 mg)
肉桂 (30 mg)
骨碎補 (30 mg)
紅花 (30 mg)
樹脂 (100 mg)
氧化鋅 (30 mg)
薄荷腦 (20 mg)
冬綠油 (5 mg)
食用綠色3號 (0.1 mg)
二丁基羥基甲苯 (3 mg)
麻油加至1g ( )",https://service.mohw.gov.tw/DOCMAP/CusSite/TCMLQueryForm.aspx
衛署成製字第015122號,“漁人”樂舒痛辣椒膏藥膠布(太乙膏加味),Le Shu Tong Capsicum Plaster“F.M.”(Tai Yi Gao Jia Wei),中藥外用貼布,False,藥膠布劑,成藥,active_in_official_export,"適應症:風濕痛、筋骨痠痛、關節痛、腰痠背痛。
效能:","處方:每公克中含有:
白芷 (50 mg)
辣椒 (12.5 mg)
當歸 (50.0 mg)
赤芍 (50.0 mg)
玄參 (50.0 mg)
柳枝 (25.0 mg)
槐枝 (25.0 mg)
肉桂 (50.0 mg)
沒藥 (7.5 mg)
大黃 (50.0 mg)
木鼈子 (50.0 mg)
生地黃 (50.0 mg)
阿魏 (7.5 mg)
乳香 (12.5 mg)
血餘 (25.0 mg)
川烏 (25.0 mg)
草烏 (25.0 mg)
松香 (25.0 mg)
薄荷腦 (50.0 mg)
樹脂 (260.0 mg)
氧化鋅 (30.0 mg)
食用紅色7號 (2.0 mg)
食用黃色4號 (1.0 mg)
食用藍色1號 (1.0 mg)
麻油加至1g ( )",https://service.mohw.gov.tw/DOCMAP/CusSite/TCMLQueryForm.aspx
衛署成製字第015240號,“大濟”大竹林綠草膏藥膠布(金絲萬應膏加味),“D.J.”Da zhu lin liu cao gao medicated patch(jin si wang ying gao jia wei),中藥外用貼布,False,藥膠布劑,成藥,active_in_official_export,"適應症:跌撲損傷、手足肩背及寒濕疼痛之敷貼。
效能:","處方:每公克中含有:
乳香 (18.75 mg)
沒藥 (18.75 mg)
木鼈子 (12.00 mg)
威靈仙 (37.50 mg)
蓖麻子 (60.00 mg)
樹脂 (400.00 mg)
黃蠟 (37.50 mg)
冰片 (50.00 mg)
薄荷腦 (30.00 mg)
冬綠油 (5.00 mg)
氧化鋅 (30.00 mg)
食用綠色3號 (1.00 mg)
玫瑰香料 (2.00 mg)
苯甲酸鈉 (1.00 mg)
麻油加至1g ( )",https://service.mohw.gov.tw/DOCMAP/CusSite/TCMLQueryForm.aspx
衛署成製字第015463號,“順安”驅酸痛行氣藥膠布,“S.A.”Qu Suan Tong Xing Qi Yao Jiao Bu,中藥外用貼布,False,藥膠布劑,成藥,active_in_official_export,"適應症:跌撲損傷、手足肩背及寒濕疼痛之敷貼。
效能:","處方:每公克中含有:
威靈仙 (30.0 mg)
木鼈子 (15.0 mg)
蓖麻子 (50.0 mg)
沒藥 (20.0 mg)
乳香 (20.0 mg)
川七 (30.0 mg)
黃臘 (30.0 mg)
樹脂 (500.0 mg)
氧化鋅 (40.0 mg)
薄荷腦 (30.0 mg)
冬綠油 (10.0 mg)
食用藍色2號 (1.5 mg)
食用黃色4號 (1.5 mg)
麻油加至1g ( )",https://service.mohw.gov.tw/DOCMAP/CusSite/TCMLQueryForm.aspx
衛署成製字第015609號,“順安”貼貼樂鎮痛藥膠布(金絲萬應膏加減味),“S.A.”Tie Tie Le Zhen Tong Yao Jiao Bu(Jin Si Wan Yin Gao Jia Jian Wei),中藥外用貼布,False,藥膠布劑,成藥,active_in_official_export,"適應症:跌撲損傷、手足肩背及寒濕疼痛之敷貼。
效能:","處方:每公克中含有:
威靈仙 (30 mg)
木鼈子 (15 mg)
蓖麻子 (50 mg)
沒藥 (20 mg)
乳香 (20 mg)
三七 (30 mg)
薄荷腦 (30 mg)
冬綠油 (10 mg)
冰片 (10 mg)
麻油 (450 mg)
氧化鋅 (40 mg)
食用黃色4號 ( q.s.)
食用藍色2號 ( q.s.)
樹脂加至1g ( )",https://service.mohw.gov.tw/DOCMAP/CusSite/TCMLQueryForm.aspx
衛署成製字第015829號,“吉立”林大夫鎮痛藥膠布(金絲萬應膏加減味去麝香),"Lin Dai Fu Zhen Tong Plaster ""Jilly"" (Jin Si Wan Ying Gao Jia Jian Wei Qu She Xiang)",中藥外用貼布,False,藥膠布劑,成藥,active_in_official_export,"適應症:跌撲損傷、手足肩背及寒濕疼痛之敷貼。
效能:","處方:每公克中含有:
威靈仙 (30 mg)
黃蠟 (30 mg)
木鼈子 (15 mg)
蓖麻子 (50 mg)
沒藥 (20 mg)
乳香 (20 mg)
三七 (30 mg)
橡膠 (350 mg)
樹脂 (250 mg)
氧化鋅 (40 mg)
薄荷腦 (30 mg)
冬綠油 (10 mg)
食用黃色四號 (1.62 mg)
食用藍色二號 (1.38 mg)
麻油加至1g ( )",https://service.mohw.gov.tw/DOCMAP/CusSite/TCMLQueryForm.aspx
衛部成製字第016749號,“生春”行血止痛膏,“SHENG CHUN”HERBAL PATCH,中藥外用貼布,False,藥膠布劑,成藥,active_in_official_export,"適應症:
效能:","處方:每公克中含有:
薄荷腦 (50 mg)
冬綠油 (10 mg)
栝樓根 (198 mg)
桂枝 (63 mg)
威靈仙 (18 mg)
木鼈子 (9 mg)
乳香 (6 mg)
沒藥 (6 mg)
香精 (4 mg)
色膏 (50 mg)
氧化鋅 (30 mg)
白蠟油 (16 mg)
樹脂 (540 mg)",https://service.mohw.gov.tw/DOCMAP/CusSite/TCMLQueryForm.aspx
衛部成製字第016755號,“活躍”金絲膏(去草烏),“HUO YUE”JIN SI GAO,中藥外用貼布,False,藥膠布劑,成藥,active_in_official_export,"適應症:跌撲損傷、手足肩背及寒濕、腳氣疼痛之敷貼。
效能:","處方:每公克中含有: 
當歸 (10.0 mg)
白芷 (10.0 mg)
杏仁 (10.0 mg)
玄參 (10.0 mg)
豬牙皂角 (10.0 mg)
白膠香 (267.0 mg)
連鬚葉蔥 (17.0 mg)
松脂 (267.0 mg)
乳香 (17.0 mg)
沒藥 (17.0 mg)
黃蠟 (34.0 mg)
薄荷腦 (11.0 mg)
樹脂 (100.0 mg)
氧化鋅 (30.0 mg)
冬綠油 (5.0 mg)
藥用炭 (2.0 mg)
清油加至 (1.0 g)",https://service.mohw.gov.tw/DOCMAP/CusSite/TCMLQueryForm.aspx
衛部成製字第016872號,“南美”銀翔強力袪風止痛膏膠布,“NM” MGAN CHEUNG STRONG CHINESE HERBS PLASTER,中藥外用貼布,False,藥膠布劑,成藥,active_in_official_export,"適應症:
效能:","處方:每公克中含有: 
樟腦 (28.04 mg)
薄荷腦 (28.04 mg)
冬青油 (21.04 mg)
顛茄 (21.04 mg)
芸香 (17.48 mg)
冰片 (14.02 mg)
山奈 (7.26 mg)
乾薑 (7.26 mg)
白芷 (7.26 mg)
荊芥 (4.84 mg)
肉桂 (4.84 mg)
防風 (4.84 mg)
香加皮 (4.84 mg)
骨碎補 (4.84 mg)
積雪草 (4.84 mg)
老鸛草 (4.84 mg)
生川烏 (2.42 mg)
生草烏 (2.42 mg)
沒藥 (2.42 mg)
丁香 (2.42 mg)
乳香 (2.42 mg)
生馬錢子 (2.42 mg)
人工麝香 (0.08 mg)
天然橡膠 (240.0 mg)
松香 (240.0 mg)
氧化鋅 (240.0 mg)
凡士林 (80.08 mg)",https://service.mohw.gov.tw/DOCMAP/CusSite/TCMLQueryForm.aspx
衛部成製字第017036號,五毒皇透骨膏,Tou Gu Gao,中藥外用貼布,False,藥膠布劑,成藥,active_in_official_export,"適應症:
效能:","處方:每公克中含有: 
人工麝香 (2.6 mg)
當歸 (115.0 mg)
三七 (70.0 mg)
吳茱萸 (80.0 mg)
乳香 (50.0 mg)
沒藥 (46.0 mg)
冰片 (14.3 mg)
樟腦 (14.3 mg)
薄荷腦 (19.0 mg)
橡膠 (176.6 mg)
松香 (164.9 mg)
氧化鋅 (188.4 mg)
羊毛脂 (23.6 mg)
凡士林加至1g ( )",https://service.mohw.gov.tw/DOCMAP/CusSite/TCMLQueryForm.aspx
衛署成製字第005396號,功夫,Kung-Fu Herbal Plaster,中藥外用貼布,False,藥膠布劑,成藥,active_in_official_export,"適應症:風濕痛、筋骨痠痛、跌傷、打撲傷、挫傷
效能:","處方:每公克中含有:
白芷 (28 mg)
當歸 (28 mg)
赤芍 (28 mg)
玄參 (28 mg)
肉桂 (28 mg)
大黃 (28 mg)
木鼈子 (28 mg)
生地黃 (28 mg)
血餘 (14 mg)
乳香 (8 mg)
阿魏 (4 mg)
沒藥 (4 mg)
薄荷腦 (28 mg)
樹脂 (218 mg)
麻油加至1000mg ( )",https://service.mohw.gov.tw/DOCMAP/CusSite/TCMLQueryForm.aspx
衛署成製字第007062號,“南美”科林頓透骨膏藥膠布(加味火龍膏去麝香),,中藥外用貼布,False,藥膠布劑,成藥,active_in_official_export,"適應症:風寒暑濕侵襲、筋攣骨痛。
效能:","處方:每公克中含有:
薑汁 (125 mg)
蔥汁 (125 mg)
豬牙皂 (15 mg)
花椒 (15 mg)
陳皮 (100 mg)
米醋 (100 mg)
乳香 (20 mg)
麝香酮 (20 mg)
沒藥 (20 mg)
牛皮膠 (375 mg)
氧化鋅 (30 mg)
薄荷腦 (50 mg)
冬綠油 (5 mg)
食用黃色4號 ( q.s.)
食用藍色2號 ( q.s.)
抗氧化劑(B.H.T) (1 mg)
麻油加至1g ( )",https://service.mohw.gov.tw/DOCMAP/CusSite/TCMLQueryForm.aspx
衛署成製字第009189號,“養生堂”百草膏(太乙膏加減味),,中藥外用貼布,False,藥膠布劑,成藥,active_in_official_export,"適應症:風濕遍身痠痛、筋骨痠痛、關節痛、跌打撲傷。
效能:","處方:每公克中含有:
白芷 (14 mg)
當歸 (14 mg)
赤芍藥 (14 mg)
玄參 (14 mg)
肉桂 (14 mg)
大黃 (14 mg)
木鼈子 (14 mg)
生地黃 (14 mg)
血餘 (7 mg)
乳香 (4 mg)
阿魏 (2 mg)
沒藥 (2 mg)
薄荷腦 (50 mg)
樹脂 (150 mg)
氧化鋅 (30 mg)
冬綠油 (5 mg)
麻油加至 (1 ml)",https://service.mohw.gov.tw/DOCMAP/CusSite/TCMLQueryForm.aspx
衛署成製字第010660號,”順安”萬應膏,"Wann Ying Kao ""S.A.""",中藥外用貼布,False,藥膠布劑,成藥,active_in_official_export,"適應症:風濕、遍身痠痛、筋骨痠痛。
效能:","處方:每公克中含有:
川烏 (5.6 mg)
草烏 (5.6 mg)
生地黃 (5.6 mg)
白蘞 (5.6 mg)
白及 (5.6 mg)
官桂 (5.6 mg)
白芷 (5.6 mg)
當歸 (5.6 mg)
赤芍 (5.6 mg)
羌活 (5.6 mg)
苦參 (5.6 mg)
木鱉子 (5.6 mg)
澤蘭 (5.6 mg)
烏藥 (5.6 mg)
甘草 (5.6 mg)
獨活 (5.6 mg)
玄參 (5.6 mg)
大黃 (5.6 mg)
薄荷腦 (30 mg)
冰片 (10 mg)
冬綠油 (10 mg)
樹脂 (200 mg)
氧化鋅 (30 mg)
凡士林 (8.75 mg)
羊毛脂 (4.5 mg)
二丁基羥基甲苯 (3 mg)
食用黃色 4 號 ( q.s.)
食用籃色 2 號 ( q.s.)
淨香油加至1g ( )",https://service.mohw.gov.tw/DOCMAP/CusSite/TCMLQueryForm.aspx
衛署成製字第012021號,“愛生”速利貼藥膠布(萬應紫金膏加減味),"Su Li Tie Yaw Jiau Bu ""L.L.""",中藥外用貼布,False,藥膠布劑,成藥,active_in_official_export,"適應症:手足腰背疼痛、閃挫傷損。
效能:","處方:每公克中含有: 
赤芍 (7 mg)
當歸 (7 mg)
紅花 (7 mg)
黃芩 (7 mg)
防風 (7 mg)
荊芥 (7 mg)
連翹 (7 mg)
黃柏 (7 mg)
白殭蠶 (7 mg)
蟬退 (7 mg)
白芷 (7 mg)
甘草 (7 mg)
大黃 (7 mg)
金銀花 (7 mg)
川烏 (7 mg)
草烏 (7 mg)
羌活 (7 mg)
蒼朮 (7 mg)
細辛 (7 mg)
川椒 (7 mg)
秦艽 (7 mg)
乳香 (7 mg)
沒藥 (7 mg)
骨碎補 (14 mg)
何首烏 (7 mg)
蛇床子 (7 mg)
木鼈子 (7 mg)
大風子 (7 mg)
天南星 (7 mg)
半夏 (7 mg)
樹脂 (450 mg)
冬綠油 (15 mg)
薄荷腦 (35 mg)
氧化鋅 (120 mg)
玫瑰香料 (2 mg)
食用黃色2號 ( q.s.)
食用藍色4號 ( q.s.)
麻油加至1g ( )",https://service.mohw.gov.tw/DOCMAP/CusSite/TCMLQueryForm.aspx
衛署成製字第012124號,“全群”飛龍膏藥膠布,"Fei Long Gau Yaw Jiau Bu ""C.C.""",中藥外用貼布,False,藥膠布劑,成藥,active_in_official_export,"適應症:風濕痛、跌打撲傷、筋骨痠痛。
效能:","處方:每公克中含有:
白芷 (13 mg)
當歸 (13 mg)
赤芍 (13 mg)
玄參 (13 mg)
肉桂 (13 mg)
大黃 (13 mg)
阿魏 (2 mg)
木鼈子 (13 mg)
生地黃 (13 mg)
柳枝 (27 mg)
沒藥 (2 mg)
獨活 (27 mg)
血餘 (7 mg)
乳香 (3 mg)
樹脂 (100 mg)
薄荷腦 (40 mg)
氧化鋅 (60 mg)
冬綠油 (10 mg)
食用黃色4號 ( q.s.)
食用藍色2號 ( q.s.)
麻油加至 (1 g)",https://service.mohw.gov.tw/DOCMAP/CusSite/TCMLQueryForm.aspx
衛署成製字第012351號,”生春”辣椒風濕膏藥膠布,"La Chiao Feng Shih Kao Plaster ""Sheng Chun""",中藥外用貼布,False,藥膠布劑,成藥,active_in_official_export,"適應症:風濕痛、腰痠背痛、肌肉痛。
效能:","處方:每公克中含有:
辣椒 (30.0 mg)
沙拉油 (150.0 mg)
白腊 (160.0 mg)
氧化鋅 (30.0 mg)
蜂蠟 (30.0 mg)
樹脂 (600.0 mg)",https://service.mohw.gov.tw/DOCMAP/CusSite/TCMLQueryForm.aspx
衛署成製字第013472號,“康之田”康之田一貼寧健康藥膠布(太乙膏加減味),Kamtamt Yi Tie Ning Jian Kang Balm“K.T.T.”,中藥外用貼布,False,藥膠布劑,成藥,active_in_official_export,"適應症:風濕痛、跌打撲傷、筋骨痠痛。
效能:","處方:每公克中含有:
白芷 (13 mg)
當歸 (13 mg)
赤芍 (13 mg)
玄參 (13 mg)
肉桂 (13 mg)
大黃 (13 mg)
阿魏 (2 mg)
沒藥 (2 mg)
木鼈子 (13 mg)
生地黃 (13 mg)
柳枝 (27 mg)
獨活 (27 mg)
血餘 (7 mg)
乳香 (3 mg)
樹脂 (100 mg)
薄荷腦 (40 mg)
氧化鋅 (60 mg)
冬綠油 (10 mg)
麻油 (1 g)",https://service.mohw.gov.tw/DOCMAP/CusSite/TCMLQueryForm.aspx
衛署成製字第013840號,“東發”透骨膏藥膠布(金絲萬應膏加味),GOLDEN MEN PLASTER (Jing Si Wuan Ying Gao Jia Wei),中藥外用貼布,False,藥膠布劑,成藥,active_in_official_export,"適應症:跌打損傷、手足肩背及寒濕疼痛之敷貼。
效能:","處方:每公克中含有:
威靈仙 (30 mg)
黃蠟 (30 mg)
木鼈子 (15 mg)
蓖麻子 (50 mg)
沒藥 (20 mg)
乳香 (20 mg)
松香 (290 mg)
薄荷腦 (50 mg)
麻油加至1g ( )",https://service.mohw.gov.tw/DOCMAP/CusSite/TCMLQueryForm.aspx
衛署成製字第014495號,“國品”解痠痛藥膠布(太乙膏加減味),JIE SUAN TONG PLASTER“G.P.”(TAY YII GAU JIA JEAN WEY),中藥外用貼布,False,藥膠布劑,成藥,active_in_official_export,"適應症:風濕遍身痠痛、筋骨酸痛、跌打損傷。
效能:","處方:每公克中含有:
白芷 (14 mg)
當歸 (14 mg)
赤芍 (14 mg)
玄參 (14 mg)
肉桂 (14 mg)
大黃 (14 mg)
木鱉子 (14 mg)
生地黃 (14 mg)
血餘 (7 mg)
乳香 (4 mg)
沒藥 (2 mg)
阿魏 (2 mg)
薄荷腦 (50 mg)
樹脂 (150 mg)
氧化鋅 (30 mg)
活性炭 (40 mg)
冬綠油 (5 mg)
食用黃色色素四號 (9 mg)
鹽酸二苯安明 (5 mg)
二丁基羥基甲苯 (3 mg)
沙拉油加至1g ( )",https://service.mohw.gov.tw/DOCMAP/CusSite/TCMLQueryForm.aspx
衛署成製字第014730號,“大維”跌傷風濕膏藥膠布(萬應膏加減味),die shang fong shih gao plaster“D.W.”(wan ying gao jia jian wei),中藥外用貼布,False,藥膠布劑,成藥,active_in_official_export,"適應症:風濕遍身痠痛、筋骨痠痛。
效能:","處方:每公克中含有:
生地黃 (30 mg)
白蘞 (30 mg)
白芷 (40 mg)
當歸 (30 mg)
赤芍 (30 mg)
羌活 (30 mg)
木虌子 (30 mg)
烏藥 (30 mg)
甘草 (30 mg)
獨活 (30 mg)
玄參 (30 mg)
大黃 (30 mg)
肉桂 (30 mg)
柳枝 (20 mg)
槐枝 (20 mg)
松香 (20 mg)
乳香 (30 mg)
沒藥 (30 mg)
樹脂 (190 mg)
薄荷腦 (30 mg)
冬綠油 (10 mg)
冰片 (10 mg)
氧化鋅 (30 mg)
食用色素紅色六號 (6 mg)
食用色素黃色四號 (8 mg)
麻油加至1g ( )",https://service.mohw.gov.tw/DOCMAP/CusSite/TCMLQueryForm.aspx
衛署成製字第015220號,“大濟”益調筋風濕膏藥膠布(太乙膏加減味),Yi tiao jing feng shi gao medicated patch ''D.J.'' (Tai yi gao jia jian wei),中藥外用貼布,False,藥膠布劑,成藥,active_in_official_export,"適應症:風濕痛、跌打撲傷、筋骨痠痛。
效能:","處方:每公克中含有:
白芷 (13 mg)
當歸 (13 mg)
赤芍 (13 mg)
玄參 (13 mg)
肉桂 (13 mg)
大黃 (13 mg)
阿魏 (2 mg)
沒藥 (2 mg)
木鼈子 (13 mg)
生地黃 (13 mg)
柳枝 (27 mg)
獨活 (27 mg)
血餘 (7 mg)
乳香 (3 mg)
樹脂 (100 mg)
薄荷腦 (40 mg)
氧化鋅 (60 mg)
冬綠油 (10 mg)
玫瑰香料 (2 mg)
苯甲酸鈉 (1 mg)
麻油加至1g ( )",https://service.mohw.gov.tw/DOCMAP/CusSite/TCMLQueryForm.aspx
衛署成製字第015610號,“觀音牌” 貼暢快金絲膏藥膠布,“Guan Yin” Super Energy herbel plaster,中藥外用貼布,False,藥膠布劑,成藥,active_in_official_export,"適應症:跌撲損傷、寒濕及手足肩背疼痛之敷貼。
效能:","處方:每公克中含有:
當歸 (11.25 mg)
白芷 (11.25 mg)
杏仁 (11.25 mg)
玄參 (11.25 mg)
豬牙皂角 (11.25 mg)
草烏 (11.25 mg)
蓮鬚葉蔥 (30.0 mg)
乳香 (18.75 mg)
沒藥 (18.75 mg)
麻油 (90.0 mg)
薄荷腦 (20.0 mg)
羥苯甲酸甲酯 (1.8 mg)
羥苯甲酸丙酯 (0.2 mg)
樹脂(水性基劑)加至1g ( )",https://service.mohw.gov.tw/DOCMAP/CusSite/TCMLQueryForm.aspx
衛署成製字第016099號,“日盛”涼性痠痛藥膠布,COOL PLASTER“Jih Sheng”,中藥外用貼布,False,藥膠布劑,成藥,active_in_official_export,"適應症:風溼遍身疼痛、筋骨痠痛、關節痛、扭傷、閃傷、行瘀活血。
效能:","處方:每公克中含有:
川烏 (30 mg)
草烏 (30 mg)
生地黃 (30 mg)
白蘞 (30 mg)
白及 (30 mg)
玄參 (30 mg)
白芷 (30 mg)
當歸 (30 mg)
赤芍 (30 mg)
羌活 (30 mg)
木鼈子 (30 mg)
烏藥 (30 mg)
甘草 (30 mg)
獨活 (30 mg)
苦參 (30 mg)
大黃 (30 mg)
薄荷腦 (20 mg)
樹脂 (100 mg)
氧化鋅 (30 mg)
冬綠油 (5 mg)
綠色3號鋁麗基 (3 mg)
二丁基羥基甲苯 (3 mg)
麻油加至1g ( )",https://service.mohw.gov.tw/DOCMAP/CusSite/TCMLQueryForm.aspx
衛部成製字第016540號,〝南美〞正行血透骨膏藥膠布,〝N.M〞JHENG SING SIE YOU GU GAO PLASTER,中藥外用貼布,False,藥膠布劑,成藥,active_in_official_export,"適應症:打撲損傷、瘀血凝聚、青紫腫痛、風濕遍身痠痛、筋骨痠痛、關節痛、扭傷、閃傷、行瘀活血。
效能:","處方:每公克中含有:
一條根 (30 mg)
沒藥 (30 mg)
白及 (30 mg)
漏蘆 (30 mg)
紅花 (30 mg)
升麻 (30 mg)
白蘞 (30 mg)
大黃 (30 mg)
山梔子 (30 mg)
甘草 (30 mg)
蘆薈 (40 mg)
青黛 (30 mg)
麝香酮 (5 mg)
冰片 (20 mg)
薄荷腦 (50 mg)
冬綠油 (5 mg)
氧化鋅 (30 mg)
樹脂 (200 mg)
食用紅色6號 (1 mg)
麻油加至 (1 g)",https://service.mohw.gov.tw/DOCMAP/CusSite/TCMLQueryForm.aspx
衛部成製字第016695號,“輝陽”海山華陀跌打止痛膏藥膠布(金絲萬應膏加減味),,中藥外用貼布,False,藥膠布劑,成藥,active_in_official_export,"適應症:跌打損傷、手足肩背及寒濕疼痛、關節痛、風濕痛之敷貼。
效能:","處方:每公克中含有:
威靈仙 (30 mg)
木鼈子 (15 mg)
蓖麻子 (50 mg)
沒藥 (20 mg)
乳香 (20 mg)
薄荷腦 (50 mg)
冬綠油 (10 mg)
氧化鋅 (40 mg)
黃臘 (30 mg)
樹脂 (200 mg)
食用黃色4號 ( q.s.)
食用藍色2號 ( q.s.)
麻油加至1g ( )",https://service.mohw.gov.tw/DOCMAP/CusSite/TCMLQueryForm.aspx
衛部成製字第016900號,“元始天王”驅風酸痛膏,“Yuanshi King” Carminative Pain Plaster,中藥外用貼布,False,藥膠布劑,成藥,active_in_official_export,"適應症:
效能:舒筋、消腫、止痛、跌打、風溼關節痛","處方:每公克中含有: 
威靈仙 (37.5 mg)
木鼈子 (12.0 mg)
蓖麻子 (60.0 mg)
沒藥 (18.75 mg)
乳香 (18.75 mg)
薄荷 (5.0 mg)
冰片 (50.0 mg)
樹脂 (600.0 mg)
薄荷腦 (30.0 mg)
食用黃色4號鋁麗基 (2 mg)
麻油加至 (1 g)",https://service.mohw.gov.tw/DOCMAP/CusSite/TCMLQueryForm.aspx
衛署成製字第004807號,“順安”金絲膏藥膠布,"Chin Szu Kao Yao Jiao Bu ""S.A.""",中藥外用貼布,False,藥膠布劑,成藥,active_in_official_export,"適應症:傷筋動骨、損傷閃挫、風濕筋痛
效能:","處方:每公克中含有:
歸尾 (10 mg)
白芷 (10 mg)
杏仁 (10 mg)
玄參 (10 mg)
豬牙皂角 (10 mg)
草烏 (10 mg)
連鬚葉蔥 (30 mg)
白膠香 (250 mg)
松香 (230 mg)
乳香 (15 mg)
沒藥 (15 mg)
黃蠟 (30 mg)
薄荷腦 (30 mg)
冰片 (10 mg)
冬綠油 (10 mg)
氧化鋅 (30 mg)
二丁基羥基甲苯 (3 mg)
凡士林 (8.75 mg)
羊毛脂 (4.5 mg)
食用黃色4號 ( q.s.)
食用藍色2號 ( q.s.)
清油加至1g ( )",https://service.mohw.gov.tw/DOCMAP/CusSite/TCMLQueryForm.aspx
衛署成製字第009180號,“東發”止痠痛萬用膏(火龍膏加味去麝香),ALNICE PLASTER,中藥外用貼布,False,藥膠布劑,成藥,active_in_official_export,"適應症:風寒暑濕浸襲、筋攣骨痛。
效能:","處方:每1公克中含有:
生薑汁 (619 mg)
松香 (228 mg)
乳香 (42 mg)
沒藥 (42 mg)
薄荷腦 (69 mg)",https://service.mohw.gov.tw/DOCMAP/CusSite/TCMLQueryForm.aspx
衛署成製字第011270號,“東發”百安膏藥膠布(去穿山甲),"All Right Plaster ""Tung Fa""",中藥外用貼布,False,藥膠布劑,成藥,active_in_official_export,"適應症:風濕遍身疼痛、筋骨痠痛、關節痛、扭傷、閃傷、行瘀活血。
效能:","處方:每公克中含有: 
川烏 (30 mg)
草烏 (30 mg)
生地黃 (30 mg)
白蘞 (30 mg)
白及 (30 mg)
白芷 (30 mg)
當歸 (30 mg)
赤芍 (30 mg)
羌活 (30 mg)
木鼈子 (30 mg)
烏藥 (30 mg)
甘草 (30 mg)
獨活 (30 mg)
苦參 (30 mg)
玄參 (30 mg)
柳枝 (30 mg)
肉桂 (30 mg)
氧化鋅 (30 mg)
薄荷腦 (20 mg)
冬綠油 (5 mg)
樹脂 (310 mg)
麻油加至1g ( )",https://service.mohw.gov.tw/DOCMAP/CusSite/TCMLQueryForm.aspx
衛署成製字第012613號,“氣功”痛可貼膏(萬靈膏加減味去麝香),Chy Kon Tong Ke Tieh Kao,中藥外用貼布,False,藥膠布劑,成藥,active_in_official_export,"適應症:消瘀、舒筋、活血、止痛、治跌打損傷。
效能:","處方:每公克中含有:
骨碎補 (20 mg)
當歸 (20 mg)
紅花 (20 mg)
自然銅 (20 mg)
瓜兒血竭 (20 mg)
乳香 (20 mg)
沒藥 (20 mg)
川芎 (16 mg)
赤芍 (40 mg)
川牛膝 (10 mg)
五加皮 (10 mg)
蒼朮 (10 mg)
木香 (6 mg)
秦艽 (6 mg)
蛇床子 (6 mg)
肉桂 (6 mg)
附子 (6 mg)
半夏 (6 mg)
石斛 (6 mg)
萆薢 (6 mg)
鹿茸 (6 mg)
石菖蒲 (10 mg)
松香 (20 mg)
樹脂 (200 mg)
氧化鋅 (60 mg)
冬綠油 (20 mg)
薄荷腦 (60 mg)
食用藍色2號 ( q.s.)
食用黃色4號 ( q.s.)
麻油加至 (1 g)",https://service.mohw.gov.tw/DOCMAP/CusSite/TCMLQueryForm.aspx
衛署成製字第012663號,“愛生”速倍達熱透藥膠布,"Suh Bey Dar Reh Tow Yaw Jiau Bu ""L.L.""",中藥外用貼布,False,藥膠布劑,成藥,active_in_official_export,"適應症:風寒暑濕侵襲、筋攣骨痛。
效能:","處方:每公克中含有:
薑汁 (125 mg)
葱汁 (125 mg)
牙皂 (13 mg)
川椒 (13 mg)
陳皮 (100 mg)
米醋 (90 mg)
乳香 (7 mg)
沒藥 (7 mg)
牛皮膠 (371 mg)
氧化鋅 (38 mg)
冬綠油 (5 mg)
樹脂 (50 mg)
薄荷腦 (50 mg)
食用黃色4號 (2 mg)
三氧化二鐵 (4 mg)",https://service.mohw.gov.tw/DOCMAP/CusSite/TCMLQueryForm.aspx
衛署成製字第012907號,萬能救筋膏藥膠布(萬應膏加減味去麝香),Analgesic Adhesive Plaster (wan ying gau jia jian wei chiu she shiang),中藥外用貼布,False,藥膠布劑,成藥,active_in_official_export,"適應症:消瘀、舒筋、活血、止痛、治跌打損傷。
效能:","處方:每公克中含有:
骨碎補 (20 mg)
當歸 (20 mg)
紅花 (20 mg)
自然銅 (20 mg)
瓜兒血竭 (20 mg)
乳香 (20 mg)
沒藥 (20 mg)
川芎 (16 mg)
赤芍 (40 mg)
川牛膝 (10 mg)
五加皮 (10 mg)
蒼朮 (10 mg)
木香 (6 mg)
秦艽 (6 mg)
蛇床子 (6 mg)
肉桂 (6 mg)
附子 (6 mg)
半夏 (6 mg)
石斛 (6 mg)
萆薢 (6 mg)
鹿茸 (6 mg)
石菖蒲 (10 mg)
松香 (20 mg)
樹脂 (200 mg)
氧化鋅 (60 mg)
冬綠油 (10 mg)
薄荷腦 (40 mg)
麻油加至 (1.0 g)",https://service.mohw.gov.tw/DOCMAP/CusSite/TCMLQueryForm.aspx
衛署成製字第013442號,酸痛百適水性藥膠布(金絲膏加減味),"""S.T.PASS"" Watery Plaster",中藥外用貼布,False,藥膠布劑,成藥,active_in_official_export,"適應症:跌撲損傷、寒濕及手足肩背疼痛之敷貼。
效能:","處方:每公克中含有:
當歸 (11.25 mg)
白芷 (11.25 mg)
杏仁 (11.25 mg)
玄參 (11.25 mg)
豬牙皂角 (11.25 mg)
草烏 (11.25 mg)
連鬚葉葱 (30.0 mg)
乳香 (18.75 mg)
沒藥 (18.75 mg)
冬綠油 (10.0 mg)
麻油 (90.0 mg)
薄荷腦 (20.0 mg)
白色色素 (5.0 mg)
羥苯甲酸甲酯 (1.8 mg)
羥苯甲酸丙酯 (0.2 mg)
樹脂(水性基劑)加至1g ( )
水性基劑含有: ( )
60%酒精 (16.0 mg)
蓖麻子油 (10.0 mg)
聚山梨醇酯 (6.0 mg)
純水 (226.0 mg)
白陶土 (50.0 mg)
甘油 (131.0 mg)
聚丙烯酸鈉 (6.0 mg)
聚丙烯酸20% (116.0 mg)
聚丙烯酸10% (92.0 mg)
羧甲基纖維素1380 (8.0 mg)
羧甲基纖維素2200 (14.0 mg)
檸檬酸 (2.0 mg)
山梨醇 (76.0 mg)",https://service.mohw.gov.tw/DOCMAP/CusSite/TCMLQueryForm.aspx
衛署成製字第014470號,“感馨”刁皮鎮痛膏藥膠布(金絲萬應膏加減味),Gan Shin Diau Pi Jen Tung Gau Plaster (Chin Sza Wan Ying Kao Jia Jian Wei),中藥外用貼布,False,藥膠布劑,成藥,active_in_official_export,"適應症:跌打損傷、手足肩背及寒濕疼痛。
效能:","處方:每公克中含有:
威靈仙 (37.50 mg)
黃蠟 (37.50 mg)
木虌子 (18.75 mg)
蓖麻子 (62.50 mg)
沒藥 (25.00 mg)
乳香 (25.00 mg)
薄荷腦 (62.50 mg)
松脂 (250.00 mg)
氧化鋅 (50.00 mg)
冬綠油 (12.50 mg)
食用黃色四號 (0.455 mg)
鹽酸二苯安明 (5.00 mg)
二丁基羥基甲苯 (3.00 mg)
麻油加至1g ( )",https://service.mohw.gov.tw/DOCMAP/CusSite/TCMLQueryForm.aspx
衛署成製字第014661號,〝正光〞立療貼藥膠布(火龍膏加味去麝香),〝Cheng Kuang〞Li Liao Tie Plaster(Hot Long Kao Jia Wey Qu She Xiang),中藥外用貼布,False,藥膠布劑,成藥,active_in_official_export,"適應症:風寒暑濕侵襲、筋攣骨痛。
效能:","處方:每公克中含有:
薑汁 (125 mg)
蔥汁 (125 mg)
牙皂 (13 mg)
川椒 (13 mg)
陳皮 (100 mg)
米醋 (90 mg)
乳香 (7 mg)
沒藥 (7 mg)
牛皮膠 (377 mg)
氧化鋅 (20 mg)
冬綠油 (5 mg)
樹脂 (55 mg)
薄荷腦 (40 mg)
冰片 (5 mg)
食用黃色五號 (8 mg)
食用紅色七號 (10 mg)",https://service.mohw.gov.tw/DOCMAP/CusSite/TCMLQueryForm.aspx
衛署成製字第014701號,“順安”通穴膏藥膠布(混元膏加減味去麝香),"""S.A."" Tong Xue Gao Yao Jiao Bu (Hun Yuan Gao Jia Jian Wei Chu MOSCHUS)",中藥外用貼布,False,藥膠布劑,成藥,active_in_official_export,"適應症:打撲損傷、骨碎筋翻、瘀血凝聚、青紫腫痛。
效能:","處方:每公克中含有:
沒藥 (30 mg)
白及 (30 mg)
漏蘆 (30 mg)
紅花 (30 mg)
升麻 (30 mg)
白蘞 (30 mg)
大黃 (30 mg)
生梔子 (30 mg)
甘草 (30 mg)
冰片 (20 mg)
蘆薈 (40 mg)
薄荷腦 (50 mg)
青黛 (30 mg)
樹脂 (150 mg)
氧化鋅 (30 mg)
冬綠油 (5 mg)
食用藍色二號 ( q.s.)
食用黃色四號 ( q.s.)
麻油加至1g ( )",https://service.mohw.gov.tw/DOCMAP/CusSite/TCMLQueryForm.aspx
衛署成製字第014953號,“大濟”絡力止痛藥膠布(萬寧膏去穿山甲),“D.J.”Lao li zhi tong medicated patch(Wan nin gao chi chuan shan jia),中藥外用貼布,False,藥膠布劑,成藥,active_in_official_export,"適應症:風濕遍身痠痛、筋骨痠痛。
效能:","處方:每公克中含有:
生地黃 (30 mg)
白蘞 (30 mg)
白芷 (40 mg)
當歸 (30 mg)
赤芍 (30 mg)
羌活 (30 mg)
木鼈子 (30 mg)
烏藥 (30 mg)
甘草 (30 mg)
獨活 (30 mg)
玄參 (30 mg)
大黃 (30 mg)
肉桂 (20 mg)
柳枝 (20 mg)
槐枝 (20 mg)
沒藥 (30 mg)
松香 (20 mg)
樹脂 (160 mg)
乳香 (30 mg)
薄荷腦 (30 mg)
冬綠油 (10 mg)
氧化鋅 (30 mg)
白色色素 ( q.s.)
麻油加至1g ( )",https://service.mohw.gov.tw/DOCMAP/CusSite/TCMLQueryForm.aspx
衛署成製字第015025號,“輝陽”九龍酸痛藥膠布(金絲萬應膏加減味),Jeou Long Suan Tonq Plaster“H.Y”(Jin Sy Wann Ing Gau Jia Jean Wey),中藥外用貼布,False,藥膠布劑,成藥,active_in_official_export,"適應症:跌撲損傷、手足肩背及寒濕疼痛之敷貼。
效能:","處方:每公克中含有:
威靈仙 (30 mg)
木鼈子 (15 mg)
蓖麻子 (50 mg)
沒藥 (20 mg)
乳香 (20 mg)
三七 (30 mg)
薄荷腦 (30 mg)
冬綠油 (10 mg)
冰片 (10 mg)
氧化鋅 (30 mg)
樹脂 (500 mg)
食用黃色4號 ( q.s.)
食用藍色2號 ( q.s.)
麻油加至1g ( )",https://service.mohw.gov.tw/DOCMAP/CusSite/TCMLQueryForm.aspx
衛署成製字第015379號,“立康生物科技”金絲膏水性貼布藥膠布,CHIN SZU KAO PLASTER“LI KANG BIOTECHNICAL”,中藥外用貼布,False,藥膠布劑,成藥,active_in_official_export,"適應症:跌撲損傷、寒濕及手足肩背疼痛之敷貼。
效能:","處方:每公克中含有:
當歸 (11.25 mg)
白芷 (11.25 mg)
杏仁 (11.25 mg)
玄參 (11.25 mg)
豬牙皂角 (11.25 mg)
草烏 (11.25 mg)
連鬚葉蔥 (30.00 mg)
乳香 (18.75 mg)
沒藥 (18.75 mg)
麻油 (90.00 mg)
薄荷腦 (20.00 mg)
羥苯甲酸甲酯 (1.80 mg)
羥苯甲酸丙酯 (0.20 mg)
樹脂(水性基劑)加至1g ( )",https://service.mohw.gov.tw/DOCMAP/CusSite/TCMLQueryForm.aspx
衛署成製字第015519號,“艸本堂”熱性草本貼痠痛藥膠布(太乙膏加味),,中藥外用貼布,False,藥膠布劑,成藥,active_in_official_export,"適應症:風濕痛、筋骨酸痛、關節痛、腰痠背痛。
效能:","處方:每公克中含有:
白芷 (50.0 mg)
辣椒 (12.5 mg)
當歸 (50.0 mg)
赤芍 (50.0 mg)
玄參 (50.0 mg)
柳枝 (25.0 mg)
槐枝 (25.0 mg)
肉桂 (50.0 mg)
沒藥 (7.5 mg)
大黃 (50.0 mg)
木鼈子 (50.0 mg)
生地黃 (50.0 mg)
阿魏 (7.5 mg)
乳香 (12.5 mg)
血餘 (25.0 mg)
川烏 (25.0 mg)
草烏 (25.0 mg)
松香 (25.0 mg)
薄荷腦 (50.0 mg)
樹脂 (260.0 mg)
氧化鋅 (30.0 mg)
抗氧化劑(BHT) (3.0 mg)
紅色3號鋁麗基 (3.0 mg)
麻油加至1g ( )",https://service.mohw.gov.tw/DOCMAP/CusSite/TCMLQueryForm.aspx
衛署成製字第015689號,“碧莎蕾”碧莎蕾金絲膏鎮痛藥膠布(金絲膏加減味),,中藥外用貼布,False,藥膠布劑,成藥,active_in_official_export,"適應症:跌撲損傷、手足肩背及寒濕、腳氣疼痛之敷貼。
效能:","處方:每公克中含有:
當歸尾 (11 mg)
川白芷 (11 mg)
杏仁 (11 mg)
玄參 (11 mg)
豬牙皂角 (11 mg)
草烏 (11 mg)
白膠香 (250 mg)
蓮鬚葉蔥 (30 mg)
乳香 (19 mg)
沒藥 (19 mg)
薄荷腦 (20 mg)
樹脂 (370 mg)
氧化鋅 (30 mg)
冬綠油 (5 mg)
冰片 (20 mg)
食用藍色2號 ( q.s.)
食用黃色4號 ( q.s.)
麻油加至1g ( )",https://service.mohw.gov.tw/DOCMAP/CusSite/TCMLQueryForm.aspx
衛署成製字第016207號,“藥天下”藥天下涼血馨香膏藥膠布(萬應膏加減味),“Yao Tian Xia”Yao Tian Xia Xin Xiang Qing Cao Kuo Plaster(Wan Ying Kuo Jia Jian Wei),中藥外用貼布,False,藥膠布劑,成藥,active_in_official_export,"適應症:風濕遍身痠痛、筋骨痠痛。
效能:","處方:每公克中含有:
川烏 (5.6 mg)
草烏 (5.6 mg)
生地黃 (5.6 mg)
白蘞 (5.6 mg)
白及 (5.6 mg)
官桂 (5.6 mg)
白芷 (5.6 mg)
當歸 (5.6 mg)
赤芍 (5.6 mg)
羌活 (5.6 mg)
苦參 (5.6 mg)
木鼈子 (5.6 mg)
烏藥 (5.6 mg)
甘草 (5.6 mg)
獨活 (5.6 mg)
玄參 (5.6 mg)
大黃 (5.6 mg)
冰片 (5.6 mg)
薄荷腦 (30 mg)
冬綠油 (10 mg)
樹脂 (225 mg)
食用黃色四號 (10 mg)
鹽酸二苯安明 (5 mg)
二丁基羥基甲苯(BHT) (3 mg)
麻油加至1g ( )",https://service.mohw.gov.tw/DOCMAP/CusSite/TCMLQueryForm.aspx
衛部成製字第016612號,“順安”金絲跌打膏藥膠布(金絲萬應膏加減味),"""S.A."" Gold Silk Dye Da Kao Yao Jiao Bu",中藥外用貼布,False,藥膠布劑,成藥,active_in_official_export,"適應症:跌撲損傷、手足肩背及寒濕疼痛之敷貼。
效能:","處方:每公克中含有:
威靈仙 (30 mg)
黃蠟 (30 mg)
木鼈子 (15 mg)
蓖麻子 (50 mg)
乳香 (20 mg)
沒藥 (20 mg)
樹脂 (200 mg)
薄荷腦 (50 mg)
氧化鋅 (40 mg)
冬綠油 (10 mg)
食用黃色4號 ( q.s.)
食用藍色2號 ( q.s.)
麻油加至 (1 g)",https://service.mohw.gov.tw/DOCMAP/CusSite/TCMLQueryForm.aspx
衛部成製字第016767號,“三才堂”通用痠痛藥膠布(太乙膏加減味),,中藥外用貼布,False,藥膠布劑,成藥,active_in_official_export,"適應症:跌打損傷、風濕遍身痠痛、筋骨痠痛、關節痛。
效能:","處方:每公克中含有:
白芷 (14 mg)
當歸 (14 mg)
赤芍 (14 mg)
玄參 (14 mg)
肉桂 (14 mg)
大黃 (14 mg)
木鼈子 (14 mg)
生地黃 (14 mg)
血餘 (7 mg)
乳香 (4 mg)
阿魏 (2 mg)
沒藥 (2 mg)
薄荷腦 (50 mg)
樹脂 (150 mg)
氧化鋅 (30 mg)
冬綠油 (5 mg)
食用色素黃色4號 (0.3 mg)
食用色素藍色2號 (0.3 mg)
麻油加至 (1 g)",https://service.mohw.gov.tw/DOCMAP/CusSite/TCMLQueryForm.aspx
衛署成製字第007671號,“福可多”萬應膏(加減味),,中藥外用貼布,False,藥膠布劑,成藥,active_in_official_export,"適應症:損傷、閃傷、風濕筋寒
效能:","處方:每公克中含有:
龍骨 (10 mg)
鼈甲 (10 mg)
苦參 (10 mg)
烏賊魚骨 (10 mg)
黃蘗 (30 mg)
黃芩 (30 mg)
黃連 (40 mg)
豬牙皂角 (10 mg)
白及 (15 mg)
白蘞 (15 mg)
厚朴 (15 mg)
木鼈子仁 (15 mg)
草烏 (10 mg)
川芎 (15 mg)
當歸 (70 mg)
香白芷 (15 mg)
沒藥 (15 mg)
乳香 (10 mg)
槐枝 (10 mg)
柳枝 (10 mg)
薄荷腦 (70 mg)
樹脂 (420 mg)
氧化鋅 (20 mg)
冬綠油 (30 mg)
麻油加至1g ( )",https://service.mohw.gov.tw/DOCMAP/CusSite/TCMLQueryForm.aspx
衛署成製字第008800號,“東發”神農萬應膏(去麝香),SHEN NONG ALL GOOD PLASTER,中藥外用貼布,False,藥膠布劑,成藥,active_in_official_export,"適應症:跌撲損傷、手足肩背及寒濕疼痛之敷貼。
效能:","處方:每公克中含有:
威靈仙 (30 mg)
黃蠟 (30 mg)
木鼈子 (15 mg)
蓖麻子 (50 mg)
沒藥 (20 mg)
乳香 (20 mg)
三七 (30 mg)
樹脂 (205 mg)
薄荷腦 (50 mg)
氧化鋅 (40 mg)
冬綠油 (10 mg)
麻油加至1g ( )",https://service.mohw.gov.tw/DOCMAP/CusSite/TCMLQueryForm.aspx
衛署成製字第010079號,“迪弘”追風透骨膏藥膠布(萬應膏加減味),,中藥外用貼布,False,藥膠布劑,成藥,active_in_official_export,"適應症:風濕遍身疼痛、筋骨痠痛。
效能:","處方:每公克中含有:
川烏 (5.6 mg)
草烏 (5.6 mg)
生地黃 (5.6 mg)
白蘞 (5.6 mg)
白芨 (5.6 mg)
官桂 (5.6 mg)
白芷 (5.6 mg)
當歸 (5.6 mg)
赤芍 (5.6 mg)
羌活 (5.6 mg)
苦參 (5.6 mg)
木鼈子 (5.6 mg)
烏藥 (5.6 mg)
甘草 (5.6 mg)
獨活 (5.6 mg)
玄參 (5.6 mg)
大黃 (5.6 mg)
松香 (20.0 mg)
樹脂 (100.0 mg)
氧化鋅 (30.0 mg)
牛皮膠 (50.0 mg)
冬綠油 (5.0 mg)
薄荷腦 (20.0 mg)
麻油加至 (1.0 g)",https://service.mohw.gov.tw/DOCMAP/CusSite/TCMLQueryForm.aspx
衛署成製字第010165號,“生春”治痛泰安膏(萬應膏加減味去穿山甲),"CHIN TUNG TAI AN KAO ""S.C""",中藥外用貼布,False,藥膠布劑,成藥,active_in_official_export,"適應症:風濕、遍身痠痛、筋骨痠痛。
效能:","處方:每公克中含有: 
川烏 (30 mg)
草烏 (30 mg)
生地黃 (30 mg)
白蘞 (30 mg)
白及 (30 mg)
白芷 (30 mg)
當歸 (30 mg)
赤芍 (30 mg)
羌活 (30 mg)
木鼈子 (30 mg)
烏藥 (30 mg)
甘草 (30 mg)
獨活 (30 mg)
苦參子 (30 mg)
玄參 (30 mg)
柳枝 (30 mg)
肉桂 (30 mg)
薄荷腦 (40 mg)
樹脂 (100 mg)
氧化鋅 (30 mg)
冬綠油 (10 mg)
食用黃色4號 ( q.s.)
食用藍色2號 ( q.s.)
麻油加至1g ( )",https://service.mohw.gov.tw/DOCMAP/CusSite/TCMLQueryForm.aspx
衛署成製字第011899號,“愛生”喜貼藥膠布(金絲膏加減味),"Shi Tie Yaw Jiau Bu ""L.L.""",中藥外用貼布,False,藥膠布劑,成藥,active_in_official_export,"適應症:跌撲損傷、手足肩背及寒濕、腳氣疼痛之敷貼。
效能:","處方:每公克中含有: 
當歸尾 (11 mg)
白芷 (11 mg)
杏仁 (11 mg)
玄參 (11 mg)
皂角 (11 mg)
草烏 (11 mg)
白膠香 (250 mg)
連鬚葉蔥 (30 mg)
乳香 (19 mg)
沒藥 (19 mg)
薄荷腦 (20 mg)
樹脂 (370 mg)
氧化鋅 (30 mg)
冬綠油 (5 mg)
冰片 (20 mg)
食用紅色6號 ( q.s.)
食用黃色4號 ( q.s.)
玫瑰香料 (2 mg)
麻油加至1g ( )",https://service.mohw.gov.tw/DOCMAP/CusSite/TCMLQueryForm.aspx
衛署成製字第011947號,“生春”消腫止痛膏藥膠布(萬應膏加減味),"Shiau Joong Jyy Tong Kao ""S.C.T""",中藥外用貼布,False,藥膠布劑,成藥,active_in_official_export,"適應症:風濕、筋骨痠痛、關節痛、扭傷、閃傷、行瘀活血。
效能:","處方:每公克中含有: 
川烏 (30 mg)
草烏 (30 mg)
生地黃 (30 mg)
白蘞 (30 mg)
白及 (30 mg)
白芷 (30 mg)
當歸 (30 mg)
赤芍 (30 mg)
羌活 (30 mg)
木鼈子 (30 mg)
烏藥 (30 mg)
甘草 (30 mg)
獨活 (30 mg)
苦參 (30 mg)
玄參 (30 mg)
柳枝 (30 mg)
肉桂 (30 mg)
骨碎補 (30 mg)
紅花 (30 mg)
薄荷腦 (40 mg)
氧化鋅 (30 mg)
樹脂 (100 mg)
冬綠油 (10 mg)
食用藍色2號 ( q.s.)
食用黃色4號 ( q.s.)
麻油加至1g ( )",https://service.mohw.gov.tw/DOCMAP/CusSite/TCMLQueryForm.aspx
衛署成製字第012070號,“得生”優貼傷痛膏藥膠布(萬靈膏加減味去麝香),"U-Take Shang Tong Kao Plaster ""T.S."" (Wan Ling Kao Chia Chien Wei Chiu She Shiang)",中藥外用貼布,False,藥膠布劑,成藥,active_in_official_export,"適應症:消瘀、舒筋、活血、止痛、跌打損傷。
效能:","處方:每公克中含有:
骨碎補 (20 mg)
當歸 (20 mg)
紅花 (20 mg)
自然銅 (20 mg)
血竭 (20 mg)
乳香 (20 mg)
沒藥 (20 mg)
川芎 (16 mg)
赤芍 (40 mg)
薄荷腦 (20 mg)
川牛膝 (10 mg)
石菖蒲 (10 mg)
蒼朮 (10 mg)
木香 (6 mg)
秦艽 (6 mg)
蛇床子 (6 mg)
肉桂 (6 mg)
附子 (6 mg)
半夏 (6 mg)
石斛 (6 mg)
萆薢 (6 mg)
鹿茸 (6 mg)
牛皮膠 (30 mg)
樹脂 (100 mg)
氧化鋅 (30 mg)
冬綠油 (5 mg)
松香 (20 mg)
麻油加至1g ( )",https://service.mohw.gov.tw/DOCMAP/CusSite/TCMLQueryForm.aspx
衛署成製字第012074號,”愛生”柔筋祛痛藥膠布(萬應膏加減味),"Rou Jin chiu Ton Yaw Jiau Bu ""L.L."" (Wann Ing Gau Jia Jean Wey)",中藥外用貼布,False,藥膠布劑,成藥,active_in_official_export,"適應症:關節痛、扭傷、閃傷、活血、行瘀。
效能:.","處方:每公克中含有:
川烏 (5.6 mg)
草烏 (5.6 mg)
生地黃 (5.6 mg)
白蘞 (5.6 mg)
白及 (5.6 mg)
官桂 (5.6 mg)
白芷 (5.6 mg)
當歸 (5.6 mg)
赤芍 (5.6 mg)
羌活 (5.6 mg)
苦參 (5.6 mg)
木鼈子 (5.6 mg)
烏藥 (5.6 mg)
甘草 (5.6 mg)
獨活 (5.6 mg)
玄參 (5.6 mg)
大黃 (5.6 mg)
橡膠 (300 mg)
樹脂 (200 mg)
氧化鋅 (30 mg)
薄荷腦 (5.6 mg)
冬綠油 (40 mg)
麻油加至 (1 g)",https://service.mohw.gov.tw/DOCMAP/CusSite/TCMLQueryForm.aspx
衛署成製字第012119號,”仙鹿”朗爽酸痛藥膠布(金絲膏加減味),,中藥外用貼布,False,藥膠布劑,成藥,active_in_official_export,"適應症:跌撲損傷,手足肩背及寒濕,腳氣疼痛之敷貼。
效能:","處方:每公克中含有:
當歸尾 (10 mg)
白芷 (10 mg)
杏仁 (10 mg)
玄參 (10 mg)
皂角 (10 mg)
草烏 (10 mg)
白膠香 (200 mg)
連鬚葉葱 (31 mg)
乳香 (17 mg)
沒藥 (17 mg)
松脂 (200 mg)
黃蠟 (31 mg)
樹脂 (100 mg)
冬綠油 (5 mg)
薄荷腦 (11 mg)
氧化鋅 (30 mg)
清油加至 (1 g)",https://service.mohw.gov.tw/DOCMAP/CusSite/TCMLQueryForm.aspx
衛署成製字第012300號,“中美”萬靈膏藥膠布(萬靈膏加減味去麝香),,中藥外用貼布,False,藥膠布劑,成藥,active_in_official_export,"適應症:消瘀、舒筋、活血、止痛、治跌打損傷。
效能:","處方:每公克中含有: 
鐵線透骨草 (20 mg)
當歸 (20 mg)
自然銅 (20 mg)
瓜兒血竭 (20 mg)
沒藥 (20 mg)
川芎 (16 mg)
赤芍 (40 mg)
紅花 (20 mg)
川牛膝 (10 mg)
五加皮 (10 mg)
石菖蒲 (10 mg)
蒼朮 (10 mg)
木香 (6 mg)
秦艽 (6 mg)
骨碎補 (10 mg)
蛇床子 (6 mg)
肉桂 (6 mg)
附子 (6 mg)
半夏 (6 mg)
石斛 (6 mg)
萆薢 (6 mg)
鹿茸 (6 mg)
冬綠油 (5 mg)
氧化鋅 (30 mg)
樹脂 (534 mg)
香精 (1 mg)
薄荷腦 (30 mg)
麻油加至1g ( )",https://service.mohw.gov.tw/DOCMAP/CusSite/TCMLQueryForm.aspx
衛署成製字第012936號,“立康”血利通痠痛膏藥膠布(金絲萬應膏加味),HSUEH LI TUNG SUAN TUNG KAO PLASTER“LI KANG”,中藥外用貼布,False,藥膠布劑,成藥,active_in_official_export,"適應症:跌撲損傷、手足肩背及寒濕、疼痛之敷貼。
效能:","處方:每公克中含有:
松脂 (390.50 mg)
威靈仙 (37.50 mg)
黃蠟 (37.50 mg)
木鼈子 (12.00 mg)
蓖麻子油 (60.00 mg)
乳香 (18.75 mg)
沒藥 (18.75 mg)
薄荷腦 (50.00 mg)
麻油 (327.50 mg)
冬綠油 (5.00 mg)
樹脂加至 (1 g)",https://service.mohw.gov.tw/DOCMAP/CusSite/TCMLQueryForm.aspx
衛署成製字第013473號,“三帆”十靈金絲膏水性藥膠布(金絲萬應膏加減味),"Shyr Ling Jin Si Gau Hydrogel Patch ""S.F.""",中藥外用貼布,False,藥膠布劑,乙類成藥,active_in_official_export,"適應症:跌撲損傷、寒濕及手足肩背疼痛之敷貼。

效能:","處方:每公克中含有:
威靈仙 (30 mg)
黃蠟 (30 mg)
木鼈子 (15 mg)
蓖麻子 (50 mg)
乳香 (20 mg)
沒藥 (20 mg)
川七 (30 mg)
柳枝 (5 mg)
麻油 (250 mg)
薄荷腦 (15 mg)
冬綠油 (7 mg)
食用黃色5號 ( q.s.)
羥苯甲酸甲酯 (1.7 mg)
食用藍色2號 ( q.s.)
樹脂(水性基劑)加至 (1.0 g)",https://service.mohw.gov.tw/DOCMAP/CusSite/TCMLQueryForm.aspx
衛署成製字第013555號,“八福”萬應膏藥膠布(加減味去穿山甲),"WANN YING GAU PLASTER (JIA JIAN WEI CYU CHUAN SHAN JIA) ""B.F.""",中藥外用貼布,False,藥膠布劑,成藥,active_in_official_export,"適應症:風溼遍身痠痛、筋骨痠痛。
效能:","處方:每公克中含有:
川烏 (28 mg)
草烏 (28 mg)
生地黃 (28 mg)
白蘞 (28 mg)
白及 (28 mg)
官桂 (28 mg)
白芷 (28 mg)
大黃 (28 mg)
當歸 (28 mg)
赤芍 (28 mg)
羌活 (28 mg)
苦參 (28 mg)
土木鼈 (28 mg)
烏藥 (28 mg)
甘草 (28 mg)
獨活 (28 mg)
玄參 (28 mg)
乳香 (20 mg)
膠質沒藥 (20 mg)
槐枝 (20 mg)
柳枝 (20 mg)
樹脂 (200 mg)
薄荷腦 (40 mg)
冬綠油 (10 mg)
氧化鋅 (20 mg)
食用黃色色素4號 (20 mg)
二丁基羥基甲苯 (3 mg)
麻油加至1g ( )",https://service.mohw.gov.tw/DOCMAP/CusSite/TCMLQueryForm.aspx
衛署成製字第013701號,“肌樂”肌樂水性痠痛貼布藥膠布(止痛散加減味),Zero-Pain Plaster (Zhi Tong San Jia Jian Wei),中藥外用貼布,False,藥膠布劑,成藥,active_in_official_export,"適應症:筋肉疼痛、跌打損傷、手足肩背及寒濕疼痛之敷貼。
效能:","處方:每公克中含有:
防風 (1.1 mg)
艾草 (1.1 mg)
牡丹皮 (1.1 mg)
鶴虱 (1.1 mg)
升麻 (1.1 mg)
苦參 (2.2 mg)
鐵線透骨草 (2.2 mg)
赤芍 (2.2 mg)
川椒 (1.1 mg)
甘草 (1.1 mg)
金不換 (1.1 mg)
川七 (1.1 mg)
薄荷腦 (78.1 mg)
冬綠油 (30.2 mg)
黏膠基劑 (710 mg)
對苯羥甲酸甲酯 (1.8 mg)
對苯羥甲酸丙酯 (0.2 mg)",https://service.mohw.gov.tw/DOCMAP/CusSite/TCMLQueryForm.aspx
衛署成製字第014545號,“德山”萬靈膏藥膠布(加減味去麝香),Wan Ling Gau Plaster“DERSAN”(Jia Jian Wei Chiu She Shiang),中藥外用貼布,False,藥膠布劑,成藥,active_in_official_export,"適應症:消瘀、舒筋、活血、止痛、跌打損傷。
效能:","處方:每公克中含有:
骨碎補 (20 mg)
透骨草 (20 mg)
當歸 (20 mg)
紅花 (20 mg)
自然銅 (20 mg)
血竭 (20 mg)
沒藥 (20 mg)
川芎 (16 mg)
赤芍 (40 mg)
川牛膝 (10 mg)
鹿茸 (6 mg)
五加皮 (10 mg)
石菖蒲 (10 mg)
蒼朮 (10 mg)
木香 (6 mg)
秦艽 (6 mg)
蛇床子 (6 mg)
肉桂 (6 mg)
附子 (6 mg)
半夏 (6 mg)
石斛 (6 mg)
萆薢 (6 mg)
樹脂 (370 mg)
薄荷腦 (20 mg)
冬綠油 (20 mg)
冰片 (10 mg)
氧化鋅 (30 mg)
食用黃色4號 (4 mg)
鹽酸二苯安明 (5 mg)
二丁基羥基甲苯 (3 mg)
麻油加至1g ( )",https://service.mohw.gov.tw/DOCMAP/CusSite/TCMLQueryForm.aspx
衛署成製字第015080號,“愛生”賜利好藥膠布(混元膏加減味),Shy Lih Hao Yaw Jiau Bu“L.L.”(Huenn Yuan Gau Jia Jean Way),中藥外用貼布,False,藥膠布劑,成藥,active_in_official_export,"適應症:打撲損傷、消腫止痛。
效能:","處方:每公克中含有:
沒藥 (30 mg)
白及 (30 mg)
漏蘆 (30 mg)
紅花 (30 mg)
升麻 (30 mg)
白蘞 (30 mg)
大黃 (30 mg)
生梔子 (30 mg)
甘草 (30 mg)
蘆薈 (40 mg)
青黛 (30 mg)
樹脂 (150 mg)
薄荷腦 (60 mg)
冬綠油 (20 mg)
淨香油加至1g ( )",https://service.mohw.gov.tw/DOCMAP/CusSite/TCMLQueryForm.aspx
衛署成製字第015386號,“輝陽”正筋骨酸痛藥布(萬應膏加減味去穿山甲),Zheng Jin Gu Herbal Plaster“Hui Yung”(Wann Ing Gau Jia Jean Wey Chiuh Chuan Shan Jea),中藥外用貼布,False,藥膠布劑,成藥,active_in_official_export,"適應症:風濕遍身痠痛、筋骨痠痛、關節痛、扭傷、閃傷、行瘀活血。
效能:","處方:每公克中含有:
生地黃 (30 mg)
白蘞 (30 mg)
白及 (30 mg)
玄參 (30 mg)
白芷 (30 mg)
當歸 (30 mg)
赤芍 (30 mg)
羌活 (30 mg)
木鼈子 (30 mg)
烏藥 (30 mg)
甘草 (30 mg)
獨活 (30 mg)
苦參 (30 mg)
大黃 (30 mg)
薄荷腦 (40 mg)
冰片 (10 mg)
樹脂 (400 mg)
氧化鋅 (30 mg)
食用紅色6號 ( q.s.)
麻油加至1g ( )",https://service.mohw.gov.tw/DOCMAP/CusSite/TCMLQueryForm.aspx
衛署成製字第015706號,“順安”太乙膏藥膠布(加減味),,中藥外用貼布,False,藥膠布劑,成藥,active_in_official_export,"適應症:風濕痛、跌打撲傷、筋骨痠痛。
效能:","處方:每公克中含有:
白芷 (13 mg)
當歸 (13 mg)
赤芍 (13 mg)
玄參 (13 mg)
肉桂 (13 mg)
大黃 (13 mg)
阿魏 (2 mg)
沒藥 (2 mg)
木鼈子 (13 mg)
生地黃 (13 mg)
柳枝 (27 mg)
獨活 (27 mg)
血餘 (7 mg)
乳香 (3 mg)
樹脂 (100 mg)
薄荷腦 (40 mg)
氧化鋅 (60 mg)
麻油加至1g ( )",https://service.mohw.gov.tw/DOCMAP/CusSite/TCMLQueryForm.aspx
衛部成製字第016344號,腫痛適消百痛敵刺骨寧消炎膏(萬靈膏加減味去麝香),ZHONG TONG SHI XIAO BAI TONG DI CI GU NING XIAO YAN GAO (WAN LING GAO JIA JIAN WEI QU SHE XIANG),中藥外用貼布,False,藥膠布劑,成藥,active_in_official_export,"適應症:消瘀、舒筋、活血、止痛、治跌打損傷。
效能:","處方:每公克中含有:
骨碎補 (20 mg)
當歸 (20 mg)
紅花 (20 mg)
自然銅 (20 mg)
瓜兒血竭 (20 mg)
乳香 (20 mg)
沒藥 (20 mg)
川芎 (16 mg)
赤芍 (40 mg)
川牛膝 (10 mg)
五加皮 (10 mg)
蒼朮 (10 mg)
木香 (6 mg)
秦艽 (6 mg)
蛇床子 (6 mg)
肉桂 (6 mg)
附子 (6 mg)
半夏 (6 mg)
石斛 (6 mg)
萆薢 (6 mg)
鹿茸 (6 mg)
石菖蒲 (10 mg)
松香 (20 mg)
樹脂 (200 mg)
氧化鋅 (60 mg)
冬綠油 (20 mg)
薄荷腦 (60 mg)
食用藍色2號 ( q.s.)
食用黃色4號 ( q.s.)
麻油加至 (1 g)",https://service.mohw.gov.tw/DOCMAP/CusSite/TCMLQueryForm.aspx
衛部成製字第016476號,“天明”太乙膏加減味,,中藥外用貼布,False,藥膠布劑,成藥,active_in_official_export,"適應症:跌打損傷、風濕遍身痠痛、筋骨痠痛、關節痛。
效能:","處方:每公克中含有:
白芷 (14 mg)
當歸 (14 mg)
赤芍 (14 mg)
玄參 (14 mg)
肉桂 (14 mg)
大黃 (14 mg)
木鼈子 (14 mg)
生地黃 (14 mg)
血餘 (7 mg)
乳香 (4 mg)
阿魏 (2 mg)
沒藥 (2 mg)
薄荷腦 (50 mg)
樹脂 (150 mg)
氧化鋅 (30 mg)
冬綠油 (5 mg)
食用色素黃色5號 ( q.s.)
食用色素藍色2號 ( q.s.)
麻油加至 (1 g)",https://service.mohw.gov.tw/DOCMAP/CusSite/TCMLQueryForm.aspx
衛部成製字第016580號,帝皇牌活絡膏,Diwang huo luo gao,中藥外用貼布,False,藥膠布劑,成藥,active_in_official_export,"適應症:消瘀、舒筋、活血、消腫、止痛、跌打、風溼關節痛。
效能:","處方:每公克中含有:
白芷 (13 mg)
當歸 (13 mg)
赤芍 (13 mg)
玄參 (13 mg)
肉桂 (13 mg)
大黃 (13 mg)
沒藥 (2 mg)
生地黃 (13 mg)
獨活 (27 mg)
乳香 (3 mg)
樹脂 (200 mg)
薄荷 (150 mg)
麻油加至 (1 g)",https://service.mohw.gov.tw/DOCMAP/CusSite/TCMLQueryForm.aspx
衛部成製字第017034號,黑螞蟻麝香特效骨痛王,Gu Tong Wang,中藥外用貼布,False,藥膠布劑,成藥,active_in_official_export,"適應症:
效能:","處方:每公克中含有: 
當歸 (150 mg)
三七 (103 mg)
人工麝香 (50 mg)
乳香 (50 mg)
沒藥 (50 mg)
兒茶 (100 mg)
土鱉蟲 (80 mg)
薄荷腦 (19 mg)
橡膠 (125.1 mg)
松香 (97.8 mg)
氧化鋅 (133.4 mg)
羊毛脂 (16.7 mg)
凡士林加至1g ( )",https://service.mohw.gov.tw/DOCMAP/CusSite/TCMLQueryForm.aspx
衛署成製字第007683號,“養生堂”鐵牛神農百草膏(金絲萬應膏加減味),,中藥外用貼布,False,藥膠布劑,成藥,active_in_official_export,"適應症:跌打損傷、手足肩背及寒濕疼痛。
效能:","處方:每公克中含有:
威靈仙 (30 mg)
黃蠟 (30 mg)
木鼈子 (15 mg)
沒藥 (20 mg)
乳香 (20 mg)
蓖麻子 (50 mg)
薄荷腦 (50 mg)
樹脂 (200 mg)
氧化鋅 (40 mg)
冬綠油 (10 mg)
麻油加至 (1000 mg)",https://service.mohw.gov.tw/DOCMAP/CusSite/TCMLQueryForm.aspx
衛署成製字第011536號,“康之田”貼樂好止痛健康藥膠布(萬靈膏加減味去麝香),"Da Do Ho Jian Kang Plaster ""K.T.T."" (wan ling gao jia jian wei cyu she siang)",中藥外用貼布,False,藥膠布劑,成藥,active_in_official_export,"適應症:消瘀、舒筋、活血、止痛、治跌打損傷。
效能:","處方:每公克中含有: 
骨碎補 (20 mg)
當歸 (20 mg)
紅花 (20 mg)
自然銅 (20 mg)
瓜兒血竭 (20 mg)
乳香 (20 mg)
沒藥 (20 mg)
川芎 (16 mg)
赤芍 (40 mg)
川牛膝 (10 mg)
五加皮 (10 mg)
蒼朮 (10 mg)
木香 (6 mg)
秦艽 (6 mg)
蛇床子 (6 mg)
肉桂 (6 mg)
附子 (6 mg)
半夏 (6 mg)
石斛 (6 mg)
萆薢 (6 mg)
鹿茸 (6 mg)
石菖蒲 (10 mg)
松香 (20 mg)
樹脂 (200 mg)
氧化鋅 (60 mg)
冬綠油 (10 mg)
薄荷腦 (40 mg)
麻油加至1g ( )",https://service.mohw.gov.tw/DOCMAP/CusSite/TCMLQueryForm.aspx
衛署成製字第013606號,“立康”益貼寧膏藥膠布(混元膏加減味去麝香),"I TIEH NING KAO PLASTER ""LI KANG""",中藥外用貼布,False,藥膠布劑,成藥,active_in_official_export,"適應症:打撲損傷、消腫止痛。
效能:","處方:每公克中含有:
沒藥 (30 mg)
白及 (30 mg)
漏蘆 (30 mg)
紅花 (30 mg)
升麻 (30 mg)
白蘞 (30 mg)
大黃 (30 mg)
生梔子 (30 mg)
甘草 (30 mg)
蘆薈 (40 mg)
青黛 (30 mg)
薄荷腦 (12 mg)
冬綠油 (10 mg)
麻油 (377 mg)
食用藍色二號 ( q.s.)
食用黃色四號 ( q.s.)
樹脂加至1000mg ( )",https://service.mohw.gov.tw/DOCMAP/CusSite/TCMLQueryForm.aspx
衛署成製字第013720號,“立康”思樂貼藥膠布(金絲膏加減味),"SZU LO TIEH PLASTER ""LI KANG""",中藥外用貼布,False,藥膠布劑,成藥,active_in_official_export,"適應症:跌撲損傷、手足肩背及寒濕、腳氣疼痛之敷貼。
效能:","處方:每公克中含有:
當歸尾 (10 mg)
白芷 (10 mg)
杏仁 (10 mg)
玄參 (10 mg)
皂角 (10 mg)
草烏 (10 mg)
白膠香 (200 mg)
連鬚葉葱 (31 mg)
松脂 (200 mg)
乳香 (17 mg)
沒藥 (17 mg)
麻油 (450 mg)
薄荷腦 (14 mg)
冬綠油 (10 mg)
食用藍色2號 ( q.s.)
食用黃色4號 ( q.s.)
樹脂加至1g ( )",https://service.mohw.gov.tw/DOCMAP/CusSite/TCMLQueryForm.aspx
衛署成製字第014037號,〝生春〞妙筋樂藥膠布(萬應膏加減味),MIAO CHIN LO PLASTER〝SHENG CHUN〞(WAN YING KAO CHIA CHIEN WEI),中藥外用貼布,False,藥膠布劑,成藥,active_in_official_export,"適應症:風濕、遍身疼痛、筋骨痠痛、癰
效能:","處方:每公克中含有:
川烏 (30 mg)
草烏 (30 mg)
生地黃 (30 mg)
白蘞 (30 mg)
白芷 (40 mg)
當歸 (30 mg)
赤芍 (30 mg)
羌活 (30 mg)
木鼈子 (30 mg)
烏藥 (30 mg)
甘草 (30 mg)
獨活 (30 mg)
元參 (30 mg)
大黃 (30 mg)
肉桂 (20 mg)
沒藥 (30 mg)
乳香 (30 mg)
樹脂 (400 mg)
氧化鋅 (40 mg)
冬綠油 (10 mg)
薄荷腦 (30 mg)
食用藍色二號 (10 mg)
食用黃色四號 (15 mg)
麻油加至全量1g ( )",https://service.mohw.gov.tw/DOCMAP/CusSite/TCMLQueryForm.aspx
衛署成製字第014264號,正光勁骨巴斯藥膠布(萬應膏加減味),JIN-GU PASS PLASTER “C.K”(WAN IN KAO JIA CHIEN WEY),中藥外用貼布,False,藥膠布劑,成藥,active_in_official_export,"適應症:風濕、遍身痠痛、筋骨痠痛。
效能:","處方:每公克中含有:
川烏 (5.6 mg)
草烏 (5.6 mg)
生地黃 (5.6 mg)
白蘞 (5.6 mg)
白芨 (5.6 mg)
官桂 (5.6 mg)
白芷 (5.6 mg)
當歸 (5.6 mg)
赤芍 (5.6 mg)
羌活 (5.6 mg)
苦參 (5.6 mg)
木鼈子 (5.6 mg)
澤蘭 (5.6 mg)
烏藥 (5.6 mg)
甘草 (5.6 mg)
獨活 (5.6 mg)
玄參 (5.6 mg)
大黃 (5.6 mg)
冬綠油 (15.0 mg)
冰片 (5.0 mg)
薄荷腦 (30.0 mg)
麻油 (400.0 mg)
氧化鋅 (30.0 mg)
樹脂加至1g ( )",https://service.mohw.gov.tw/DOCMAP/CusSite/TCMLQueryForm.aspx
衛署成製字第014487號,龍祖傳方膏藥膠布(太乙膏加味),,中藥外用貼布,False,藥膠布劑,成藥,active_in_official_export,"適應症:風濕痛、筋骨痠痛、跌傷、打撲傷
效能:","處方:每公克中含有:
白芷 (14 mg)
沒藥 (2 mg)
木鼈子 (14 mg)
赤芍 (14 mg)
薄荷腦 (35 mg)
血餘 (7 mg)
肉桂 (14 mg)
乳香 (4 mg)
大黃 (14 mg)
當歸 (14 mg)
阿魏 (2 mg)
生地黃 (14 mg)
玄參 (14 mg)
樹脂 (257 mg)
麻油加至1g ( )",https://service.mohw.gov.tw/DOCMAP/CusSite/TCMLQueryForm.aspx
衛署成製字第014818號,正光加味勁絲膏藥膠布(金絲膏加味),C.K. JiaWey Chin’S Kao Plaster(CHIN SU KAO JIA WEY),中藥外用貼布,False,藥膠布劑,成藥,active_in_official_export,"適應症:跌撲損傷、手足肩背及寒濕、腳氣疼痛之敷貼。
效能:","處方:每公克中含有:
當歸尾 (10.45 mg)
杏仁(去尖皮) (10.45 mg)
川白芷 (10.45 mg)
玄參 (10.45 mg)
草屋(生剉) (10.45 mg)
豬牙皂角(去皮弦) (10.45 mg)
乳香 (17.42 mg)
沒藥 (17.42 mg)
白膠香(明者) (200 mg)
薄荷腦 (35.00 mg)
蓮鬚葉蔥 (31.37 mg)
氧化鋅 (30.00 mg)
冰片 (10.00 mg)
冬綠油 (5.00 mg)
黃蠟 (26.00 mg)
樹脂 (100.00 mg)
松脂 (200.00 mg)
凡士林 (10.00 mg)
桂花油 (2.00 mg)
食用黃色四號(鋁麗基) ( q.s.)
食用紅色七號(鋁麗基) ( q.s.)
丁香醇 (3.00 mg)
清油加至1g ( )",https://service.mohw.gov.tw/DOCMAP/CusSite/TCMLQueryForm.aspx
衛署成製字第015473號,“德山”舒絡辣椒膏藥膠布(太乙膏加味),Shu Luo La Jiao Gau Plaster“DERSAN”(Tai Yi Gau Jia Wei),中藥外用貼布,False,藥膠布劑,成藥,active_in_official_export,"適應症:風濕痛、筋骨痠痛、關節痛、腰痠背痛。
效能:","處方:每公克中含有:
白芷 (50.0 mg)
辣椒 (12.5 mg)
當歸 (50.0 mg)
赤芍 (50.0 mg)
玄參 (50.0 mg)
柳枝 (25.0 mg)
槐枝 (25.0 mg)
肉桂 (50.0 mg)
沒藥 (7.5 mg)
大黃 (50.0 mg)
木鼈子 (50.0 mg)
生地黃 (50.0 mg)
阿魏 (7.5 mg)
乳香 (12.5 mg)
血餘 (25.0 mg)
川烏 (25.0 mg)
草烏 (25.0 mg)
松香 (25.0 mg)
薄荷腦 (50.0 mg)
樹脂 (260.0 mg)
氧化鋅 (30.0 mg)
食用紅色七號 (2.0 mg)
食用黃色四號 (1.0 mg)
食用藍色一號 (1.0 mg)
麻油加至1g ( )",https://service.mohw.gov.tw/DOCMAP/CusSite/TCMLQueryForm.aspx
衛署成製字第015736號,〝港香蘭〞多可多風濕酸痛膏藥膠布(萬應膏加減去穿山甲),Decocto Feng Shi Suan Tong Gao Plaster(Wan Ying Gao Jia Chien Chu Chuan Shan Jia),中藥外用貼布,False,藥膠布劑,成藥,active_in_official_export,"適應症:風濕遍身疼痛、筋骨痠痛、關節痛、扭傷、閃傷、行瘀活血。
效能:","處方:每公克中含有:
川烏 (30 mg)
草烏 (30 mg)
生地黃 (30 mg)
白蘞 (30 mg)
白及 (30 mg)
玄參 (30 mg)
白芷 (30 mg)
當歸 (30 mg)
赤芍 (30 mg)
羌活 (30 mg)
木鼈子 (30 mg)
烏藥 (30 mg)
甘草 (30 mg)
獨活 (30 mg)
苦參 (30 mg)
大黃 (30 mg)
氧化鋅 (30 mg)
薄荷腦 (20 mg)
冬綠油 (10 mg)
樹脂 (350 mg)
麻油加至1g ( )",https://service.mohw.gov.tw/DOCMAP/CusSite/TCMLQueryForm.aspx
衛部成製字第016541號,舒筋活絡膏,Shu Jin Huo Luo Gao,中藥外用貼布,False,藥膠布劑,成藥,active_in_official_export,"適應症:消瘀、舒筋、活血、消腫、止痛、跌打、風濕關節痛。
效能:","處方:每公克中含有:
辣椒 (30 mg)
白蠟 (160 mg)
樹脂 (300 mg)
薄荷 (200 mg)
蜂蠟 (30 mg)
清油加至 (1 g)",https://service.mohw.gov.tw/DOCMAP/CusSite/TCMLQueryForm.aspx
衛署成製字第004639號,“東發”加味太乙膏藥膠布,,中藥外用貼布,False,藥膠布劑,成藥,active_in_official_export,"適應症:風濕痛、筋骨痠痛、關節痛、腰痠背痛。
效能:","處方:每公克中含有:
白芷 (50 mg)
辣椒 (12.5 mg)
當歸 (50 mg)
赤芍 (50 mg)
元參 (50 mg)
柳枝 (25 mg)
槐枝 (25 mg)
肉桂 (50 mg)
沒藥 (7.5 mg)
大黃 (50 mg)
木鼈子 (50 mg)
生地黃 (50 mg)
阿魏 (7.5 mg)
乳香 (12.5 mg)
血餘 (25 mg)
川烏 (25 mg)
草烏 (25 mg)
松香 (25 mg)
薄荷腦 (50 mg)
樹脂 (260 mg)
麻油加至1g ( )",https://service.mohw.gov.tw/DOCMAP/CusSite/TCMLQueryForm.aspx
衛署成製字第006275號,“南美”加味金絲萬應膏藥膠布,"Jia wey Jin Sy wann Ing Gau Plaster ""N.M.""",中藥外用貼布,False,藥膠布劑,成藥,active_in_official_export,"適應症:跌撲損傷、手足肩背及寒濕、腳氣疼痛之敷貼。
效能:","處方:每公克中含有: 
松脂 (590.50 mg)
威靈仙 (37.50 mg)
黃蠟 (37.50 mg)
木鼈子 (12.00 mg)
蓖麻子 (60.00 mg)
薄荷 (150.00 mg)
沒藥 (18.75 mg)
乳香 (18.75 mg)
薄荷腦 (30.00 mg)
氧化鋅 (10.00 mg)
冬綠油 (10.00 mg)
抗氧化劑(BHT) (1.00 mg)
食用黃色4號 ( q.s.)
食用藍色2號 ( q.s.)
麻油加至1g ( )",https://service.mohw.gov.tw/DOCMAP/CusSite/TCMLQueryForm.aspx
衛署成製字第010213號,“漁人”萬應膏加減味藥膠布(去穿山甲),"WANN YING GAU JIA JEAN WEY PLASTER (CHYU CHUAN SHAN JIA) ""F.M.""",中藥外用貼布,False,藥膠布劑,成藥,active_in_official_export,"適應症:風寒濕痹、腰背四肢筋骨疼痛、跌打損傷、癰疽惡瘡、心腹寒疾。
效能:","處方:每公克中含有: 
防風 (4.0816 mg)
赤芍 (4.0816 mg)
製川烏 (8.1633 mg)
白芷 (4.0816 mg)
肉桂 (4.0816 mg)
苦參 (4.0816 mg)
乳香 (4.0816 mg)
羌活 (4.0816 mg)
當歸 (4.0816 mg)
膠質沒藥 (4.0816 mg)
獨活 (4.0816 mg)
木鼈子 (8.1633 mg)
樹脂 (200.0000 mg)
冰片 (20.0000 mg)
薄荷 (4.0000 mg)
薄荷腦 (20.0000 mg)
冬綠油 (10.0000 mg)
氧化鋅 (30.0000 mg)
氧化鐵 (15.0000 mg)
Dibutyl Hydroxy Toluene (3.0000 mg)
食用黃色5號鋁麗基 (0.5000 mg)
麻油加至1g ( )",https://service.mohw.gov.tw/DOCMAP/CusSite/TCMLQueryForm.aspx
衛署成製字第011093號,“生春”消腫透骨膏藥膠布(萬應紫金膏加減味),,中藥外用貼布,False,藥膠布劑,成藥,active_in_official_export,"適應症:手足腰背疼痛、閃挫傷損。
效能:","處方:每公克中含有: 
赤芍 (7 mg)
當歸 (7 mg)
紅花 (7 mg)
黃芩 (7 mg)
防風 (7 mg)
荊芥 (7 mg)
連翹 (7 mg)
黃柏 (7 mg)
白殭蠶 (7 mg)
蟬蛻 (7 mg)
白芷 (7 mg)
甘草 (7 mg)
大黃 (7 mg)
金銀花 (7 mg)
川烏 (7 mg)
草烏 (7 mg)
羌活 (7 mg)
蒼朮 (7 mg)
細辛 (7 mg)
花椒 (7 mg)
秦艽 (7 mg)
乳香 (7 mg)
沒藥 (7 mg)
骨碎補 (14 mg)
何首烏 (7 mg)
蛇床子 (7 mg)
木鼈子 (7 mg)
大楓子 (7 mg)
生南星 (7 mg)
生半夏 (7 mg)
樹脂 (450 mg)
冬綠油 (15 mg)
薄荷腦 (35 mg)
氧化鋅 (120 mg)
食用藍色2號 ( q.s.)
食用黃色4號 ( q.s.)
麻油加至1g ( )",https://service.mohw.gov.tw/DOCMAP/CusSite/TCMLQueryForm.aspx
衛署成製字第011902號,“愛生”萬壽膏藥膠布(金絲萬應膏加減味),"Wae Show Gau Yaw Jiau Bu ""L.L.""",中藥外用貼布,False,藥膠布劑,成藥,active_in_official_export,"適應症:跌打損傷、手足肩背及寒濕疼痛之敷貼。
效能:","處方:每公克中含有: 
威靈仙 (30 mg)
木鼈子 (15 mg)
蓖麻子 (50 mg)
沒藥 (20 mg)
乳香 (20 mg)
松脂 (200 mg)
黃蠟 (30 mg)
薄荷腦 (40 mg)
氧化鋅 (50 mg)
冬綠油 (10 mg)
食用藍色4號 ( q.s.)
食用黃色2號 ( q.s.)
麻油加至1g ( )",https://service.mohw.gov.tw/DOCMAP/CusSite/TCMLQueryForm.aspx
衛署成製字第011973號,“得生”貼骨力水性藥膠布(金絲膏加減味),"Tieh Ku Li Hydrogel Plaster ""T.S."" (Chin Szu Kao Chia Chien Wei)",中藥外用貼布,False,藥膠布劑,成藥,active_in_official_export,"適應症:跌撲損傷、寒濕及手足肩背疼痛之敷貼。
效能:","處方:每公克中含有: 
當歸 (11.25 mg)
白芷 (11.25 mg)
杏仁 (11.25 mg)
玄參 (11.25 mg)
豬牙皂 (11.25 mg)
草烏 (11.25 mg)
蔥(帶鬚) (30.00 mg)
乳香 (18.75 mg)
沒藥 (18.75 mg)
麻油 (90.00 mg)
薄荷腦 (20.00 mg)
羥苯甲酸甲酯 (1.80 mg)
羥苯甲酸丙酯 (0.20 mg)
樹脂(水性基劑)加至1g ( )",https://service.mohw.gov.tw/DOCMAP/CusSite/TCMLQueryForm.aspx
衛署成製字第012022號,”香生堂”萬金膏藥膠布(萬金膏加減味),"Wan Jin Gau Yaw Jiau Bu ""SHA SEN TAN""",中藥外用貼布,False,藥膠布劑,成藥,active_in_official_export,"適應症:癰疽發背、瘡癤、打撲傷之敷貼。
效能:","處方:每公克中含有:
龍骨 (10 mg)
鼈甲 (10 mg)
苦參 (10 mg)
烏賊骨 (10 mg)
黃柏 (10 mg)
黃芩 (10 mg)
黃連 (10 mg)
皂角 (10 mg)
白及 (10 mg)
白蘞 (10 mg)
厚朴 (10 mg)
木鼈子 (10 mg)
草烏 (10 mg)
川芎 (10 mg)
當歸 (10 mg)
白芷 (10 mg)
沒藥 (10 mg)
乳香 (10 mg)
槐枝 (10 mg)
柳枝 (10 mg)
樹脂 (160 mg)
冬綠油 (10 mg)
薄荷腦 (10 mg)
冰片 (10 mg)
氧化鋅 (40 mg)
三氧化二鐵 (0.5 mg)
食用黃色4號 (0.5 mg)
麻油加至 (1 g)",https://service.mohw.gov.tw/DOCMAP/CusSite/TCMLQueryForm.aspx
衛署成製字第012138號,”愛生”必安膏藥膠布(太乙膏加減味),"Bih An Gau Yaw Jiau Bu ""L.L.""",中藥外用貼布,False,藥膠布劑,成藥,active_in_official_export,"適應症:風濕遍身痠痛、筋骨痠痛、關節痛、跌打撲傷。
效能:","處方:每公克中含有:
白芷 (14 mg)
當歸 (14 mg)
赤芍 (14 mg)
玄參 (14 mg)
肉桂 (14 mg)
大黃 (14 mg)
木鼈子 (14 mg)
生地黃 (14 mg)
血餘 (7 mg)
乳香 (4 mg)
阿魏 (2 mg)
沒藥 (2 mg)
薄荷腦 (50 mg)
樹脂 (150 mg)
氧化鋅 (30 mg)
冬綠油 (5 mg)
食用藍色2號 (2 mg)
食用黃色4號 (4 mg)
麻油加至 (1 g)",https://service.mohw.gov.tw/DOCMAP/CusSite/TCMLQueryForm.aspx
衛部成製字第012522A   號,“三帆”三帆青草藥膠布(萬應膏加減味),"Three Mast Ching Taso Balm ""S.F."" (Wan Ying Gao Jia Jian Wei)",中藥外用貼布,False,藥膠布劑,成藥,active_in_official_export,"適應症:筋骨痠痛。
效能:","處方:每公克中含有: 
生地黃 (30 mg)
白蘞 (30 mg)
白及 (30 mg)
肉桂 (30 mg)
白芷 (30 mg)
當歸 (30 mg)
赤芍 (30 mg)
羌活 (30 mg)
苦參 (30 mg)
木鼈子 (30 mg)
烏藥 (30 mg)
甘草 (30 mg)
獨活 (30 mg)
玄參 (30 mg)
大黃 (30 mg)
柳枝 (30 mg)
橡膠 (60 mg)
樹脂 (100 mg)
薄荷腦 (30 mg)
氧化鋅 (30 mg)
食用藍色二號 (4 mg)
食用黃色五號 (2 mg)
麻油加至1g ( )",https://service.mohw.gov.tw/DOCMAP/CusSite/TCMLQueryForm.aspx
衛署成製字第013546號,“康之田”康之田通血透骨膏藥膠布(萬靈膏加減味去麝香),"Kamtamt Tung Hsieh Tou Ku Balm Plaster ""K.T.T.""(wan ling gao jia jian wei cyu she siang)",中藥外用貼布,False,藥膠布劑,成藥,active_in_official_export,"適應症:消瘀、舒筋、活血、止痛、治跌打損傷。
效能:","處方:每公克中含有:
骨碎補 (20 mg)
當歸 (20 mg)
紅花 (20 mg)
自然銅 (20 mg)
瓜兒血竭 (20 mg)
乳香 (20 mg)
沒藥 (20 mg)
川芎 (16 mg)
赤芍 (40 mg)
川牛膝 (10 mg)
五加皮 (10 mg)
蒼朮 (10 mg)
木香 (6 mg)
秦艽 (6 mg)
蛇床子 (6 mg)
肉桂 (6 mg)
附子 (6 mg)
半夏 (6 mg)
石斛 (6 mg)
萆薢 (6 mg)
鹿茸 (6 mg)
石菖蒲 (10 mg)
松香 (20 mg)
樹脂 (200 mg)
氧化鋅 (60 mg)
冬綠油 (20 mg)
薄荷腦 (60 mg)
食用藍色2號  q.s. ( )
食用黃色4號  q.s. ( )
食用黃色5號  q.s. ( )
食用紅色6號  q.s. ( )
麻油加至1.0g ( )",https://service.mohw.gov.tw/DOCMAP/CusSite/TCMLQueryForm.aspx
衛署成製字第014225號,”大維”正骨青草藥膠布(金絲萬應膏加減味),zheng gu qing cao plaster”T.W.”(jin si wan ying gao jia jian wei),中藥外用貼布,False,藥膠布劑,成藥,active_in_official_export,"適應症:跌打損傷、手足肩背及寒濕疼痛之敷貼。
效能:","處方:每公克中含有:
木鼈子 (15 mg)
蓖麻子 (50 mg)
沒藥 (20 mg)
乳香 (20 mg)
松脂 (200 mg)
黃蠟 (30 mg)
威靈仙 (30 mg)
氧化鋅 (50 mg)
薄荷腦 (40 mg)
冬綠油 (10 mg)
食用色素黃色4號 ( q.s.)
食用色素藍色2號 ( q.s.)
麻油加至1g ( )",https://service.mohw.gov.tw/DOCMAP/CusSite/TCMLQueryForm.aspx
衛署成製字第014663號,〝輝陽〞輝力藥膠布(混元膏加減味去麝香),Huei Lih Plaster〝H.Y〞(huenn yuan gau jia jean wey chiuh sheh shiang),中藥外用貼布,False,藥膠布劑,成藥,active_in_official_export,"適應症:打撲損傷、骨碎筋翻、瘀血凝聚、青紫腫痛。
效能:","處方:每公克中含有:
沒藥 (30 mg)
白及 (30 mg)
漏蘆 (30 mg)
紅花 (30 mg)
升麻 (30 mg)
白蘞 (30 mg)
大黃 (30 mg)
生梔子 (30 mg)
甘草 (30 mg)
蘆薈 (40 mg)
青黛 (30 mg)
冰片 (20 mg)
薄荷腦 (50 mg)
冬綠油 (5 mg)
氧化鋅 (30 mg)
樹脂 (200 mg)
食用紅色6號 ( q.s.)
麻油加至1g ( )",https://service.mohw.gov.tw/DOCMAP/CusSite/TCMLQueryForm.aspx
衛署成製字第014710號,“順安”順安通血萬應膏藥膠布(萬應膏加減味),“Shuenn-An”S.A. Tong Xie Wan Ying Gao Yao Jiao Bu(Wan Ying Gao Jia Jian Wei),中藥外用貼布,False,藥膠布劑,成藥,active_in_official_export,"適應症:風濕遍身痠痛、筋骨痠痛、關節痛、扭傷、閃傷、行瘀活血。
效能:","處方:每公克中含有:
川烏 (30 mg)
草烏 (30 mg)
生地黃 (30 mg)
白蘞 (30 mg)
白及 (30 mg)
白芷 (30 mg)
大黃 (30 mg)
當歸 (30 mg)
赤芍 (30 mg)
木鼈子 (30 mg)
烏藥 (30 mg)
甘草 (30 mg)
獨活 (30 mg)
苦參 (30 mg)
玄參 (30 mg)
柳枝 (30 mg)
肉桂 (30 mg)
薄荷腦 (20 mg)
樹脂 (100 mg)
氧化鋅 (30 mg)
冬綠油 (10 mg)
川七 (20 mg)
丁香 (10 mg)
羌活 (30 mg)
食用藍色2號 (1 mg)
食用黃色4號 (2 mg)
麻油加至1g ( )",https://service.mohw.gov.tw/DOCMAP/CusSite/TCMLQueryForm.aspx
衛署成製字第014726號,〝順安〞延吉活筋透骨膏藥膠布(太乙膏加味),〝Shuenn-An〞Yan Ji Huo Jin Tou Gu Gao Yao Jiao Bu(Tai Yi Gao Jia Wei),中藥外用貼布,False,藥膠布劑,成藥,active_in_official_export,"適應症:風濕痛、筋骨痠痛、關節痛、腰痠背痛。
效能:","處方:每公克中含有:
白芷 (50.0 mg)
辣椒 (12.5 mg)
當歸 (50.0 mg)
赤芍 (50.0 mg)
玄參 (50.0 mg)
柳枝 (25.0 mg)
槐枝 (25.0 mg)
肉桂 (50.0 mg)
沒藥 (7.5 mg)
大黃 (50.0 mg)
木鼈子 (50.0 mg)
生地黃 (50.0 mg)
阿魏 (7.5 mg)
乳香 (12.5 mg)
血餘 (25.0 mg)
川烏 (25.0 mg)
草烏 (25.0 mg)
松香 (25.0 mg)
薄荷腦 (50.0 mg)
樹脂 (260.0 mg)
氧化鋅 (30.0 mg)
食用紅色6號色素 ( q.s.)
麻油加至1g ( )",https://service.mohw.gov.tw/DOCMAP/CusSite/TCMLQueryForm.aspx
衛署成製字第014809號,“泰豐堂”泰豐堂少林一條筋一藥膠布(萬靈膏加減味去麝香),"Tay Feng Tamg Shaw Lin I Tyau Jin I Yah Jiau Buh(Wann Ling Gau Jia Jean Wey Chiuh Shen Shiang)""T.F.T.""",中藥外用貼布,False,藥膠布劑,成藥,active_in_official_export,"適應症:消瘀、舒筋、活血、止痛、治跌打損傷。
效能:","處方:每公克中含有:
骨碎補 (20 mg)
當歸 (20 mg)
紅花 (20 mg)
自然銅 (20 mg)
瓜兒血竭 (20 mg)
乳香 (20 mg)
沒藥 (20 mg)
川芎 (16 mg)
赤芍 (40 mg)
川牛膝 (10 mg)
五加皮 (10 mg)
蒼朮 (10 mg)
木香 (6 mg)
秦艽 (6 mg)
蛇床子 (6 mg)
肉桂 (6 mg)
附子 (6 mg)
半夏 (6 mg)
石斛 (6 mg)
萆薢 (6 mg)
鹿茸 (6 mg)
石菖蒲 (10 mg)
松香 (20 mg)
樹脂 (200 mg)
氧化鋅 (60 mg)
冬綠油 (20 mg)
薄荷腦 (60 mg)
食用藍色2號 ( q.s.)
食用黃色4號 ( q.s.)
食用黃色5號 ( q.s.)
食用紅色6號 ( q.s.)
麻油加至1g ( )",https://service.mohw.gov.tw/DOCMAP/CusSite/TCMLQueryForm.aspx
衛署成製字第015321號,泰豐堂金牌一條龍藥膠布(混元膏加減味),tai feng tang jin pai yi tiao long yao jiao bu(hun yuan gao jia jian wei),中藥外用貼布,False,藥膠布劑,成藥,active_in_official_export,"適應症:打撲損傷、消腫止痛。
效能:","處方:每公克中含有:
沒藥 (30 mg)
白及 (30 mg)
漏蘆 (30 mg)
紅花 (30 mg)
升麻 (30 mg)
白蘞 (30 mg)
大黃 (30 mg)
山梔子 (30 mg)
甘草 (30 mg)
蘆薈 (40 mg)
青黛 (30 mg)
樹脂 (150 mg)
氧化鋅 (60 mg)
薄荷腦 (60 mg)
冬綠油 (20 mg)
食用藍色2號 (0.1 mg)
食用黃色4號 (0.3 mg)
食用黃色5號 (0.2 mg)
食用紅色6號 (0.2 mg)
麻油加至1g ( )",https://service.mohw.gov.tw/DOCMAP/CusSite/TCMLQueryForm.aspx
衛署成製字第015653號,“順安”易貼好藥膠布,“S.A.”Yi Tie Hao Yao Jiao Bu,中藥外用貼布,False,藥膠布劑,成藥,active_in_official_export,"適應症:風濕痛、筋骨痠痛、跌打撲傷。
效能:","處方:每公克中含有:
白芷 (14 mg)
當歸 (14 mg)
赤芍 (14 mg)
玄參 (14 mg)
肉桂 (14 mg)
大黃 (14 mg)
木鼈子 (14 mg)
生地黃 (14 mg)
乳香 (4 mg)
沒藥 (2 mg)
阿魏 (2 mg)
薄荷腦 (35 mg)
樹脂 (257 mg)
麻油加至1g ( )",https://service.mohw.gov.tw/DOCMAP/CusSite/TCMLQueryForm.aspx
衛署成製字第015862號,活血风湿膏,HUOXUE FENG SHI GAO,中藥外用貼布,False,藥膠布劑,成藥,active_in_official_export,"適應症:祛風散寒、活血止痛。用於骨關節炎、頸、膝關節疼痛及活動不利,屬“風寒痹阻、血行瘀滯”症者。
效能:","處方:每公克中含有:
川烏 (30 mg)
草烏 (30 mg)
生地黃 (30 mg)
白蘞 (30 mg)
白及 (30 mg)
官桂 (30 mg)
白芷 (30 mg)
大黃 (30 mg)
當歸 (30 mg)
赤芍 (30 mg)
羌活 (30 mg)
苦參 (30 mg)
木鼈子 (30 mg)
甘草 (30 mg)
獨活 (30 mg)
玄參 (30 mg)
柳枝 (30 mg)
烏藥 (30 mg)
麻油 (225 mg)
薄荷腦 (20 mg)
冬綠油 (5 mg)
食用黃色四號 ( q.s.)
樹脂(水性基劑)加至1g ( )",https://service.mohw.gov.tw/DOCMAP/CusSite/TCMLQueryForm.aspx
衛署成製字第015984號,“金太武”金太武正萬應藥膠布(太乙膏加味),,中藥外用貼布,False,藥膠布劑,成藥,active_in_official_export,"適應症:風濕痛、筋骨酸痛、關節痛、腰痠背痛。
效能:","處方:每公克中含有:
白芷 (50 mg)
辣椒 (12.5 mg)
當歸 (50 mg)
赤芍 (50 mg)
玄參 (50 mg)
柳枝 (25 mg)
槐枝 (25 mg)
肉桂 (50 mg)
沒藥 (7.5 mg)
大黃 (50 mg)
木鼈子 (50 mg)
生地黃 (50 mg)
阿魏 (7.5 mg)
乳香 (12.5 mg)
血餘 (25 mg)
川烏 (25 mg)
草烏 (25 mg)
松香 (25 mg)
薄荷腦 (50 mg)
樹脂 (260 mg)
氧化鋅 (30 mg)
活性碳 (0.5 mg)
麻油加至1g ( )",https://service.mohw.gov.tw/DOCMAP/CusSite/TCMLQueryForm.aspx
衛部成製字第016443號,“天根草典”天根草典活血止痛膏藥膠布(金絲膏加減味),"""TIEN KEN TSAO TIEN"" TIEN KEN TSAO TIEN HUO HSUEN CHIH TUNG KAO PLASTER (Jin Sin Gao Jia Jian Wei)",中藥外用貼布,False,藥膠布劑,成藥,active_in_official_export,"適應症:跌撲損傷、手足肩背及寒濕、腳氣疼痛之敷貼。
效能:","處方:每公克中含有:
當歸尾 (11 mg)
白芷 (11 mg)
杏仁 (11 mg)
玄參 (11 mg)
豬牙皂角 (11 mg)
草烏 (10 mg)
白膠香 (200 mg)
蓮鬚葉蔥 (25 mg)
樹脂 (200 mg)
乳香 (17 mg)
沒藥 (17 mg)
黃蠟 (30 mg)
薄荷 (96 mg)
薄荷腦 (15 mg)
冬綠油 (15 mg)
梅片 (10 mg)
氧化鋅 (10 mg)
麻油加至1g ( )",https://service.mohw.gov.tw/DOCMAP/CusSite/TCMLQueryForm.aspx
衛部成製字第016581號,華陀滲透膏,Shifu hua patch,中藥外用貼布,False,藥膠布劑,成藥,active_in_official_export,"適應症:
效能:消瘀、舒筋、活血、消腫、止痛、跌打、風溼關節痛。","處方:每公克中含有:
白芷 (30 mg)
辣椒 (15 mg)
當歸 (30 mg)
赤芍 (30 mg)
玄參 (30 mg)
槐枝 (25 mg)
肉桂 (30 mg)
沒藥 (8 mg)
大黃 (30 mg)
生地黃 (30 mg)
乳香 (12 mg)
川烏 (25 mg)
草烏 (25 mg)
薄荷 (200 mg)
樹脂 (250 mg)
食用紅色6號 (2 mg)
麻油加至 (1 g)",https://service.mohw.gov.tw/DOCMAP/CusSite/TCMLQueryForm.aspx
衛部成製字第016655號,“天明”天明瘡痛消炎藥膠布(萬靈膏加減味),“TIMING”TIMING CHUANG TONG XIAO YAN PLASTER(WAN LING GAO JIA JIAN WEI),中藥外用貼布,False,藥膠布劑,成藥,active_in_official_export,"適應症:消瘀、舒筋、活血、止痛、治跌打損傷。
效能:","處方:每公克中含有:
骨碎補 (20 mg)
當歸 (20 mg)
紅花 (20 mg)
自然銅 (20 mg)
瓜兒血竭 (20 mg)
乳香 (20 mg)
沒藥 (20 mg)
川芎 (16 mg)
川牛膝 (10 mg)
五加皮 (10 mg)
石菖蒲 (10 mg)
蒼朮 (10 mg)
木香 (6 mg)
秦艽 (6 mg)
蛇床子 (6 mg)
赤芍 (40 mg)
肉桂 (6 mg)
炮附子 (6 mg)
半夏 (6 mg)
石斛 (6 mg)
萆解 (6 mg)
鹿茸 (6 mg)
松香 (20 mg)
樹脂 (100 mg)
氧化鋅 (30 mg)
薰衣草精油 (4 mg)
薄荷腦 (20 mg)
冰片 (20 mg)
冬綠油 (5 mg)
食用黃色4號 (2 mg)
食用藍色1號 (1 mg)
麻油加至 (1 g)",https://service.mohw.gov.tw/DOCMAP/CusSite/TCMLQueryForm.aspx
衛部成製字第016931號,“南美”志雄酸痛藥膠布(太乙膏加味),,中藥外用貼布,False,藥膠布劑,成藥,active_in_official_export,"適應症:風濕痛、筋骨酸痛、關節痛、腰痠背痛。
效能:","處方:每公克中含有:
白芷 (50.0 mg)
辣椒 (12.5 mg)
當歸 (50.0 mg)
赤芍 (50.0 mg)
玄參 (50.0 mg)
柳枝 (25.0 mg)
槐枝 (25.0 mg)
肉桂 (50.0 mg)
沒藥 (7.5 mg)
大黃 (50.0 mg)
木鼈子 (50.0 mg)
生地黃 (50.0 mg)
阿魏 (7.5 mg)
乳香 (12.5 mg)
血餘 (25.0 mg)
川烏 (25.0 mg)
草烏 (25.0 mg)
松香 (25.0 mg)
薄荷腦 (50.0 mg)
樹脂 (260.0 mg)
氧化鋅 (30.0 mg)
食用黃色4號 (0.5 mg)
麻油加至1g ( )",https://service.mohw.gov.tw/DOCMAP/CusSite/TCMLQueryForm.aspx
衛部成製字第017087號,“得生”白芷痠痛草本藥膠布,QUALI PATCH (Herbal Poultice),中藥外用貼布,False,藥膠布劑,成藥,active_in_official_export,"適應症:暫時緩解輕微疼痛和肌肉和關節疼痛:背痛、關節疼痛、扭傷、瘀傷。
效能:","處方:每公克中含有: 
當歸尾 (10 mg)
白芷 (10 mg)
杏仁 (10 mg)
玄參 (10 mg)
豬牙皂角 (10 mg)
白膠香 (200 mg)
連鬚葉蔥 (31 mg)
松脂 (200 mg)
乳香 (17 mg)
沒藥 (17 mg)
黃蠟 (31 mg)
薄荷腦 (11 mg)
樹脂 (100 mg)
氧化鋅 (30 mg)
冬綠油 (5 mg)
麻油加至1g ( )",https://service.mohw.gov.tw/DOCMAP/CusSite/TCMLQueryForm.aspx
衛署成製字第010028號,“漁人”行血舒安膏藥膠布(太乙膏加減味),"Shyng Shiee Su An Gau Plaster (Tai Yi Gao Jia Jian Wei) ""F.M.""",中藥外用貼布,False,藥膠布劑,成藥,active_in_official_export,"適應症:風濕遍身痠痛、筋骨痠痛、跌打損傷。
效能:","處方:每公克中含有:
白芷 (14.0 mg)
當歸 (14.0 mg)
赤芍 (14.0 mg)
玄參 (14.0 mg)
肉桂 (14.0 mg)
大黃 (14.0 mg)
木鼈子 (14.0 mg)
生地黃 (14.0 mg)
血餘 (7.0 mg)
乳香 (4.0 mg)
沒藥 (2.0 mg)
阿魏 (2.0 mg)
薄荷腦 (50.0 mg)
樹脂 (150.0 mg)
氧化鋅 (30.0 mg)
冬綠油 (5.0 mg)
食用黃色4號 (24.8 mg)
Diphenhydramine HCl (5.0 mg)
Dibutyl hydroxy toluene (3.0 mg)
麻油加至1g ( )",https://service.mohw.gov.tw/DOCMAP/CusSite/TCMLQueryForm.aspx
衛署成製字第010148號,“三帆”舒筋止痛膏藥膠布(萬應膏加減味去穿山甲),"SU CHIN ANTALGIC BALM PLASTER ""S.F."" (wan ying gao jia jian wei qu chuan shan jia)",中藥外用貼布,False,藥膠布劑,成藥,active_in_official_export,"適應症:風濕遍身痠痛、筋骨痠痛。
效能:","處方:每公克中含有: 
川烏 (30 mg)
草烏 (30 mg)
生地黃 (30 mg)
白蘞 (30 mg)
白芷 (40 mg)
當歸 (30 mg)
赤芍 (30 mg)
羌活 (30 mg)
木鼈子 (30 mg)
烏藥 (30 mg)
甘草 (30 mg)
獨活 (30 mg)
玄參 (30 mg)
大黃 (30 mg)
肉桂 (20 mg)
柳枝 (20 mg)
槐枝 (20 mg)
沒藥 (30 mg)
松香 (20 mg)
樹脂 (150 mg)
乳香 (30 mg)
薄荷腦 (30 mg)
冬綠油 (10 mg)
氧化鋅 (30 mg)
麻油加至1g ( )",https://service.mohw.gov.tw/DOCMAP/CusSite/TCMLQueryForm.aspx
衛署成製字第010445號,“得生”金絲萬應膏藥膠布(加味),"Chin Szu Wan Ying Kao Plaster ""T.S."" (Chia Wei)",中藥外用貼布,False,藥膠布劑,成藥,active_in_official_export,"適應症:跌打損傷、手足肩背及寒濕疼痛之敷貼。
效能:","處方:每公克中含有:
威靈仙 (30 mg)
黃蠟 (30 mg)
木鼈子 (15 mg)
蓖麻子 (50 mg)
沒藥 (20 mg)
乳香 (20 mg)
薄荷腦 (40 mg)
松脂 (200 mg)
氧化鋅 (50 mg)
冬綠油 (10 mg)
食用藍色二號 ( q.s.)
食用黃色四號 ( q.s.)
麻油加至1g ( )",https://service.mohw.gov.tw/DOCMAP/CusSite/TCMLQueryForm.aspx
衛署成製字第011921號,”天下第一貼”酸痛藥膠布(金絲萬應膏加味),,中藥外用貼布,False,藥膠布劑,成藥,active_in_official_export,"適應症:跌撲損傷、手足肩背及寒濕疼痛之敷貼。
效能:","處方:每公克中含有:
威靈仙 (37.5 mg)
黃蠟 (37.5 mg)
木鼈子 (12.0 mg)
蓖麻子 (60.0 mg)
沒藥 (18.75 mg)
乳香 (18.75 mg)
樹脂 (200.0 mg)
氧化鋅 (30.0 mg)
冬綠油 (5.0 mg)
薄荷腦 (30.0 mg)
活性碳 (2.0 mg)
麻油加至 (1.0 mg)",https://service.mohw.gov.tw/DOCMAP/CusSite/TCMLQueryForm.aspx
衛署成製字第012595號,“仙鹿”快爽藥膠布(萬靈膏加減味去麝香),,中藥外用貼布,False,藥膠布劑,成藥,active_in_official_export,"適應症:消瘀、舒筋、活血、止痛、跌打損傷。
效能:","處方:每公克中含有:
骨碎補 (20 mg)
當歸 (20 mg)
紅花 (20 mg)
自然銅 (20 mg)
瓜兒血竭 (20 mg)
乳香 (20 mg)
沒藥 (20 mg)
川芎 (16 mg)
赤芍 (40 mg)
懷牛膝 (10 mg)
五加皮 (10 mg)
石菖蒲 (10 mg)
蒼朮 (10 mg)
木香 (6 mg)
秦艽 (6 mg)
蛇床子 (6 mg)
肉桂 (6 mg)
炮附子 (6 mg)
半夏 (6 mg)
石斛 (6 mg)
萆薢 (6 mg)
鹿茸 (6 mg)
松香 (20 mg)
樹脂 (100 mg)
氧化鋅 (30 mg)
牛皮膠 (30 mg)
冬綠油 (5 mg)
薄荷腦 (20 mg)
麻油加至 (1 g)",https://service.mohw.gov.tw/DOCMAP/CusSite/TCMLQueryForm.aspx
衛署成製字第014322號,“正光”元氣巴斯藥膠布(萬金膏加減味),"ENCH PASS PLASTER ""C.K""(WAN JIN KAO JIA CHIEN WEY)",中藥外用貼布,False,藥膠布劑,成藥,active_in_official_export,"適應症:癰疽發背、瘡癤、打撲損傷之敷貼。
效能:","處方:每公克中含有:
龍骨 (10 mg)
鱉甲 (10 mg)
苦參 (10 mg)
烏賊骨 (10 mg)
黃柏 (10 mg)
黃芩 (10 mg)
黃連 (10 mg)
皂角 (10 mg)
白及 (10 mg)
白蘞 (10 mg)
厚朴 (10 mg)
木鼈子 (10 mg)
草烏 (10 mg)
川烏 (10 mg)
當歸 (10 mg)
白芷 (10 mg)
沒藥 (10 mg)
乳香 (10 mg)
槐枝 (10 mg)
柳枝 (10 mg)
松香 (10 mg)
白膠香 (10 mg)
樹脂 (300 mg)
冬綠油 (5 mg)
薄荷腦 (25 mg)
冰片 (20 mg)
氧化鋅 (30 mg)
橙花香精油 (1 mg)
麻油加至1g ( )",https://service.mohw.gov.tw/DOCMAP/CusSite/TCMLQueryForm.aspx
衛署成製字第015238號,“大濟”大濟消立貼藥膠布(金絲萬應膏加減味),"Da ji xiao li tie medicated patch ""D.J."" (Jin Sy Wan Ing Kao Jia Jian Wey)",中藥外用貼布,False,藥膠布劑,成藥,active_in_official_export,"適應症:跌打損傷、手足肩背及寒濕疼痛。
效能:","處方:每公克中含有:
威靈仙 (37.5 mg)
黃蠟 (37.5 mg)
木鼈子 (18.75 mg)
蓖麻子 (62.5 mg)
沒藥 (25.0 mg)
乳香 (25.0 mg)
薄荷腦 (62.5 mg)
樹脂 (250.0 mg)
氧化鋅 (50.0 mg)
冬綠油 (12.5 mg)
苯甲酸鈉 (1.0 mg)
玫瑰香料 (2.0 mg)
食用紅色7號 (2.0 mg)
麻油加至1g ( )",https://service.mohw.gov.tw/DOCMAP/CusSite/TCMLQueryForm.aspx
衛署成製字第015775號,“領先”領先風濕酸痛膏藥膠布(金絲膏加減味),"Ling Sain Feng Shi Suan Tong Gau Plaster (Jin Sy Gau Jia Jean Wey) ""LING SAIN""",中藥外用貼布,False,藥膠布劑,成藥,active_in_official_export,"適應症:治跌撲損傷、手足肩背、及寒濕腳氣疼痛之敷貼。
效能:","處方:每公克中含有:
當歸尾 (11 mg)
川白芷 (11 mg)
杏仁 (11 mg)
玄參 (11 mg)
豬牙皂角 (11 mg)
草烏 (11 mg)
連鬚葉蔥 (30 mg)
乳香 (19 mg)
沒藥 (19 mg)
白膠香 (300 mg)
牛皮膠 (37.5 mg)
樹脂 (300 mg)
薄荷腦 (20 mg)
冬綠油 (5 mg)
冰片 (20 mg)
氧化鋅 (30 mg)
麻油加至 (1 g)",https://service.mohw.gov.tw/DOCMAP/CusSite/TCMLQueryForm.aspx
衛署成製字第016326號,泰豐堂神奇藥膠布(太乙膏加減味),Tay Feng Tarng Shern Chyi Yaw Jiau Buh (Tai I Kao Chia Chien Wei),中藥外用貼布,False,藥膠布劑,成藥,active_in_official_export,"適應症:跌打損傷、風濕遍身痠痛、筋骨痠痛、關節痛。
效能:","處方:每公克中含有:
白芷 (14 mg)
當歸 (14 mg)
赤芍 (14 mg)
玄參 (14 mg)
肉桂 (14 mg)
大黃 (14 mg)
阿魏 (2 mg)
沒藥 (2 mg)
木鼈子 (14 mg)
生地黃 (14 mg)
血餘 (7 mg)
乳香 (4 mg)
樹脂 (500 mg)
薄荷腦 (50 mg)
氧化鋅 (30 mg)
冬綠油 (5 mg)
食用藍色二號 (10 mg)
食用黃色四號 (15 mg)
麻油加至 (1 g)",https://service.mohw.gov.tw/DOCMAP/CusSite/TCMLQueryForm.aspx
衛部成製字第016460號,"""天明""骨絡關節鎮痛藥膠布(金絲萬應膏加味)","""TIMING"" GU LAO GUAN JIE JHEN TONG PLASTER (Jin Si Wan Ying Gao Ji Wei)",中藥外用貼布,False,藥膠布劑,成藥,active_in_official_export,"適應症:跌撲損傷、手足肩背及寒濕疼痛之敷貼。
效能:","處方:每公克中含有:
威靈仙 (37.5 mg)
黃蠟 (37.5 mg)
木鼈子 (12 mg)
蓖麻子 (60 mg)
沒藥 (18.75 mg)
乳香 (18.75 mg)
樹脂 (100 mg)
氧化鋅 (30 mg)
冬綠油 (5 mg)
梅片 (50 mg)
薄荷腦 (30 mg)
食用藍色1號 (0.4 mg)
食用黃色4號 (0.6 mg)
麻油加至 (1 g)",https://service.mohw.gov.tw/DOCMAP/CusSite/TCMLQueryForm.aspx
衛部成製字第016570號,鹿豹標追風止痛膏,Lu Bao Biao Zhui Feng Zhi Tong Plaster,中藥外用貼布,False,藥膠布劑,成藥,active_in_official_export,"適應症:風濕遍身疼痛、筋骨痠痛。
效能:","處方:每公克中含有:
川烏 (30 mg)
白蘞 (30 mg)
白芷 (30 mg)
赤芍 (30 mg)
木鼈子 (30 mg)
獨活 (30 mg)
松香 (20 mg)
樹脂 (100 mg)
草烏 (30 mg)
白及 (30 mg)
大黃 (30 mg)
羌活 (30 mg)
烏藥 (30 mg)
玄參 (30 mg)
薄荷腦 (30 mg)
冰片 (20 mg)
生地黃 (30 mg)
官桂 (30 mg)
當歸 (30 mg)
苦參 (30 mg)
甘草 (30 mg)
柳枝 (30 mg)
氧化鋅 (30 mg)
冬綠油 (5 mg)
食用藍色色素2號 ( q.s.)
食用黃色色素4號 ( q.s.)
麻油加至1g ( q.s.)",https://service.mohw.gov.tw/DOCMAP/CusSite/TCMLQueryForm.aspx
衛部成製字第016754號,“三帆” 三帆活血酸痛貼,Three Mast Huo Xie Suan Tong Herbal Patch “S.F.”,中藥外用貼布,False,藥膠布劑,成藥,active_in_official_export,"適應症:
效能:","處方:每公克中含有:
赤芍 (40 mg)
骨碎補 (20 mg)
當歸 (20 mg)
紅花 (20 mg)
乳香 (20 mg)
沒藥 (20 mg)
川芎 (16 mg)
川牛膝 (10 mg)
五加皮 (10 mg)
蒼朮 (10 mg)
石菖蒲 (10 mg)
木香 (6 mg)
秦艽 (6 mg)
蛇床子 (6 mg)
肉桂 (6 mg)
半夏 (6 mg)
萆薢 (6 mg)
樹脂 (220 mg)
薄荷腦 (60 mg)
氧化鋅 (60 mg)
冬綠油 (20 mg)
食用藍色二號 ( q.s.)
食用黃色四號 ( q.s.)
食用黃色五號 ( q.s.)
食用紅色六號 ( q.s.)
麻油加至 (1 g)",https://service.mohw.gov.tw/DOCMAP/CusSite/TCMLQueryForm.aspx
衛部成製字第016863號,“金門一條根”王牌鎮痛藥布,,中藥外用貼布,False,藥膠布劑,成藥,active_in_official_export,"適應症:風濕痠痛、筋骨痠痛、舒筋活血、閃傷鎮痛、關節痛、肩痛、扭挫傷、消瘀止痛、跌打損傷
效能:","處方:每公克中含有:
蔓性千斤拔(一條根) (30 mg)
川白芷 (10 mg)
玄參 (10 mg)
草烏 (10 mg)
白膠香 (280 mg)
乳香 (15 mg)
樟腦 (8 mg)
清油 (230 mg)
苯甲酸鈉 (2 mg)
當歸尾 (10 mg)
杏仁 (10 mg)
豬牙皂角 (10 mg)
連鬚葉蔥 (30 mg)
松脂 (280 mg)
沒藥 (15 mg)
薄荷葉 (10 mg)
冬青油 (15 mg)
薄荷腦 (25 mg)",https://service.mohw.gov.tw/DOCMAP/CusSite/TCMLQueryForm.aspx
衛署成製字第007227號,“南美”行血紫金膏藥膠布(萬應紫金膏加減味),,中藥外用貼布,False,藥膠布劑,成藥,active_in_official_export,"適應症:手足腰背疼痛、閃挫傷損。
效能:","處方:每公克中含有:
赤芍 (20 mg)
當歸 (20 mg)
紅花 (20 mg)
黃芩 (20 mg)
防風 (20 mg)
荊芥 (20 mg)
連翹 (20 mg)
黃柏 (20 mg)
殭蠶 (20 mg)
白芷 (20 mg)
蟬蛻 (20 mg)
甘草 (20 mg)
草烏 (20 mg)
大黃 (20 mg)
金銀花 (20 mg)
川烏 (20 mg)
羌活 (20 mg)
蒼朮 (20 mg)
細辛 (20 mg)
川椒 (20 mg)
秦艽 (20 mg)
乳香 (20 mg)
沒藥 (20 mg)
骨碎補 (20 mg)
何首烏 (20 mg)
蛇床子 (20 mg)
木鼈子 (20 mg)
大楓子 (20 mg)
生南星 (20 mg)
生半夏 (20 mg)
樹脂 (150 mg)
氧化鋅 (30 mg)
薄荷腦 (50 mg)
冬綠油 (5 mg)
食用黃色4號 ( q.s.)
食用藍色2號 ( q.s.)
抗氧化劑(B.H.T) (1 mg)
麻油加至1g ( )",https://service.mohw.gov.tw/DOCMAP/CusSite/TCMLQueryForm.aspx
衛署成製字第011271號,“東發”勝溼痠痛藥膠布(去穿山甲),,中藥外用貼布,False,藥膠布劑,成藥,active_in_official_export,"適應症:癰疽發背、對口、痰核流注。
效能:","處方:每公克中含有: 
川烏 (7 mg)
草烏 (7 mg)
白蘞 (7 mg)
白及 (7 mg)
桂枝 (7 mg)
白芷 (7 mg)
當歸 (7 mg)
羌活 (7 mg)
苦參 (7 mg)
烏藥 (7 mg)
甘草 (7 mg)
獨活 (7 mg)
玄參 (7 mg)
大黃 (7 mg)
赤芍 (7 mg)
地黃 (7 mg)
木鼈子 (7 mg)
氧化鋅 (5 mg)
薄荷腦 (40 mg)
冬綠油 (10 mg)
樹脂 (726 mg)
食用藍色二號 (2.5 mg)
食用黃色四號 (2.5 mg)
麻油加至1g ( )",https://service.mohw.gov.tw/DOCMAP/CusSite/TCMLQueryForm.aspx
衛署成製字第012072號,”愛生”武功透骨膏藥膠布(萬金膏加減味),"Wuu Goog Ton Gu Gau Yaw Jiau Ba """"L.L.""",中藥外用貼布,False,藥膠布劑,成藥,active_in_official_export,"適應症:癰疽發背、瘡癤、打撲傷之敷貼。
效能:","處方:每公克中含有:
龍骨 (10 mg)
鱉甲 (10 mg)
苦參 (10 mg)
烏賊骨 (10 mg)
黃柏 (10 mg)
黃芩 (10 mg)
黃連 (10 mg)
皂角 (10 mg)
白及 (10 mg)
白蘞 (10 mg)
厚朴 (10 mg)
木鼈子 (10 mg)
草烏 (10 mg)
川芎 (10 mg)
當歸 (10 mg)
白芷 (10 mg)
沒藥 (10 mg)
乳香 (10 mg)
槐枝 (10 mg)
柳枝 (10 mg)
樹脂 (160 mg)
冬綠油 (10 mg)
薄荷腦 (10 mg)
冰片 (10 mg)
氧化鋅 (40 mg)
食用黃色4號 ( q.s.)
食用藍色2號 ( q.s.)
玫瑰香料 (2 mg)
麻油加至 (1 g)",https://service.mohw.gov.tw/DOCMAP/CusSite/TCMLQueryForm.aspx
衛署成製字第012115號,“仙鹿”萬應膏藥膠布(加減味),,中藥外用貼布,False,藥膠布劑,成藥,active_in_official_export,"適應症:風濕、遍身痠痛、筋骨痠痛。
效能:","處方:每公克中含有:
川烏 (30 mg)
草烏 (30 mg)
生地 (30 mg)
白蘞 (30 mg)
白及 (30 mg)
白芷 (30 mg)
當歸 (30 mg)
赤芍 (30 mg)
羌活 (30 mg)
木鼈子 (30 mg)
烏藥 (30 mg)
甘草 (30 mg)
獨活 (30 mg)
苦參子 (30 mg)
玄參 (30 mg)
柳枝 (30 mg)
肉桂 (30 mg)
樹脂 (100 mg)
氧化鋅 (30 mg)
冬綠油 (5 mg)
薄荷腦 (30 mg)
黑色色素(活性碳) (2 mg)
麻油加至 (1 g)",https://service.mohw.gov.tw/DOCMAP/CusSite/TCMLQueryForm.aspx
衛署成製字第012230號,“東發”華陀百草膏藥膠布(混元膏加減味去麝香),,中藥外用貼布,False,藥膠布劑,成藥,active_in_official_export,"適應症:打撲損傷、消腫止痛。
效能:","處方:每公克中含有: 
蘆薈 (40 mg)
沒藥 (30 mg)
漏蘆 (30 mg)
紅花 (30 mg)
大黃 (30 mg)
升麻 (30 mg)
白及 (30 mg)
梔子 (30 mg)
甘草 (30 mg)
白蘞 (30 mg)
青黛 (30 mg)
氧化鋅 (30 mg)
薄荷腦 (40 mg)
冬綠油 (10 mg)
樹脂 (430 mg)
麻油加至1g ( )",https://service.mohw.gov.tw/DOCMAP/CusSite/TCMLQueryForm.aspx
衛署成製字第012242號,“愛生”好安巴斯藥膠布(火龍膏加味去麝香),"Hao An Ba Sy Yaw Jiau Bu ""L.L.""",中藥外用貼布,False,藥膠布劑,成藥,active_in_official_export,"適應症:風寒暑濕侵襲、筋攣骨痛。
效能:","處方:每公克中含有:
生薑汁 (648 mg)
牛皮膠 (160 mg)
乳香 (40 mg)
沒藥 (40 mg)
樹脂 (48 mg)
薄荷腦 (24 mg)
氧化鋅 (30 mg)
冬綠油 (8 mg)
玫瑰香料 (2 mg)",https://service.mohw.gov.tw/DOCMAP/CusSite/TCMLQueryForm.aspx
衛署成製字第012419號,”德山”萬絲膏(金絲萬應膏加減味),"Wan Su Cau""Dersan""",中藥外用貼布,False,藥膠布劑,成藥,active_in_official_export,"適應症:跌打損傷、手足肩背及寒濕疼痛。
效能:","處方:每公克中含有:
威靈仙 (37.5 mg)
黃臘 (37.5 mg)
木鼈子 (18.75 mg)
蓖麻子 (62.5 mg)
沒藥 (25 mg)
乳香 (25 mg)
薄荷腦 (62.5 mg)
松脂 (250 mg)
氧化鋅 (50 mg)
冬綠油 (12.5 mg)
食用黃色4號 (0.455 mg)
麻油加至 (1 g)",https://service.mohw.gov.tw/DOCMAP/CusSite/TCMLQueryForm.aspx
衛部成製字第012793A   號,“三帆”濟痛好藥膠布(火龍膏加減味),"Ji Tong Hao Balm ""S.F."" (Huo Long Gao Jia Jian Wei)",中藥外用貼布,False,藥膠布劑,成藥,active_in_official_export,"適應症:風寒暑濕侵襲、筋攣骨痛。
效能:","處方:每公克中含有:
生薑汁 (619 mg)
乳香 (42 mg)
沒藥 (42 mg)
薄荷腦 (50 mg)
氧化鋅 (30 mg)
食用黃色四號 (2 mg)
食用藍色二號 (4 mg)
樹脂 (120 mg)
麻油加至 (1 g)",https://service.mohw.gov.tw/DOCMAP/CusSite/TCMLQueryForm.aspx
衛署成製字第012939號,“艾力特”隨意貼痠痛藥膠布(金絲萬應膏加味),,中藥外用貼布,False,藥膠布劑,成藥,active_in_official_export,"適應症:跌撲損傷、手足肩背及寒濕疼痛之敷貼。
效能:","處方:每公克中含有:
乳香 (18.75 mg)
沒藥 (18.75 mg)
木鼈子 (12 mg)
威靈仙 (37.5 mg)
蓖麻子 (60 mg)
樹脂 (100 mg)
黃蠟 (37.5 mg)
冰片 (50 mg)
薄荷腦 (30 mg)
冬綠油 (5 mg)
氧化鋅 (30 mg)
食用綠色4號 (0.5 mg)
麻油加至 (1 g)",https://service.mohw.gov.tw/DOCMAP/CusSite/TCMLQueryForm.aspx
衛署成製字第014323號,〝正光〞勁飆巴斯藥膠布(萬應膏加減味去麝香),JIN-BIAO PASS PLASTER“C.K”(WAN IN KAO JIA CHIEN WEY CHIUH SHER-SHIANG),中藥外用貼布,False,藥膠布劑,成藥,active_in_official_export,"適應症:消瘀、舒筋、活血、止痛、治跌打損傷。
效能:","處方:每公克中含有:
骨碎補 (20 mg)
當歸 (20 mg)
紅花 (20 mg)
自然銅 (20 mg)
瓜兒血竭 (20 mg)
乳香 (20 mg)
沒藥 (20 mg)
川芎 (16 mg)
赤芍 (40 mg)
冰片 (5 mg)
川牛膝 (10 mg)
五加皮 (10 mg)
蒼朮 (10 mg)
木香 (6 mg)
秦艽 (6 mg)
蛇床子 (6 mg)
肉桂 (6 mg)
附子 (6 mg)
半夏 (6 mg)
石斛 (6 mg)
萆薢 (6 mg)
鹿茸 (6 mg)
石菖蒲 (10 mg)
松香 (20 mg)
冬綠油 (5 mg)
薄荷腦 (40 mg)
樹脂 (250 mg)
氧化鋅 (60 mg)
麻油加至1g ( )",https://service.mohw.gov.tw/DOCMAP/CusSite/TCMLQueryForm.aspx
衛署成製字第014366號,“八仙”八仙剋痛青草藥膠布(火龍膏加味去麝香),Ba Hsian Keh Tong Ching Taso Balm“Ba Hsian.”(Huoo Long Kao Jia Weih Chih Sher,中藥外用貼布,False,藥膠布劑,成藥,active_in_official_export,"適應症:風寒暑濕侵襲、筋攣骨痛。
效能:","處方:每公克中含有:
薑汁 (125 mg)
葱汁 (125 mg)
牙皂 (13 mg)
川椒 (13 mg)
陳皮 (100 mg)
米醋 (90 mg)
乳香 (7 mg)
沒藥 (7 mg)
牛皮膠 (377 mg)
氧化鋅 (38 mg)
冬綠油 (5 mg)
樹脂 (50 mg)
薄荷腦 (50 mg)
食用黃色五號 ( q.s.)
食用藍色二號 ( q.s.)",https://service.mohw.gov.tw/DOCMAP/CusSite/TCMLQueryForm.aspx
衛署成製字第014484號,“谷關”大正青草膏藥膠布(萬金膏加減味),da jheng cing cao gao plaster“gu guan”(wan jin gao jia jian wei),中藥外用貼布,False,藥膠布劑,成藥,active_in_official_export,"適應症:癰疽發背、打撲傷之敷貼。
效能:","處方:每公克中含有:
龍骨 (12 mg)
鱉甲 (12 mg)
苦參 (12 mg)
烏賊骨 (12 mg)
黃柏 (12 mg)
黃芩 (12 mg)
黃連 (12 mg)
皂角 (12 mg)
白及 (12 mg)
白蘞 (12 mg)
厚朴 (12 mg)
木鼈子 (12 mg)
草烏 (12 mg)
川芎 (12 mg)
當歸 (12 mg)
白芷 (12 mg)
沒藥 (12 mg)
乳香 (12 mg)
槐枝 (12 mg)
柳枝 (12 mg)
樹脂 (200 mg)
冬綠油 (20 mg)
薄荷腦 (30 mg)
冰片 (15 mg)
氧化鋅 (30 mg)
食用色素黃色4號 (4 mg)
食用色素藍色2號 (2 mg)
淨香油加至1g ( )",https://service.mohw.gov.tw/DOCMAP/CusSite/TCMLQueryForm.aspx
衛署成製字第014521號,“林水源透骨”膏中藥膠布(火龍膏加減味),〝Lin Shui Yuan Tou Gu〞Kao Jong Plaster“N.M”(Huoo Long Gau Chia Chien Wei),中藥外用貼布,False,藥膠布劑,成藥,active_in_official_export,"適應症:風寒暑濕侵襲、筋攣骨痛。
效能:","處方:每公克中含有:
生薑汁 (560.0 mg)
牛皮膠 (140.0 mg)
沒藥 (35.0 mg)
乳香 (35.0 mg)
麝香酮 (7.0 mg)
松香 (29.95 mg)
薄荷腦 (30.0 mg)
冬綠油 (10.0 mg)
冰片 (10.0 mg)
樹脂 (125.0 mg)
氧化鋅 (30.0 mg)
抗氧化劑 (1.0 mg)
食用黃色4號 ( q.s.)
麻油加至1g ( )",https://service.mohw.gov.tw/DOCMAP/CusSite/TCMLQueryForm.aspx
衛署成製字第014522號,“南美”疏痛萬應膏藥膠布(萬應膏加減味),Su Tong Wan Ying Kao Plaster“N.M”(Wan Ying Kao Chia Chien Wei),中藥外用貼布,False,藥膠布劑,成藥,active_in_official_export,"適應症:風濕遍身疼痛、筋骨痠痛。
效能:","處方:每公克中含有:
川烏 (5.6 mg)
草烏 (5.6 mg)
生地 (5.6 mg)
白蘞 (5.6 mg)
白及 (5.6 mg)
肉桂 (5.6 mg)
白芷 (5.6 mg)
當歸 (5.6 mg)
赤芍 (5.6 mg)
羌活 (5.6 mg)
苦參 (5.6 mg)
木虌子 (5.6 mg)
烏藥 (5.6 mg)
甘草 (5.6 mg)
獨活 (5.6 mg)
玄參 (5.6 mg)
大黃 (5.6 mg)
松香 (20 mg)
樹脂 (100 mg)
氧化鋅 (40 mg)
牛皮膠 (50 mg)
薄荷腦 (30 mg)
冬綠油 (10 mg)
冰片 (10 mg)
活性碳 ( q.s.)
麻油加至1g ( )",https://service.mohw.gov.tw/DOCMAP/CusSite/TCMLQueryForm.aspx
衛署成製字第014630號,“泰豐堂”泰豐堂筋爽藥膠布(金絲萬應膏加減味),Tay Feng Tamg Jin Shoang Yah Jiau Buh“T.F.T”(Jin Sy Wann Yung Gau Jia Jean Wey),中藥外用貼布,False,藥膠布劑,成藥,active_in_official_export,"適應症:跌撲損傷、手足肩背及寒濕、腳氣疼痛及敷貼。
效能:","處方:每公克中含有:
威靈仙 (30.0 mg)
黃蠟 (30.0 mg)
木鼈子 (15.0 mg)
蓖麻子 (50.0 mg)
乳香 (20.0 mg)
沒藥 (20.0 mg)
樹脂 (200.0 mg)
薄荷腦 (50.0 mg)
氧化鋅 (40.0 mg)
冬綠油 (10.0 mg)
活性炭 (40.0 mg)
食用黃色四號 (0.3 mg)
食用藍色二號 (0.1 mg)
麻油加至1g ( )",https://service.mohw.gov.tw/DOCMAP/CusSite/TCMLQueryForm.aspx
衛署成製字第015191號,“大濟”貝斯特文武膏藥膠布(萬應膏加減味),Best Ven Wuu Kao medicated patch“D.J.”(Wang ying gao jia jian wei),中藥外用貼布,False,藥膠布劑,成藥,active_in_official_export,"適應症:風溼遍身疼痛、筋骨痠痛、關節痛、扭傷、閃傷、行瘀活血。
效能:","處方:每公克中含有:
川烏 (30 mg)
草烏 (30 mg)
生地黃 (30 mg)
白蘞 (30 mg)
白及 (30 mg)
玄參 (30 mg)
白芷 (30 mg)
當歸 (30 mg)
赤芍 (30 mg)
羌活 (30 mg)
木鼈子 (30 mg)
烏藥 (30 mg)
甘草 (30 mg)
獨活 (30 mg)
苦參 (30 mg)
大黃 (30 mg)
薄荷腦 (20 mg)
樹脂 (100 mg)
氧化鋅 (30 mg)
冬綠油 (5 mg)
食用紅色6號 (6 mg)
食用黃色4號 (4 mg)
二丁基羥基甲苯 (3 mg)
麻油加至1g ( )",https://service.mohw.gov.tw/DOCMAP/CusSite/TCMLQueryForm.aspx
衛署成製字第015574號,“舒騰”麝香酮行血舒痛膏藥膠布(混元膏加減味),"Muscone Sing Sie Shu Tong Gao Plaster ""Shu Teng"" (Huenn Yuan Gau Jia Jean Wey)",中藥外用貼布,False,藥膠布劑,成藥,active_in_official_export,"適應症:打撲損傷、消腫止痛、消瘀、舒筋活血、跌打損傷。
效能:","處方:每公克中含有:
沒藥 (30 mg)
白及 (30 mg)
漏盧 (30 mg)
紅花 (30 mg)
升麻 (30 mg)
白蘞 (30 mg)
大黃 (30 mg)
山梔子 (30 mg)
甘草 (30 mg)
麝香酮(Muscone) (20 mg)
蘆薈 (40 mg)
青黛 (30 mg)
氧化鋅 (30 mg)
薄荷腦 (30 mg)
冰片 (10 mg)
冬綠油 (10 mg)
樹脂 (500 mg)
食用黃色4號 (5 mg)
麻油加至1g ( )",https://service.mohw.gov.tw/DOCMAP/CusSite/TCMLQueryForm.aspx
衛署成製字第015591號,“順安”俐舒樂藥膠布,,中藥外用貼布,False,藥膠布劑,成藥,active_in_official_export,"適應症:跌撲損傷、手足肩背及寒濕疼痛之敷貼。
效能:","處方:每公克中含有:
威靈仙 (30 mg)
木鼈子 (15 mg)
蓖麻子 (50 mg)
沒藥 (20 mg)
乳香 (20 mg)
川七 (30 mg)
黃臘 (30 mg)
樹脂 (500 mg)
氧化鋅 (40 mg)
薄荷腦 (30 mg)
冬綠油 (10 mg)
食用藍色2號 ( q.s.)
食用黃色4號 ( q.s.)
麻油加至1g ( )",https://service.mohw.gov.tw/DOCMAP/CusSite/TCMLQueryForm.aspx
衛署成製字第015628號,“聚安堂”救酸痛水性藥膠布(金絲膏加減味),JIOU SUAN TONG PATCH“CHU AN TANG” (CHIN SZU KAO CHIA CHIEH WEI),中藥外用貼布,False,藥膠布劑,成藥,active_in_official_export,"適應症:跌撲損傷、寒濕及手足肩背疼痛之敷貼。
效能:","處方:每公克中含有:
當歸 (11.25 mg)
白芷 (11.25 mg)
杏仁 (11.25 mg)
玄參 (11.25 mg)
豬牙皂角 (11.25 mg)
草烏 (11.25 mg)
連鬚葉蔥 (30.00 mg)
乳香 (18.75 mg)
沒藥 (18.75 mg)
麻油 (90.00 mg)
薄荷腦 (20.00 mg)
羥苯甲酸甲酯 (1.80 mg)
羥苯甲酸丙酯 (0.20 mg)
樹脂(水性基劑)加至1g ( )",https://service.mohw.gov.tw/DOCMAP/CusSite/TCMLQueryForm.aspx
衛署成製字第015708號,“金牌一條根”混元膏藥膠布(加減味去麝香),"Huenn Yuan Gau Yao Jiao Bu ""J.P."" (jia jean wey chiuh sheh shiang)",中藥外用貼布,False,藥膠布劑,成藥,active_in_official_export,"適應症:打撲損傷、消腫止痛、消瘀、舒筋活血、跌打損傷。
效能:","處方:每公克中含有:
蘆薈 (40 mg)
沒藥 (30 mg)
漏蘆 (30 mg)
紅花 (30 mg)
大黃 (30 mg)
升麻 (30 mg)
白及 (30 mg)
山梔子 (30 mg)
甘草 (30 mg)
白蘞 (30 mg)
青黛 (30 mg)
氧化鋅 (30 mg)
薄荷腦 (40 mg)
冬綠油 (10 mg)
樹脂 (430 mg)
麻油加至1g ( )",https://service.mohw.gov.tw/DOCMAP/CusSite/TCMLQueryForm.aspx
衛署成製字第015773號,“吉立”福倫免痠痛藥膠布(金絲萬應膏加減味),Fu Lun Mian Suan Tong Plaster“Jilly”(Jin Si Wan Ying Gao Jia Jian Wei),中藥外用貼布,False,藥膠布劑,成藥,active_in_official_export,"適應症:跌撲損傷、手足肩背及寒濕疼痛之敷貼。
效能:","處方:每公克中含有:
木?子 (12 mg)
蓖麻子 (60 mg)
沒藥 (18.75 mg)
乳香 (18.75 mg)
威靈仙 (37.5 mg)
樹脂 (600 mg)
冰片 (50 mg)
氧化鋅 (30 mg)
薄荷腦 (30 mg)
黃蠟 (37.5 mg)
冬綠油 (5 mg)
食用藍色二號 ( q.s.)
食用黃色四號 ( q.s.)
麻油加至1g ( )",https://service.mohw.gov.tw/DOCMAP/CusSite/TCMLQueryForm.aspx
衛部成製字第016515號,“八仙”八仙白芷金絲膏藥膠布(金絲膏加減味),"""Ba Hsian"" Ba Hsian Bai Zhi Jin Si Gao Plaster (jin si gao jia jian wei)",中藥外用貼布,False,藥膠布劑,成藥,active_in_official_export,"適應症:跌撲損傷、手足肩背及寒濕腳氣疼痛之敷貼。
效能:","處方:每公克中含有:
當歸尾 (10 mg)
白芷 (10 mg)
杏仁 (10 mg)
玄參 (10 mg)
豬牙皂角 (10 mg)
草烏 (10 mg)
連鬚葉蔥 (31 mg)
白膠香 (248 mg)
松脂 (248 mg)
乳香 (17 mg)
沒藥 (17 mg)
黃臘 (31 mg)
氧化鋅 (60 mg)
冬綠油 (20 mg)
薄荷腦 (60 mg)
清油加至 (1 g)",https://service.mohw.gov.tw/DOCMAP/CusSite/TCMLQueryForm.aspx
衛部成製字第016590號,“順安”安濕膏藥膠布,“Sun Ang”ANSHY GAU PLASTER,中藥外用貼布,False,藥膠布劑,成藥,active_in_official_export,"適應症:傳統用於扭傷、解除肌肉、關節、肩膀及背部疼痛。
效能:","處方:每公克中含有:
黃蠟 (30 mg)
木鼈子 (15 mg)
蓖麻子 (50 mg)
乳香 (20 mg)
松脂 (200 mg)
薄荷油 (40 mg)
沒藥 (20 mg)
麻油 (625 mg)",https://service.mohw.gov.tw/DOCMAP/CusSite/TCMLQueryForm.aspx
衛部成製字第016896號,〝正光〞辣椒風濕膏,"""Cheng Kuang""La Jiao Feng Xi Gao",中藥外用貼布,False,藥膠布劑,成藥,active_in_official_export,"適應症:祛寒散寒、舒筋活絡、消腫止痛,用於關節疼痛、腰背痠痛、扭傷瘀腫及慢性關節炎和未潰破的凍瘡。
效能:","處方:每公克中含有: 
生辣椒 (100 mg)
冰片 (50 mg)
羊毛脂 (20 mg)
松香 (370 mg)
薄荷腦 (10 mg)
橡膠 (370 mg)
氧化鋅 (40 mg)
蜂蠟 (40 mg)",https://service.mohw.gov.tw/DOCMAP/CusSite/TCMLQueryForm.aspx
衛部成製字第016924號,“天明”金辣椒膏藥膠布(太乙膏加味),King Capsicum Plaster “Timing”(Tai Yi Kao Ji Wei),中藥外用貼布,False,藥膠布劑,成藥,active_in_official_export,"適應症:風濕痛、筋骨痠痛、關節痛、腰痠背痛。
效能:","處方:每公克中含有:
白芷 (50.0 mg)
辣椒 (12.5 mg)
當歸 (50.0 mg)
赤芍 (50.0 mg)
玄參 (50.0 mg)
柳枝 (25.0 mg)
槐枝 (25.0 mg)
肉桂 (50.0 mg)
沒藥 (7.5 mg)
大黃 (50.0 mg)
木鼈子 (50.0 mg)
生地黃 (50.0 mg)
阿魏 (7.5 mg)
乳香 (12.5 mg)
血餘 (25.0 mg)
川烏 (25.0 mg)
草烏 (25.0 mg)
松香 (25.0 mg)
以上生藥以麻油熬製成300mg ( )
薄荷腦 (50.0 mg)
氧化鋅 (60.0 mg)
凡士林 (50.0 mg)
食用紅色6號 (17.0 mg)
二丁基羥基甲苯 (3.0 mg)
樹脂 (260.0 mg)
橡膠 (260.0 mg)",https://service.mohw.gov.tw/DOCMAP/CusSite/TCMLQueryForm.aspx
衛部成製字第017068號,統欣生技草本貼片,Uni-TongXin Topical Herbal Patch,中藥外用貼布,False,藥膠布劑,成藥,active_in_official_export,"適應症:
效能:","處方:每公克中含有: 
甘草 (8.000 mg)
乾薑 (8.000 mg)
乳香 (8.000 mg)
赤芍 (8.000 mg)
烏藥 (8.000 mg)
白芷 (8.000 mg)
大黃 (8.000 mg)
獨活 (8.000 mg)
白及 (8.000 mg)
當歸 (8.000 mg)
沒藥 (8.000 mg)
羌活 (8.000 mg)
肉桂 (8.000 mg)
以上生藥製成浸膏24.925mg(生藥與浸膏比例104:24.925=4.17:1) ( )
丁二醇 (24.925 )
薄荷腦 (30.000 mg)
羥苯甲酸甲酯 (2.000 mg)
羥苯甲酸丙酯 (1.000 mg)
水性基劑加至1g ( )",https://service.mohw.gov.tw/DOCMAP/CusSite/TCMLQueryForm.aspx
衛署成製字第003926號,“天理”功夫膏藥膠布,,中藥外用貼布,False,藥膠布劑,成藥,active_in_official_export,"適應症:風濕痛、筋骨痠痛、跌傷、打撲傷。
效能:","處方:每公克中含有:
白芷 (14 mg)
當歸 (14 mg)
赤芍 (14 mg)
玄參 (14 mg)
肉桂 (14 mg)
大黃 (14 mg)
木鼈子 (14 mg)
生地黃 (14 mg)
血餘 (7 mg)
乳香 (4 mg)
沒藥 (2 mg)
阿魏 (2 mg)
薄荷腦 (35 mg)
樹脂 (257 mg)
麻油 (581 mg)",https://service.mohw.gov.tw/DOCMAP/CusSite/TCMLQueryForm.aspx
衛署成製字第004305號,”順安”安濕膏,SUN ANG ANSHY GAU,中藥外用貼布,False,藥膠布劑,成藥,active_in_official_export,"適應症:風濕痛、筋骨痠痛、跌傷、打撲傷。
效能:","處方:每公克中含有:
白芷 (14 mg)
當歸 (14 mg)
赤芍 (14 mg)
玄參 (14 mg)
肉桂 (14 mg)
大黃 (14 mg)
木鼈子 (14 mg)
生地黃 (14 mg)
血餘 (7 mg)
乳香 (4 mg)
阿魏 (2 mg)
沒藥 (2 mg)
薄荷腦 (30 mg)
冰片 (10 mg)
冬綠油 (10 mg)
樹脂 (212 mg)
氧化鋅 (30 mg)
食用黃色4號 (2 mg)
食用藍色2號 (1 mg)
活性碳 (0.3 mg)
麻油加至1g ( )",https://service.mohw.gov.tw/DOCMAP/CusSite/TCMLQueryForm.aspx
衛署成製字第007354號,“得生”透骨鎮痛膏(金絲萬應膏加味),Tow Guu Jenn Tong Kao “T.S.”,中藥外用貼布,False,藥膠布劑,成藥,active_in_official_export,"適應症:跌撲損傷、手足肩背及寒濕疼痛之敷貼。
效能:","處方:每公克中含有:
松脂 (490.5 mg)
威靈仙 (37.5 mg)
黃蠟 (37.5 mg)
木鼈子 (12.0 mg)
沒藥 (18.75 mg)
蓖麻子 (60.0 mg)
乳香 (18.75 mg)
薄荷腦 (45 mg)
樹脂 (150 mg)
氧化鋅 (30 mg)
冬綠油 (5 mg)
食用黃色四號 ( q.s.)
麻油加至 (1 g)",https://service.mohw.gov.tw/DOCMAP/CusSite/TCMLQueryForm.aspx
衛署成製字第007549號,“天明”天明正舒筋活骨膏藥膠布(萬金膏加減味),"""TIMING"" TIMING ZHENG SHU JIN HUO GU GAO PLASTER (WAN JIN GAO JIA JIAN WEI)",中藥外用貼布,False,藥膠布劑,成藥,active_in_official_export,"適應症:癰疳發背、瘡癤、打撲損傷之敷貼。
效能:","處方:每公克中含有:
龍骨 (10 mg)
白蘞 (10 mg)
槐枝 (10 mg)
鼈甲 (10 mg)
厚朴 (10 mg)
柳枝 (10 mg)
苦參 (10 mg)
木鼈子仁 (10 mg)
烏賊魚骨 (10 mg)
草烏 (10 mg)
黃柏 (10 mg)
川芎 (10 mg)
黃芩 (10 mg)
當歸 (10 mg)
黃連 (10 mg)
白芷 (10 mg)
豬牙皂角 (10 mg)
沒藥 (10 mg)
白及 (10 mg)
乳香 (10 mg)
薄荷腦 (50 mg)
氧化鋅 (30 mg)
冬綠油 (5 mg)
樹脂 (150 mg)
食用黃色4號 ( q.s.)
食色藍色2號 ( q.s.)
清油加至 (1 g)",https://service.mohw.gov.tw/DOCMAP/CusSite/TCMLQueryForm.aspx
衛署成製字第008067號,“養生堂”治痛風濕膏(太乙膏加減味),,中藥外用貼布,False,藥膠布劑,成藥,active_in_official_export,"適應症:風濕遍身痠痛、筋骨痠痛、關節痛、跌打撲傷。
效能:","處方:每公克中含有:
生地黃 (16 mg)
土木鼈 (16 mg)
玄參 (16 mg)
赤芍藥 (16 mg)
大黃 (16 mg)
白芷 (16 mg)
乳香 (7 mg)
沒藥 (7 mg)
阿魏 (3 mg)
血餘 (10 mg)
肉桂 (8 mg)
黃丹 (108 mg)
樹脂 (100 mg)
氧化鋅 (30 mg)
冬綠油 (5 mg)
薄荷腦 (20 mg)
麻油加至 (1 g)",https://service.mohw.gov.tw/DOCMAP/CusSite/TCMLQueryForm.aspx
衛署成製字第009988號,“漁人”萬金膏藥膠布(加減味),"Wann Jin Gau Plaster (Jia Jean Wei) ""F.M.""",中藥外用貼布,False,藥膠布劑,成藥,active_in_official_export,"適應症:癰疽發背、瘡癤、打撲損傷之敷貼。
效能:","處方:每公克中含有:
龍骨 (10 mg)
鱉甲 (10 mg)
苦參 (10 mg)
烏賊魚骨 (10 mg)
黃蘗 (10 mg)
黃芩 (10 mg)
黃連 (10 mg)
豬牙皂角 (10 mg)
白及 (10 mg)
白蘞 (10 mg)
厚朴 (10 mg)
木鼈子 (10 mg)
草烏 (10 mg)
川芎 (10 mg)
當歸 (10 mg)
白芷 (10 mg)
沒藥 (5 mg)
乳香 (5 mg)
槐枝 (5 mg)
柳枝 (5 mg)
薄荷腦 (20 mg)
冰片 (10 mg)
冬綠油 (20 mg)
氧化鋅 (30 mg)
樹脂 (380 mg)
食用黃色色素4號 (6 mg)
鹽酸二苯安明 (5 mg)
二丁基羥基甲苯 (3 mg)
麻油加至1g ( )",https://service.mohw.gov.tw/DOCMAP/CusSite/TCMLQueryForm.aspx
衛署成製字第012075號,”愛生”筋骨風濕膏藥膠布(萬應膏加減味),"Jin Gu Feng Shy Gau Yaw Jiau Bu ""L.L.""",中藥外用貼布,False,藥膠布劑,成藥,active_in_official_export,"適應症:風濕、遍身痠痛、筋骨痠痛。
效能:","處方:每公克中含有:
川烏 (30 mg)
草烏 (30 mg)
生地黃 (30 mg)
白蘞 (30 mg)
白及 (30 mg)
白芷 (30 mg)
當歸 (30 mg)
赤芍 (30 mg)
羌活 (30 mg)
木鼈子 (30 mg)
烏藥 (30 mg)
甘草 (30 mg)
獨活 (30 mg)
苦參子 (30 mg)
玄參 (30 mg)
柳枝 (30 mg)
肉桂 (30 mg)
薄荷腦 (30 mg)
樹脂 (100 mg)
氧化鋅 (30 mg)
冬綠油 (5 mg)
食用黃色4號 ( q.s.)
食用藍色2號 ( q.s.)
麻油加至 (1 g)",https://service.mohw.gov.tw/DOCMAP/CusSite/TCMLQueryForm.aspx
衛署成製字第013525號,“護民”金絲膏(加減味),Jin Sy Gau “H.M.”,中藥外用貼布,False,藥膠布劑,成藥,active_in_official_export,"適應症:跌撲損傷、手足肩背及寒濕、腳氣疼痛之敷貼。
效能:","處方:每公克中含有:
當歸尾 (11 mg)
川白芷 (11 mg)
杏仁 (11 mg)
玄參 (11 mg)
豬牙皂角 (11 mg)
草烏 (11 mg)
連鬚葉蔥 (30 mg)
乳香 (19 mg)
沒藥 (19 mg)
白膠香 (250 mg)
冰片 (25 mg)
薄荷腦 (20 mg)
冬綠油 (5 mg)
樹脂 (370 mg)
氧化鋅 (30 mg)
食用綠色3號 (4 mg)
麻油加至 (1 gm)",https://service.mohw.gov.tw/DOCMAP/CusSite/TCMLQueryForm.aspx
衛署成製字第014857號,“國品”金絲萬應膏(加味),Jin Sy Wann Ing Gau(Jia Wey)“G.P.”,中藥外用貼布,False,藥膠布劑,成藥,active_in_official_export,"適應症:跌撲損傷、手足肩背及寒濕、疼痛之敷貼。
效能:","處方:每公克中含有:
松脂 (390.5 mg)
威靈仙 (37.5 mg)
黃蠟 (37.5 mg)
木鼈子 (12.0 mg)
蓖麻子油 (60.0 mg)
乳香 (18.75 mg)
沒藥 (18.75 mg)
薄荷腦 (50.0 mg)
樹脂 (280.0 mg)
氧化鋅 (30.0 mg)
冬綠油 (5.0 mg)
食用黃色色素4號 (15.0 mg)
鹽酸二苯胺明 (5.0 mg)
二丁基羥基甲苯 (3.0 mg)
麻油加至1g ( )",https://service.mohw.gov.tw/DOCMAP/CusSite/TCMLQueryForm.aspx
衛署成製字第014885號,”三帆”消傷痛漢方青草貼藥膠布(混元膏加減味),Xiao Shang Tong Han Fang Qing Cao Tie Plaster“S.F.”(Hun Yuan Gau Jia Jiaan Weih),中藥外用貼布,False,藥膠布劑,成藥,active_in_official_export,"適應症:打撲損傷、消腫止痛。
效能:","處方:每公克中含有:
沒藥 (30 mg)
白及 (30 mg)
漏蘆 (30 mg)
紅花 (30 mg)
升麻 (30 mg)
白蘞 (30 mg)
大黃 (30 mg)
生梔子 (30 mg)
甘草 (30 mg)
蘆薈 (40 mg)
青黛 (30 mg)
樹脂 (150 mg)
薄荷腦 (60 mg)
冬綠油 (20 mg)
食用藍色二號 ( q.s.)
食用黃色四號 ( q.s.)
麻油加至1g ( )",https://service.mohw.gov.tw/DOCMAP/CusSite/TCMLQueryForm.aspx
衛署成製字第014991號,“正光”正光關捷貼藥膠布(太乙膏加味),"""C.K."" C.K. Guan Jie Tie Plaster (Tai Yi Kao Jia Wey)",中藥外用貼布,False,藥膠布劑,成藥,active_in_official_export,"適應症:風濕痛、筋骨痠痛、關節痛、腰痠背痛。
效能:","處方:每公克中含有:
白芷 (50.0 mg)
辣椒 (12.5 mg)
當歸 (50.0 mg)
赤芍 (50.0 mg)
玄參 (50.0 mg)
柳枝 (25.0 mg)
槐枝 (25.0 mg)
肉桂 (50.0 mg)
沒藥 (7.5 mg)
大黃 (50.0 mg)
木鼈子 (50.0 mg)
生地黃 (50.0 mg)
阿魏 (7.5 mg)
乳香 (12.5 mg)
血餘 (25.0 mg)
川烏 (25.0 mg)
草烏 (25.0 mg)
松脂 (25.0 mg)
薄荷腦 (50.0 mg)
樹脂 (260.0 mg)
凡士林 (10.0 mg)
氧化鋅 (30.0 mg)
桂花油 (1.0 mg)
丁香醇 (3.0 mg)
食用黃色四號鋁麗基 ( q.s.)
食用紅色七號鋁麗基 ( q.s.)
麻油加至1g ( )",https://service.mohw.gov.tw/DOCMAP/CusSite/TCMLQueryForm.aspx
衛署成製字第015318號,“阿桐伯”貼尚好涼性痠痛藥膠布(萬應膏加減味),COOLNESS BALM“A.T.B.”(Wann Ing Gau Jia Jean Wey),中藥外用貼布,False,藥膠布劑,成藥,active_in_official_export,"適應症:風濕遍身疼痛、筋骨痠痛、關節痛、扭傷、閃傷、行瘀活血。
效能:","處方:每公克中含有:
川烏 (30 mg)
草烏 (30 mg)
生地黃 (30 mg)
白蘞 (30 mg)
白及 (30 mg)
玄參 (30 mg)
白芷 (30 mg)
當歸 (30 mg)
赤芍 (30 mg)
羌活 (30 mg)
木鼈子 (30 mg)
烏藥 (30 mg)
甘草 (30 mg)
獨活 (30 mg)
苦參 (30 mg)
大黃 (30 mg)
薄荷腦 (20 mg)
樹脂 (100 mg)
氧化鋅 (30 mg)
冬綠油 (5 mg)
綠色三號鋁麗基 (3 mg)
二丁基羥基甲苯 (3 mg)
麻油加至1g ( )",https://service.mohw.gov.tw/DOCMAP/CusSite/TCMLQueryForm.aspx
衛署成製字第015355號,“昕泰”去痛活血青草藥膠布(混元膏加減味去麝香),,中藥外用貼布,False,藥膠布劑,成藥,active_in_official_export,"適應症:打撲損傷、消腫止痛、消瘀、舒筋活血、跌打損傷。
效能:","處方:每公克中含有:
蘆薈 (40 mg)
沒藥 (30 mg)
漏蘆 (30 mg)
紅花 (30 mg)
大黃 (30 mg)
升麻 (30 mg)
白及 (30 mg)
山梔子 (30 mg)
甘草 (30 mg)
白蘞 (30 mg)
青黛 (30 mg)
氧化鋅 (30 mg)
薄荷腦 (40 mg)
冬綠油 (10 mg)
樹脂 (430 mg)
二丁基羥基甲苯 (3 mg)
綠色3號鋁麗基 (3 mg)
麻油加至1g ( )",https://service.mohw.gov.tw/DOCMAP/CusSite/TCMLQueryForm.aspx
衛署成製字第007591號,“德山”安痛膏藥布(萬應膏加減味),AN TONG KAO PLASTER“DERSAN”,中藥外用貼布,False,藥膠布劑,成藥,active_in_official_export,"適應症:風濕遍身痠痛、筋骨痠痛。
效能:","處方:每公克中含有:
川烏 (30 mg)
草烏 (30 mg)
生地黃 (30 mg)
白蘞 (30 mg)
白及 (30 mg)
官桂 (30 mg)
白芷 (30 mg)
大黃 (30 mg)
當歸 (30 mg)
赤芍 (30 mg)
羌活 (30 mg)
苦參 (30 mg)
木子 (30 mg)
烏藥 (30 mg)
甘草 (30 mg)
獨活 (30 mg)
玄參 (30 mg)
柳枝 (30 mg)
薄荷 (20 mg)
氧化鋅 (30 mg)
樹脂 (100 mg)
冬綠油 (5 mg)
食用黃色四號 ( q.s.)
麻油加至1g ( )",https://service.mohw.gov.tw/DOCMAP/CusSite/TCMLQueryForm.aspx
衛署成製字第009919號,“得生”行血消痛藥膠布(加味太乙膏加減味),"HSING HSIEH HSIAO TUNG PLASTER ""T.S."" (Chia Wei Tai Yi Kao Chia Chien Wei)",中藥外用貼布,False,藥膠布劑,成藥,active_in_official_export,"適應症:風濕痛、筋骨痠痛、跌打損傷。
效能:","處方:每公克中含有: 
白芷 (14 mg)
當歸 (14 mg)
赤芍 (14 mg)
玄參 (14 mg)
肉桂 (14 mg)
木鼈子 (14 mg)
大黃 (14 mg)
生地黃 (14 mg)
血餘 (7 mg)
乳香 (4 mg)
沒藥 (2 mg)
阿魏 (2 mg)
冬綠油 (50 mg)
薄荷腦 (30 mg)
氧化鋅 (30 mg)
樹脂 (250 mg)
橡膠 (400 mg)
食用黃色四號 ( q.s.)
麻油加至1g ( )",https://service.mohw.gov.tw/DOCMAP/CusSite/TCMLQueryForm.aspx
衛署成製字第012017號,”生春”通絡活血膏藥膠布(金絲萬應膏加味),"TUNG LO HUO HSUEH KAO PLASTER ""SHENG CHUN""",中藥外用貼布,False,藥膠布劑,成藥,active_in_official_export,"適應症:跌撲損傷、手足肩背及寒濕疼痛之敷貼。
外銷專用適應症:僅適用暫時緩解肌肉疼痛,肌肉乏力,腰痠,肩膀痠痛及關節疼痛。
效能:","處方:每公克中含有:
松脂 (490.5 mg)
威靈仙 (37.5 mg)
黃蠟 (37.5 mg)
木鼈子 (12.0 mg)
沒藥 (18.75 mg)
蓖麻子 (60.0 mg)
乳香 (18.75 mg)
薄荷腦 (45.0 mg)
冬綠油 (5.0 mg)
樹脂 (150.0 mg)
氧化鋅 (30.0 mg)
食用藍色二號 ( q.s.)
食用黃色四號 ( q.s.)
麻油加至 (1 g)",https://service.mohw.gov.tw/DOCMAP/CusSite/TCMLQueryForm.aspx
衛署成製字第012186號,”生春”止痛清涼膏藥膠布(混元膏加減味去麝香),"CHIH TUNG CHING LIANG KAO PLASTER ""SHENG CHUN""",中藥外用貼布,False,藥膠布劑,成藥,active_in_official_export,"適應症:打撲損傷、消腫止痛。
效能:","處方:每公克中含有:
沒藥 (30 mg)
白及 (30 mg)
漏蘆 (30 mg)
紅花 (30 mg)
升麻 (30 mg)
白蘞 (30 mg)
大黃 (30 mg)
生梔子 (30 mg)
甘草 (30 mg)
蘆薈 (40 mg)
青黛 (30 mg)
樹脂 (410 mg)
薄荷腦 (40 mg)
氧化鋅 (30 mg)
冬綠油 (10 mg)
食用藍色2號 ( q.s.)
食用黃色4號 ( q.s.)
麻油加至 (1 g)",https://service.mohw.gov.tw/DOCMAP/CusSite/TCMLQueryForm.aspx
衛署成製字第013199號,“漁人”濕風萬應膏藥膠布(金絲萬應膏加減味),"SHY FENG WANN YING GAU PLASTER ""F.M.""",中藥外用貼布,False,藥膠布劑,成藥,active_in_official_export,"適應症:跌撲損傷、手足肩背及寒濕、腳氣疼痛之敷貼。
效能:","處方:每公克中含有:
威靈仙 (30 mg)
木鼈子 (15 mg)
蓖麻子 (50 mg)
沒藥 (20 mg)
乳香 (20 mg)
薄荷腦 (34 mg)
樹脂 (200 mg)
黃蠟 (30 mg)
氧化鋅 (40 mg)
冬綠油 (16 mg)
活性炭 (40 mg)
麻油加至1g ( )",https://service.mohw.gov.tw/DOCMAP/CusSite/TCMLQueryForm.aspx
衛署成製字第013375號,“漁人”寧痠痛藥膠布(金絲膏加減味),"Ning Suan Toung Plaster〝Fisher Man""(Jin Sy Gau Jia Jean Wey)",中藥外用貼布,False,藥膠布劑,成藥,active_in_official_export,"適應症:跌撲損傷、手足肩背及寒濕、腳氣疼痛之敷貼。
效能:","處方:每公克中含有:
當歸尾 (11 mg)
川白芷 (11 mg)
杏仁 (11 mg)
玄參 (11 mg)
豬牙皂角 (11 mg)
白及 (11 mg)
連鬚葉蔥 (30 mg)
乳香 (19 mg)
沒藥 (19 mg)
白膠香 (250 mg)
冰片 (20 mg)
薄荷腦 (20 mg)
冬綠油 (5 mg)
樹脂 (370 mg)
氧化鋅 (30 mg)
食用黃色四號 (4 mg)
香油 (加至1 g)",https://service.mohw.gov.tw/DOCMAP/CusSite/TCMLQueryForm.aspx
衛署成製字第013440號,“三寶佛”三寶佛白芷金絲膏藥膠布(金絲膏加減味),"San Ban Fo Bair Jyy Jin Sy Balm Plaster ""S.B.F."" (jin si gao jia jian wei)",中藥外用貼布,False,藥膠布劑,成藥,active_in_official_export,"適應症:跌撲損傷、手足肩背及寒濕腳氣疼痛之敷貼。
效能:","處方:每公克中含有:
當歸尾 (10 mg)
白芷 (10 mg)
杏仁 (10 mg)
玄參 (10 mg)
豬牙皂角 (10 mg)
草烏 (10 mg)
連鬚葉葱 (31 mg)
白膠香 (248 mg)
松脂 (248 mg)
乳香 (17 mg)
沒藥 (17 mg)
黃蠟 (31 mg)
氧化鋅 (60 mg)
冬綠油 (20 mg)
薄荷腦 (60 mg)
白色色素 (5 mg)
清油加至 (1 g)",https://service.mohw.gov.tw/DOCMAP/CusSite/TCMLQueryForm.aspx
衛署成製字第014863號,〝輝陽〞千手活力保健貼藥膠布(太乙膏加減味),Chian Shoou Hwo Lih Bao Jiann Tie Plaster〝H.Y〞(Tay Yii Gau Jia Jean Wey),中藥外用貼布,False,藥膠布劑,成藥,active_in_official_export,"適應症:風濕痛、筋骨痛、跌打損傷痛。
效能:","處方:每公克中含有:
白芷 (15 mg)
當歸 (15 mg)
赤芍 (15 mg)
玄參 (15 mg)
大黃 (15 mg)
木鼈子 (15 mg)
生地黃 (15 mg)
肉桂 (7.5 mg)
血餘 (7 mg)
乳香 (6 mg)
阿魏 (3 mg)
沒藥 (6 mg)
薄荷腦 (30 mg)
冰片 (15 mg)
冬綠油 (15 mg)
樹脂 (500 mg)
氧化鋅 (40 mg)
食用紅色6號 ( q.s.)
食用藍色2號 ( q.s.)
麻油加至1g ( )",https://service.mohw.gov.tw/DOCMAP/CusSite/TCMLQueryForm.aspx
衛署成製字第014871號,“三帆”金絲萬應膏藥膠布(金絲萬應膏加味),Jin Sy Wan In Balm“S.F”(Jin Sy Wan In Gau Jia Weih),中藥外用貼布,False,藥膠布劑,成藥,active_in_official_export,"適應症:鎮痛、消炎、捻挫、打撲、筋肉痛、關節痛、跌打傷、腰痠痛、肩痛、神經痛
效能:","處方:每公克中含有:
威靈仙 (30 mg)
黃蠟 (30 mg)
木鼈子 (15 mg)
蓖麻子 (50 mg)
沒藥 (20 mg)
乳香 (20 mg)
樹脂 (200 mg)
氧化鋅 (40 mg)
冬綠油 (10 mg)
薄荷腦 (50 mg)
食用藍色二號 ( q.s.)
食用黃色四號 ( q.s.)
食用黃色五號 ( q.s.)
麻油加至1g ( )",https://service.mohw.gov.tw/DOCMAP/CusSite/TCMLQueryForm.aspx
衛署成製字第014912號,〝輝陽〞華樺萬金膏藥膠布(萬金膏加減味),Hwa Huah Wann Jin Gau Plaster〝H.Y〞(Wann Jin Gau Jia Jean Wey),中藥外用貼布,False,藥膠布劑,成藥,active_in_official_export,"適應症:損傷、閃挫、風濕筋寒。
效能:","處方:每公克中含有:
龍骨 (10 mg)
鼈甲 (10 mg)
苦參 (10 mg)
烏賊骨 (10 mg)
黃柏 (30 mg)
黃芩 (30 mg)
黃連 (40 mg)
豬牙皂角 (10 mg)
白及 (15 mg)
白蘞 (15 mg)
厚朴 (15 mg)
木鼈子 (15 mg)
草烏 (10 mg)
川芎 (15 mg)
當歸 (70 mg)
白芷 (15 mg)
沒藥 (15 mg)
乳香 (10 mg)
槐枝 (10 mg)
柳枝 (10 mg)
薄荷腦 (30 mg)
冰片 (10 mg)
冬綠油 (10 mg)
樹脂 (400 mg)
氧化鋅 (20 mg)
食用黃色四號 ( q.s.)
食用藍色二號 ( q.s.)
麻油加至1g ( )",https://service.mohw.gov.tw/DOCMAP/CusSite/TCMLQueryForm.aspx
衛署成製字第014973號,“愛生”軟筋藥膠布(混元膏加減味去麝香),Roan Jin Yaw Jiau Bu“L.L.”(Huenn Yuan Gau Jia Jean Way Chiuh Sheh Shiang),中藥外用貼布,False,藥膠布劑,成藥,active_in_official_export,"適應症:打撲損傷、消腫止痛。
效能:","處方:每公克中含有:
沒藥 (30 mg)
白及 (30 mg)
漏蘆 (30 mg)
紅花 (30 mg)
升麻 (30 mg)
白蘞 (30 mg)
大黃 (30 mg)
山梔子 (30 mg)
甘草 (30 mg)
蘆薈 (40 mg)
青黛 (30 mg)
樹脂 (150 mg)
薄荷腦 (60 mg)
冬綠油 (20 mg)
淨香油加至1g ( )",https://service.mohw.gov.tw/DOCMAP/CusSite/TCMLQueryForm.aspx
衛署成製字第015263號,“大濟”辣椒膏藥膠布,La Chiao Gau medicated patch“D.J.”,中藥外用貼布,False,藥膠布劑,成藥,active_in_official_export,"適應症:風濕痛、腰痠背痛、肌肉痛。
效能:","處方:每公克中含有:
辣椒 (30 mg)
沙拉油 (150 mg)
白蠟 (160 mg)
氧化鋅 (30 mg)
蜂蠟 (30 mg)
樹脂 (600 mg)",https://service.mohw.gov.tw/DOCMAP/CusSite/TCMLQueryForm.aspx
衛署成製字第015658號,“碧莎蕾”碧莎蕾酸痛好藥膠布(金絲萬應膏加減味),,中藥外用貼布,False,藥膠布劑,成藥,active_in_official_export,"適應症:跌撲損傷、手足肩背及寒濕疼痛之敷貼。
效能:","處方:每公克中含有:
威靈仙 (30.0 mg)
木鼈子 (15.0 mg)
蓖麻子 (50.0 mg)
沒藥 (20.0 mg)
乳香 (20.0 mg)
三七 (30.0 mg)
薄荷腦 (30.0 mg)
冬綠油 (10.0 mg)
冰片 (10.0 mg)
麻油 (450.0 mg)
氧化鋅 (40.0 mg)
食用黃色4號 (1.5 mg)
食用藍色2號 (1.5 mg)
樹脂加至1g ( )",https://service.mohw.gov.tw/DOCMAP/CusSite/TCMLQueryForm.aspx
衛署成製字第015861號,“天明”金絲膏藥膠布(加減味),"""Timing"" Chin Su Kao Plaster (Chia Chien Wei)",中藥外用貼布,False,藥膠布劑,成藥,active_in_official_export,"適應症:治跌撲損傷、手足肩背及寒濕腳氣疼痛之敷貼。
效能:","處方:每公克中含有:
當歸尾 (11 mg)
川白芷 (11 mg)
杏仁 (11 mg)
玄參 (11 mg)
豬牙皂角 (11 mg)
草烏 (11 mg)
白膠香 (250 mg)
連鬚葉蔥 (30 mg)
牛皮膠 (40 mg)
樹脂 (200 mg)
乳香 (19 mg)
沒藥 (19 mg)
薄荷腦 (20 mg)
冬綠油 (5 mg)
冰片 (20 mg)
氧化鋅 (30 mg)
麻油加至1g ( )",https://service.mohw.gov.tw/DOCMAP/CusSite/TCMLQueryForm.aspx
衛署成製字第016161號,"""輝陽""雪鶴紅花青草膏藥膠布(萬應紫金膏加減味)","Xue He Horng Huah Ching Tsao Gau Plaster ""H.Y"" (Wann Ing Tzyy Jin Gau Jia Jean Wey)",中藥外用貼布,False,藥膠布劑,成藥,active_in_official_export,"適應症:手足腰背疼痛,閃挫傷損。
效能:","處方:每公克中含有:
赤芍 (20 mg)
當歸 (20 mg)
紅花 (20 mg)
黃芩 (20 mg)
防風 (20 mg)
荊芥 (20 mg)
連翹 (20 mg)
黃柏 (20 mg)
殭蠶 (20 mg)
白芷 (20 mg)
蟬退 (20 mg)
甘草 (20 mg)
大黃 (20 mg)
金銀花 (20 mg)
川烏 (20 mg)
草烏 (20 mg)
羌活 (20 mg)
蒼朮 (20 mg)
細辛 (20 mg)
川椒 (20 mg)
秦艽 (20 mg)
乳香 (20 mg)
沒藥 (20 mg)
牛皮膠 (20 mg)
骨碎補 (20 mg)
何首烏 (20 mg)
蛇床子 (20 mg)
木鼈子 (20 mg)
大風子 (20 mg)
生南星 (20 mg)
生半夏 (20 mg)
薄荷腦 (50 mg)
冰片 (2.5 mg)
冬綠油 (2.5 mg)
樹脂 (200 mg)
氧化鋅 (30 mg)
食用黃色4號 (1 mg)
食用藍色2號 (1 mg)
麻油加至1g ( )",https://service.mohw.gov.tw/DOCMAP/CusSite/TCMLQueryForm.aspx
衛部成製字第016513號,"""天明""天明筋骨康當藥膠布(太乙膏加減味)",“TIMING”TIMING JIN GU KANG DANG Plaster(TAI YI GAO JIA JIAN WEI),中藥外用貼布,False,藥膠布劑,成藥,active_in_official_export,"適應症:風濕痛、筋骨痠痛、跌傷、打撲傷
效能:","處方:每公克中含有:
白芷 (14 mg)
當歸 (14 mg)
赤芍 (14 mg)
玄參 (14 mg)
肉桂 (14 mg)
大黃 (14 mg)
木鼈子 (14 mg)
生地黃 (14 mg)
血餘 (7 mg)
乳香 (4 mg)
薄荷 (3 mg)
沒藥 (2 mg)
阿魏 (2 mg)
薄荷腦 (40 mg)
冬綠油 (5 mg)
冰片 (5 mg)
氧化鋅 (30 mg)
樹脂 (200 mg)
食用黃色4號 ( q.s.)
食用藍色2號 ( q.s.)
麻油加至 (1 g)",https://service.mohw.gov.tw/DOCMAP/CusSite/TCMLQueryForm.aspx
衛部成製字第016654號,〝南美〞萬應膏藥膠布,〝N.M〞WAN YING GAO PLASTER,中藥外用貼布,False,藥膠布劑,成藥,active_in_official_export,"適應症:跌打損傷、手足肩背寒濕疼痛之敷貼。
效能:","處方:每公克中含有:
威靈仙 (30 mg)
黃臘 (30 mg)
木鼈子 (15 mg)
蓖麻子 (50 mg)
沒藥 (20 mg)
乳香 (20 mg)
薄荷腦 (50 mg)
松脂 (200 mg)
氧化鋅 (40 mg)
冬綠油 (10 mg)
食用藍色2號 (0.05 mg)
食用黃色4號 (0.4 mg)
胡麻油加至 (1 g)",https://service.mohw.gov.tw/DOCMAP/CusSite/TCMLQueryForm.aspx
衛署成製字第010163號,“黃飛鴻”清涼救骨膏藥膠布(太乙膏加減味),CHING LIANG CHIU KU GAO PATCH (tai yi gao jia jian wei),中藥外用貼布,False,藥膠布劑,成藥,active_in_official_export,"適應症:風濕痛、跌打撲傷、筋骨痠痛。
效能:","處方:每公克中含有:
白芷 (13 mg)
當歸 (13 mg)
赤芍 (13 mg)
玄參 (13 mg)
肉桂 (13 mg)
大黃 (13 mg)
阿魏 (2 mg)
沒藥 (2 mg)
木鼈子 (13 mg)
生地黃 (13 mg)
柳枝 (27 mg)
獨活 (27 mg)
血餘 (7 mg)
乳香 (3 mg)
樹脂 (100 mg)
薄荷腦 (60 mg)
氧化鋅 (60 mg)
冬綠油 (20 mg)
食用藍色2號 ( q.s.)
食用黃色4號 ( q.s.)
食用黃色5號 ( q.s.)
食用紅色6號 ( q.s.)
麻油加至 (1 g)",https://service.mohw.gov.tw/DOCMAP/CusSite/TCMLQueryForm.aspx
衛署成製字第011257號,“三帆”筋痛寧藥膠布,"Jin Tong Ning Balm ""S.F.""",中藥外用貼布,False,藥膠布劑,成藥,active_in_official_export,"適應症:風濕痛、跌打撲傷、筋骨痠痛。
效能:","處方:每公克中含有: 
白芷 (13 mg)
當歸 (13 mg)
赤芍 (13 mg)
玄參 (13 mg)
肉桂 (13 mg)
大黃 (13 mg)
阿魏 (2 mg)
沒藥 (2 mg)
木鼈子 (13 mg)
生地黃 (13 mg)
柳枝 (27 mg)
獨活 (27 mg)
血餘 (7 mg)
乳香 (3 mg)
樹脂 (100 mg)
薄荷腦 (40 mg)
氧化鋅 (60 mg)
冬綠油 (10 mg)
食用藍色二號 ( q.s.)
食用黃色四號 ( q.s.)
食用黃色五號 ( q.s.)
麻油加至1g ( )",https://service.mohw.gov.tw/DOCMAP/CusSite/TCMLQueryForm.aspx
衛署成製字第011718號,“三帆”三帆痛貼寧白芷運動藥膠布(金絲膏加減味),"Three Mast Tong Tie Ning Bai Zhi Yun Dong Plaster ""S.F."" (jin si gao jia jian wei)",中藥外用貼布,False,藥膠布劑,成藥,active_in_official_export,"適應症:跌撲損傷、手足肩背及寒濕腳氣疼痛之敷貼。
效能:","處方:每公克中含有: 
當歸尾 (10 mg)
白芷 (10 mg)
杏仁 (10 mg)
玄參 (10 mg)
豬牙皂 (10 mg)
草烏 (10 mg)
連鬚葉蔥 (31 mg)
白膠香 (248 mg)
松脂 (248 mg)
乳香 (17 mg)
沒藥 (17 mg)
黃蠟 (31 mg)
氧化鋅 (60 mg)
冬綠油 (20 mg)
薄荷腦 (60 mg)
清油加至1g ( )",https://service.mohw.gov.tw/DOCMAP/CusSite/TCMLQueryForm.aspx
衛署成製字第011919號,“愛生”風濕膏藥膠布(萬應膏加減味),"Feng Shy Gau Yaw Jiau Bu ""L.L.""",中藥外用貼布,False,藥膠布劑,成藥,active_in_official_export,"適應症:風濕遍身痠痛、筋骨痠痛。
效能:","處方:每公克中含有: 
川烏 (5.6 mg)
草烏 (5.6 mg)
生地黃 (5.6 mg)
白蘞 (5.6 mg)
沒藥 (5.6 mg)
肉桂 (5.6 mg)
白芷 (5.6 mg)
當歸 (5.6 mg)
赤芍 (5.6 mg)
羌活 (5.6 mg)
苦參 (5.6 mg)
土木鼈 (5.6 mg)
薄荷 (5.6 mg)
烏藥 (5.6 mg)
甘草 (5.6 mg)
獨活 (5.6 mg)
松香 (5.6 mg)
玄參 (5.6 mg)
大黃 (5.6 mg)
樹脂 (200.0 mg)
氧化鋅 (30.0 mg)
冬綠油 (20.0 mg)
薄荷腦 (20.0 mg)
冰片 (10.0 mg)
麻油加至1g ( )",https://service.mohw.gov.tw/DOCMAP/CusSite/TCMLQueryForm.aspx
衛署成製字第012247號,“漁人”漁人萬靈膏藥膠布(加減味去麝香),"FISHER MAN WANN LING GAU PLASTER (Jia Jian Wei Chiu She Shiang) ""FM""",中藥外用貼布,False,藥膠布劑,成藥,active_in_official_export,"適應症:消瘀、舒筋、活血、止痛、跌打損傷。
效能:","處方:每公克中含有:
骨碎補 (20 mg)
透骨草 (20 mg)
當歸 (20 mg)
紅花 (20 mg)
自然銅 (20 mg)
血竭 (20 mg)
沒藥 (20 mg)
川芎 (16 mg)
赤芍 (40 mg)
川牛膝 (10 mg)
鹿茸 (6 mg)
五加皮 (10 mg)
石菖蒲 (10 mg)
蒼朮 (10 mg)
木香 (6 mg)
秦艽 (6 mg)
蛇床子 (6 mg)
肉桂 (6 mg)
附子 (6 mg)
半夏 (6 mg)
石斛 (6 mg)
萆薢 (6 mg)
氧化鋅 (30 mg)
食用黃色4號 (4 mg)
薄荷腦 (20 mg)
冬綠油 (20 mg)
冰片 (10 mg)
樹脂 (370 mg)
麻油加至1g ( )",https://service.mohw.gov.tw/DOCMAP/CusSite/TCMLQueryForm.aspx
衛署成製字第012275號,”愛生”勁跑活絡膏藥膠布(萬金膏加味),,中藥外用貼布,False,藥膠布劑,成藥,active_in_official_export,"適應症:癰疽發背、瘡癤、打撲損傷之敷貼。
效能:","處方:每公克中含有:
龍骨 (10 mg)
鼈甲 (10 mg)
苦參 (10 mg)
烏賊骨 (10 mg)
黃柏 (10 mg)
黃芩 (10 mg)
黃連 (10 mg)
皂角 (10 mg)
白及 (10 mg)
白蘞 (10 mg)
厚朴 (10 mg)
木鼈子 (10 mg)
草烏 (10 mg)
川芎 (10 mg)
當歸 (10 mg)
白芷 (10 mg)
沒藥 (10 mg)
乳香 (10 mg)
槐枝 (10 mg)
柳枝 (10 mg)
松香 (10 mg)
白膠香 (10 mg)
樹脂 (100 mg)
冬綠油 (5 mg)
薄荷腦 (25 mg)
冰片 (20 mg)
氧化鋅 (30 mg)
玫瑰香料 (2 mg)
食用藍色二號 (2 mg)
食用黃色四號 (4 mg)
麻油加至 (1 g)",https://service.mohw.gov.tw/DOCMAP/CusSite/TCMLQueryForm.aspx
衛署成製字第013373號,“十八銅人”好體貼酸痛藥膠布(萬寧膏去穿山甲),How Ti Take Suan Tong Balm“Shi-Bar-Tone-Zone”,中藥外用貼布,False,藥膠布劑,成藥,active_in_official_export,"適應症:風濕遍身痠痛、筋骨痠痛。
效能:","處方:每公克中含有:
生地黃 (30 mg)
白蘞 (30 mg)
白芷 (40 mg)
當歸 (30 mg)
赤芍 (30 mg)
羌活 (30 mg)
木鼈子 (30 mg)
烏藥 (30 mg)
甘草 (30 mg)
獨活 (30 mg)
玄參 (30 mg)
大黃 (30 mg)
肉桂 (20 mg)
柳枝 (20 mg)
槐枝 (20 mg)
沒藥 (30 mg)
松香 (20 mg)
樹脂 (160 mg)
乳香 (30 mg)
薄荷腦 (30 mg)
冬綠油 (10 mg)
氧化鋅 (30 mg)
白色色素 ( q.s.)
麻油 (加至1 g)",https://service.mohw.gov.tw/DOCMAP/CusSite/TCMLQueryForm.aspx
衛署成製字第013816號,“豐生”松涼藥膠布(萬應膏加減味去穿山甲),Song Liang Yaw Jiau Bu“H.S.”(Wann Ing Gau Jia Jean Wey Chiuh Chuan Shan Jea),中藥外用貼布,False,藥膠布劑,成藥,active_in_official_export,"適應症:風濕遍身疼痛、筋骨痠痛、關節痛、扭傷、閃傷、行瘀活血。
效能:","處方:每公克中含有:
川烏 (30 mg)
草烏 (30 mg)
生地黃 (30 mg)
白蘞 (30 mg)
白及 (30 mg)
白芷 (30 mg)
大黃 (30 mg)
當歸 (30 mg)
赤芍 (30 mg)
羌活 (30 mg)
木鼈子 (30 mg)
烏藥 (30 mg)
甘草 (30 mg)
獨活 (30 mg)
苦參 (30 mg)
玄參 (30 mg)
柳枝 (30 mg)
肉桂 (30 mg)
川七 (20 mg)
丁香 (10 mg)
樹脂 (100 mg)
氧化鋅 (30 mg)
薄荷腦 (20 mg)
冬綠油 (5 mg)
麻油加至1g ( )",https://service.mohw.gov.tw/DOCMAP/CusSite/TCMLQueryForm.aspx
衛署成製字第013818號,“生春”鎮點藥膠布(金絲膏加減味),CHEN TIEN PLASTER“SHENG CHUN”(CHIN SZU KAO CHIA CHIEN WEI),中藥外用貼布,False,藥膠布劑,成藥,active_in_official_export,"適應症:跌撲損傷、手足肩背及寒濕、腳氣疼痛之敷貼。
效能:","處方:每公克中含有:
當歸尾 (10 mg)
白芷 (10 mg)
杏仁 (10 mg)
玄參 (10 mg)
皂角 (10 mg)
草烏 (10 mg)
白膠香 (200 mg)
連鬚葉葱 (31 mg)
乳香 (17 mg)
沒藥 (17 mg)
松脂 (200 mg)
麻油 (500 mg)
冬綠油 (5 mg)
薄荷腦 (11 mg)
樹脂加至1g ( )",https://service.mohw.gov.tw/DOCMAP/CusSite/TCMLQueryForm.aspx
衛署成製字第014112號,“南美”巴安康藥膠布(金絲萬應膏加味),Pa Ann Kang Plaster“N.M”(Jin Sy Wann Ing Gau Jia Wey),中藥外用貼布,False,藥膠布劑,成藥,active_in_official_export,"適應症:跌撲損傷、手足肩背及寒濕疼痛。
效能:","處方:每公克中含有:
木鼈子 (12.00 mg)
乳香 (18.75 mg)
沒藥 (18.75 mg)
威靈仙 (37.50 mg)
黃蠟 (37.50 mg)
蓖麻子 (60.00 mg)
樹脂 (100.00 mg)
冰片 (50.00 mg)
薄荷腦 (30.00 mg)
冬綠油 (5.00 mg)
氧化鋅 (30.00 mg)
食用黃色四號 ( q.s.)
麻油加至1g ( )",https://service.mohw.gov.tw/DOCMAP/CusSite/TCMLQueryForm.aspx
衛署成製字第014431號,“南美”疏痠痛藥膠布(混元膏加減味去麝香),Sue Shang Tong Plaster“N.M”(HUN YUAN KAO JIA JIAN WEY QU SHE XIANG),中藥外用貼布,False,藥膠布劑,成藥,active_in_official_export,"適應症:打撲損傷、骨碎筋翻、瘀血凝聚、青紫腫痛。
效能:","處方:每公克中含有:
沒藥 (30 mg)
白及 (30 mg)
漏蘆 (30 mg)
紅花 (30 mg)
升麻 (30 mg)
白蘞 (30 mg)
大黃 (30 mg)
生梔子 (30 mg)
甘草 (30 mg)
冰片 (20 mg)
蘆薈 (40 mg)
薄荷腦 (50 mg)
青黛 (30 mg)
樹脂 (150 mg)
氧化鋅 (30 mg)
冬綠油 (5 mg)
新食用巧克力色 ( q.s.)
麻油加至1g ( )",https://service.mohw.gov.tw/DOCMAP/CusSite/TCMLQueryForm.aspx
衛署成製字第014852號,”日盛”東醫膏(太乙膏加減味),"Dong I Kao ""R.H.""",中藥外用貼布,False,藥膠布劑,成藥,active_in_official_export,"適應症:跌打損傷、風濕遍身痠痛、筋骨痠痛、關節痛。
效能:","處方:每公克中含有:
白芷 (14 mg)
當歸 (14 mg)
赤芍 (14 mg)
玄參 (14 mg)
肉桂 (14 mg)
大黃 (14 mg)
木鼈子 (14 mg)
生地黃 (14 mg)
血餘 (7 mg)
乳香 (4 mg)
阿魏 (2 mg)
沒藥 (2 mg)
薄荷腦 (50 mg)
樹脂 (150 mg)
氧化鋅 (30 mg)
冬綠油 (5 mg)
食用色素黃色4號 ( q.s.)
食用色素藍色2號 ( q.s.)
麻油加至1g ( )",https://service.mohw.gov.tw/DOCMAP/CusSite/TCMLQueryForm.aspx
衛部成製字第016341號,“順安”克疼藥膠布(金絲膏加減味),,中藥外用貼布,False,藥膠布劑,成藥,active_in_official_export,"適應症:跌撲損傷、手足肩背及寒濕、腳氣疼痛之敷貼。
效能:","處方:每公克中含有:
當歸 (10 mg)
白芷 (10 mg)
杏仁 (10 mg)
玄參 (10 mg)
豬牙皂角 (10 mg)
草烏 (10 mg)
白膠香 (267 mg)
連鬚葉蔥 (17 mg)
松脂 (267 mg)
乳香 (17 mg)
沒藥 (17 mg)
黃蠟 (34 mg)
薄荷腦 (11 mg)
樹脂 (100 mg)
氧化鋅 (30 mg)
冬綠油 (5 mg)
食用黃色4號 (2 mg)
清油加至1g ( )",https://service.mohw.gov.tw/DOCMAP/CusSite/TCMLQueryForm.aspx
衛部成製字第016343號,“愛生”杏海舒筋活血藥膠布(混元膏加減味),Hsing Hai Shu  Jin Hwo Shiee Yaw Jiau Bu “L.L.”(Huenn Yuan Gau Jia Jean Wey),中藥外用貼布,False,藥膠布劑,成藥,active_in_official_export,"適應症:打撲損傷、消腫止痛。
效能:","處方:每公克中含有:
沒藥 (30 mg)
白及 (30 mg)
漏蘆 (30 mg)
紅花 (30 mg)
升麻 (30 mg)
白蘞 (30 mg)
大黃 (30 mg)
山梔子 (30 mg)
甘草 (30 mg)
蘆薈 (40 mg)
青黛 (30 mg)
樹脂 (150 mg)
氧化鋅 (60 mg)
薄荷腦 (60 mg)
冬綠油 (20 mg)
三氧化二鐵 (2 mg)
食用黃色4號 (4 mg)
麻油加至 (1.0 g)",https://service.mohw.gov.tw/DOCMAP/CusSite/TCMLQueryForm.aspx
衛部成製字第016419號,和順活絡透骨膏藥,HER SHUN HUO LUO PAIN RELIEF PLASTER,中藥外用貼布,False,藥膠布劑,成藥,active_in_official_export,"適應症:惡瘡、無名腫毒、跌撲、筋骨抽痛、消腫。
效能:","處方:每公克中含有:
當歸 (6.39 mg)
白蘞 (6.39 mg)
木香 (3.19 mg)
木通 (3.19 mg)
肉桂 (6.39 mg)
白及 (6.39 mg)
乳香 (6.39 mg)
草烏 (6.39 mg)
川芎 (12.78 mg)
香櫞 (3.19 mg)
川烏 (6.39 mg)
續斷 (3.19 mg)
陳皮 (3.19 mg)
附子 (6.39 mg)
地龍 (6.39 mg)
防風 (3.19 mg)
沒藥 (6.39 mg)
桂枝 (6.39 mg)
姜蚕 (6.39 mg)
荊芥 (3.19 mg)
大黃 (6.39 mg)
赤芍 (3.83 mg)
五靈脂 (6.39 mg)
白芷 (6.39 mg)
牛蒡草根梗葉 (153.35 mg)
風仙花梗葉 (12.78 mg)
薄荷腦 (30 mg)
冰片 (10 mg)
冬綠油 (10 mg)
氧化鋅 (30 mg)
凡士林 (60 mg)
樹脂 (51.69 mg)
羊毛脂 (4.50 mg)
BHT (3.00 mg)
麻油加至 (1 g)",https://service.mohw.gov.tw/DOCMAP/CusSite/TCMLQueryForm.aspx
衛署成製字第007215號,“原生園”原生痠痛藥膠布(混元膏加減味去麝香),,中藥外用貼布,False,藥膠布劑,成藥,active_in_official_export,"適應症:打撲損傷、消腫止痛。
效能:","處方:每公克中含有:
沒藥 (30 mg)
白及 (30 mg)
漏蘆 (30 mg)
紅花 (30 mg)
升麻 (30 mg)
白蘞 (30 mg)
大黃 (30 mg)
生梔子 (30 mg)
甘草 (30 mg)
蘆薈 (40 mg)
薄荷腦 (50 mg)
青黛 (30 mg)
樹脂 (150 mg)
氧化鋅 (30 mg)
冬綠油 (5 mg)
冰片 (20 mg)
食用黃色4號 (0.6 mg)
食用藍色2號 (0.4 mg)
麻油加至 (1 g)",https://service.mohw.gov.tw/DOCMAP/CusSite/TCMLQueryForm.aspx
衛署成製字第008523號,“南美”正活血透骨膏藥膠布(火龍膏加減味),,中藥外用貼布,False,藥膠布劑,成藥,active_in_official_export,"適應症:風寒暑濕侵襲、筋攣骨痛。
效能:","處方:每公克中含有: 
生薑汁 (560 mg)
牛皮膠 (140 mg)
乳香 (35 mg)
沒藥 (35 mg)
麝香酮 (7 mg)
松香 (29.95 mg)
薄荷腦 (30 mg)
冰片 (10 mg)
樹脂 (125 mg)
氧化鋅 (30 mg)
冬綠油 (10 mg)
抗氧化劑 (1 mg)
食用黃色4號 (0.02 mg)
食用藍色2號 (0.03 mg)
麻油加至1g ( )",https://service.mohw.gov.tw/DOCMAP/CusSite/TCMLQueryForm.aspx
衛署成製字第011582號,“生春”能量循血治痛膏藥膠布,"ENERGETIC HSUN HSUEH CHIH TUNG KAO ""SHENG CHUN""",中藥外用貼布,False,藥膠布劑,成藥,active_in_official_export,"適應症:跌撲損傷、手足肩背及寒濕疼痛之敷貼。
效能:","處方:每公克中含有: 
威靈仙 (30 mg)
黃蠟 (30 mg)
木鼈子 (15 mg)
蓖麻子 (50 mg)
沒藥 (20 mg)
乳香 (20 mg)
薄荷腦 (40 mg)
樹脂 (200 mg)
松脂 (200 mg)
氧化鋅 (50 mg)
冬綠油 (10 mg)
食用黃色4號 ( q.s.)
食用藍色2號 ( q.s.)
麻油加至1g ( )",https://service.mohw.gov.tw/DOCMAP/CusSite/TCMLQueryForm.aspx
衛署成製字第011584號,“康之田”舒筋鎮痛膏藥膠布(金絲萬應膏加味),"Shu Jin Zhen Tong Balm Plaster ""K.T.T."" (jin si wan ying gao jia wei)",中藥外用貼布,False,藥膠布劑,成藥,active_in_official_export,"適應症:跌撲損傷、手足肩背及寒濕疼痛之敷貼。
效能:","處方:每公克中含有: 
松脂 (490.50 mg)
威靈仙 (37.50 mg)
黃蠟 (37.50 mg)
木鼈子 (12.00 mg)
沒藥 (18.75 mg)
蓖麻子 (60.00 mg)
乳香 (18.75 mg)
薄荷腦 (45.00 mg)
冬綠油 (5.00 mg)
樹脂 (150.00 mg)
氧化鋅 (30.00 mg)
食用黃色四號 ( q.s.)
麻油加至1g ( )",https://service.mohw.gov.tw/DOCMAP/CusSite/TCMLQueryForm.aspx
衛署成製字第012132號,”愛生”活絡酸痛膏藥膠布(太乙膏加減味),"Hwo Luo Suan Ton Gaw Yaw Jiau Bu ""L.L.""",中藥外用貼布,False,藥膠布劑,成藥,active_in_official_export,"適應症:風濕痛、筋骨痛、跌打損傷痛。
效能:","處方:每公克中含有:
生地黃 (15 mg)
木鼈子 (15 mg)
玄參 (15 mg)
赤芍 (15 mg)
大黃 (15 mg)
白芷 (15 mg)
當歸 (15 mg)
乳香 (6 mg)
沒藥 (6 mg)
阿魏 (3 mg)
血餘 (7 mg)
肉桂 (7.5 mg)
樹脂 (200 mg)
冬綠油 (15 mg)
薄荷腦 (30 mg)
氧化鋅 (40 mg)
冰片 (15 mg)
食用黃色4號 (4 mg)
食用藍色2號 (2 mg)
麻油加至 (1 g)",https://service.mohw.gov.tw/DOCMAP/CusSite/TCMLQueryForm.aspx
衛署成製字第014355號,“大維”快達好藥膠布(萬應膏加減味去穿山甲),Kuai da hao plaster“T.W.”(wan ying gao jia jian wei qu chuan shan jia),中藥外用貼布,False,藥膠布劑,成藥,active_in_official_export,"適應症:風濕、筋骨痠痛、關節痛扭傷閃傷、行瘀活血。
效能:","處方:每公克中含有:
甘草 (30 mg)
獨活 (30 mg)
苦參 (30 mg)
玄參 (30 mg)
柳枝 (30 mg)
肉桂 (30 mg)
骨碎補 (30 mg)
紅花 (30 mg)
樹脂 (100 mg)
白芷 (30 mg)
氧化鋅 (30 mg)
薄荷腦 (20 mg)
冬綠油 (5 mg)
冰片 (10 mg)
川烏 (30 mg)
草烏 (30 mg)
生地黃 (30 mg)
白蘞 (30 mg)
白及 (30 mg)
當歸 (30 mg)
赤芍 (30 mg)
羌活 (30 mg)
木鼈子 (30 mg)
烏藥 (30 mg)
食用色素藍色二號 (1 mg)
食用色素黃色四號 (2 mg)
玫瑰香料 (2 mg)
麻油加至1g ( )",https://service.mohw.gov.tw/DOCMAP/CusSite/TCMLQueryForm.aspx
衛署成製字第014626號,“輝陽”合源青草膏藥膠布(太乙膏加減味),"Her Yuan Ching Tsao Gau Plaster ""H.Y"" (Tay Yii Gau Jia Jean Wey)",中藥外用貼布,False,藥膠布劑,成藥,active_in_official_export,"適應症:風濕痛、神經痛、筋骨痠痛、跌打損傷、行瘀止痛。
效能:","處方:每公克中含有: 
大黃 (33.75 mg)
當歸 (33.75 mg)
赤芍 (33.75 mg)
木瓜 (33.75 mg)
沒藥 (33.75 mg)
白芷 (33.75 mg)
獨活 (33.75 mg)
生地黃 (33.75 mg)
防風 (33.75 mg)
肉桂 (33.75 mg)
乳香 (33.75 mg)
羌活 (33.75 mg)
玄參 (33.75 mg)
樹脂 (300.00 mg)
薄荷腦 (30.00 mg)
冬綠油 (10.00 mg)
冰片 (10.00 mg)
氧化鋅 (30.00 mg)
食用黃色4號 ( q.s.)
食用藍色2號 ( q.s.)
麻油加至1g ( )",https://service.mohw.gov.tw/DOCMAP/CusSite/TCMLQueryForm.aspx
衛署成製字第014729號,“八仙”八仙透骨免痛水性藥膠布(金絲萬應膏加減味),"Ba Shian Tou Ku Mean Tong Aqueous Balm ""Ba Shian""(Jin Sih Wan Ying Gao Jia Jian Wei)",中藥外用貼布,False,藥膠布劑,成藥,active_in_official_export,"適應症:跌撲損傷、寒濕及手足肩背疼痛之敷貼。
效能:","處方:每公克中含有:
威靈仙 (30.0 mg)
黃蠟 (30.0 mg)
木鼈子 (15.0 mg)
蓖麻子 (50.0 mg)
乳香 (20.0 mg)
沒藥 (20.0 mg)
川七 (30.0 mg)
柳枝 (5.0 mg)
麻油 (250.0 mg)
薄荷腦 (15.0 mg)
冬綠油 (7.0 mg)
羥基甲酸甲酯 (1.7 mg)
食用黃色5號 ( q.s.)
食用藍色2號 ( q.s.)
樹脂(水性基劑)加至1.0g ( )",https://service.mohw.gov.tw/DOCMAP/CusSite/TCMLQueryForm.aspx
衛署成製字第015224號,“愛生”金絲萬應膏藥膠布(加味),Jin Sy Wann Ing Gau Yaw Jian Bu(Jia Way)“L.L.”,中藥外用貼布,False,藥膠布劑,成藥,active_in_official_export,"適應症:跌撲損傷、手足肩背及寒濕疼痛之敷貼。
效能:","處方:每公克中含有:
乳香 (18.75 mg)
沒藥 (18.75 mg)
木鼈子 (12.00 mg)
威靈仙 (37.50 mg)
蓖麻子 (60.00 mg)
樹脂 (400.00 mg)
黃蠟 (37.50 mg)
冰片 (50.00 mg)
薄荷腦 (30.00 mg)
冬綠油 (5.00 mg)
氧化鋅 (30.00 mg)
淨香油加至1g ( )",https://service.mohw.gov.tw/DOCMAP/CusSite/TCMLQueryForm.aspx
衛署成製字第015281號,“大濟”大濟神龍一條筋痠痛藥膠布(金絲萬應膏加味),Da Ji Shen Lung Yi Tiau Jin Suan Tong medicated patch〝D.J〞(Jin si wang ying gao jia wei),中藥外用貼布,False,藥膠布劑,成藥,active_in_official_export,"適應症:跌撲損傷、手足肩背及寒濕疼痛之敷貼。
效能:","處方:每公克中含有:
威靈仙 (30 mg)
木鼈子 (15 mg)
蓖麻子 (50 mg)
沒藥 (20 mg)
乳香 (20 mg)
三七 (30 mg)
黃蠟 (30 mg)
樹脂 (250 mg)
氧化鋅 (40 mg)
薄荷腦 (30 mg)
冬綠油 (10 mg)
苯甲酸鈉 (1 mg)
食用紅色七號 (2 mg)
玫瑰香料 (2 mg)
麻油加至1g ( )",https://service.mohw.gov.tw/DOCMAP/CusSite/TCMLQueryForm.aspx
衛署成製字第015621號,“嫦娥”腰骨痠痛藥膠布(太乙膏加味),,中藥外用貼布,False,藥膠布劑,成藥,active_in_official_export,"適應症:風濕痛、筋骨酸痛、關節痛、腰痠背痛。
效能:","處方:每公克中含有:
白芷 (50.0 mg)
辣椒 (12.5 mg)
當歸 (50.0 mg)
赤芍 (50.0 mg)
玄參 (50.0 mg)
柳枝 (25.0 mg)
槐枝 (25.0 mg)
肉桂 (50.0 mg)
沒藥 (7.5 mg)
大黃 (50.0 mg)
木鼈子 (50.0 mg)
生地黃 (50.0 mg)
阿魏 (7.5 mg)
乳香 (12.5 mg)
血餘 (25.0 mg)
川烏 (25.0 mg)
草烏 (25.0 mg)
松香 (25.0 mg)
薄荷腦 (50.0 mg)
樹脂 (260.0 mg)
氧化鋅 (30.0 mg)
二丁基羥基甲苯(BHT) (3.0 mg)
紅色3號鋁麗基 (1.0 mg)
黃色5號鋁麗基 (2.0 mg)
麻油加至1g ( )",https://service.mohw.gov.tw/DOCMAP/CusSite/TCMLQueryForm.aspx
衛署成製字第015833號,“大維”綠草痠痛藥膠布 ( 太乙膏加減味 ),lyu cao suan tong plaster“T.W.”(tai yi gao jia jian wei),中藥外用貼布,False,藥膠布劑,成藥,active_in_official_export,"適應症:風寒、遍身痠痛筋骨痠痛、節痛跌打撲傷。
效能:","處方:每公克中含有:
生地黃 (16 mg)
木鼈子 (16 mg)
玄參 (16 mg)
赤芍 (16 mg)
大黃 (16 mg)
白芷 (16 mg)
乳香 (7 mg)
沒藥 (7 mg)
阿魏 (3 mg)
血餘 (10 mg)
肉桂 (8 mg)
樹脂 (100 mg)
氧化鋅 (30 mg)
冬綠油 (5 mg)
薄荷腦 (20 mg)
冰片 (10 mg)
食用色素黃色4號 (4 mg)
食用色素藍色2號 (2 mg)
麻油加至1g ( )",https://service.mohw.gov.tw/DOCMAP/CusSite/TCMLQueryForm.aspx
衛署成製字第015959號,“南美”日痠膏藥膠布(火龍膏加減味),“N.M”RIH SUAN GAO PLASTER (HUO LONG GAO JIA JIAN WEI),中藥外用貼布,False,藥膠布劑,成藥,active_in_official_export,"適應症:風寒暑濕侵襲、筋攣骨痛。
效能:","處方:每公克中含有:
生薑汁 (560 mg)
牛皮膠 (140 mg)
乳香 (35 mg)
沒藥 (35 mg)
薄荷腦 (30 mg)
氧化鋅 (30 mg)
冬綠油 (10 mg)
冰片 (10 mg)
薰衣草香精 (0.005 ml)
玫瑰香精 (0.002 ml)
食用藍色2號 (0.15 mg)
食用黃色4號 (0.1 mg)
抗氧化劑(BHT) (1.0 mg)
樹脂加至1g ( )",https://service.mohw.gov.tw/DOCMAP/CusSite/TCMLQueryForm.aspx
衛署成製字第016082號,“三帆”印力貼藥膠布,Mipi Powerful aches pains reliever patches,中藥外用貼布,False,藥膠布劑,成藥,active_in_official_export,"適應症:關節痛、風濕痛、腰痠背痛、肌肉痛。
效能:","處方:每公克中含有:
白千層油 (0.8 mg)
薄荷腦 (63.8 mg)
樟腦 (0.8 mg)
薄荷油 (12.6 mg)
辣椒油 (0.3 mg)
水楊酸甲酯 (12.6 mg)
丁香油 (3.6 mg)
樹脂 (905.5 mg)",https://service.mohw.gov.tw/DOCMAP/CusSite/TCMLQueryForm.aspx
衛部成製字第016381號,“美美”酸痛貼藥膠布,“BB”Suan Tong Tie Plaster,中藥外用貼布,False,藥膠布劑,成藥,active_in_official_export,"適應症:舒緩腰酸背痛、肩膀酸痛、扭傷瘀血、肌肉及關節疼痛。
效能:","處方:每公克中含有:
冬綠油 (20 mg)
薄荷腦 (60 mg)
薄荷油 (20 mg)
樹脂 (420 mg)
黃臘 (30 mg)
氧化鋅 (60 mg)
食用黃色4號 ( q.s.)
食用藍色2號 ( q.s.)
麻油加至 (1 g)",https://service.mohw.gov.tw/DOCMAP/CusSite/TCMLQueryForm.aspx
衛部成製字第016729號,“天明”強力舒痠鎮痛貼,“Timing”Max Power Pain Relieve Patch,中藥外用貼布,False,藥膠布劑,成藥,active_in_official_export,"適應症:風濕痹病、跌打損傷、後起瘀腫。
效能:散瘀活血、舒筋止痛、祛風濕寒。","處方:每公克中含有:
生川烏 (5.0 mg)
生草烏 (5.0 mg)
烏藥 (5.0 mg)
白及 (5.0 mg)
白芷 (5.0 mg)
白蘞 (5.0 mg)
土鱉蟲 (5.0 mg)
木瓜 (5.0 mg)
三稜 (5.0 mg)
莪朮 (5.0 mg)
當歸 (5.0 mg)
赤芍 (5.0 mg)
肉桂 (5.0 mg)
大黃 (10.0 mg)
連翹 (10.0 mg)
血竭 (3.1 mg)
乳香(炒) (1.9 mg)
沒藥(炒) (1.9 mg)
三七 (1.9 mg)
兒茶 (1.9 mg)
薄荷腦 (2.5 mg)
水楊酸甲酯 (2.5 mg)
冰片 (2.5 mg)
食用黃色4號 (2.0 mg)
食用藍色1號 (2.0 mg)
松香 (15.0 mg)
橡膠加至 (1 g)",https://service.mohw.gov.tw/DOCMAP/CusSite/TCMLQueryForm.aspx
衛署成製字第007924號,“生春”行血寧痛膏藥膠布(加減味太乙膏),"HSING HSUEH NING TUNG KAO PLASTER ""SHENG CHUN"" (CHIA CHIEN WEI TAI YI KAO)",中藥外用貼布,False,藥膠布劑,成藥,active_in_official_export,"適應症:跌打損傷、風濕遍身痠痛、筋骨痠痛、關節痛。
效能:","處方:每公克中含有:
白芷 (14 mg)
當歸 (14 mg)
赤芍藥 (14 mg)
玄參 (14 mg)
肉桂 (14 mg)
大黃 (14 mg)
木鼈子 (14 mg)
生地黃 (14 mg)
血餘 (7 mg)
乳香 (4 mg)
阿魏 (2 mg)
沒藥 (2 mg)
薄荷腦 (50 mg)
樹脂 (150 mg)
氧化鋅 (30 mg)
冬綠油 (5 mg)
食用黃色4號 ( q.s.)
食用藍色2號 ( q.s.)
麻油加至1g ( )",https://service.mohw.gov.tw/DOCMAP/CusSite/TCMLQueryForm.aspx
衛署成製字第008616號,“正光”金絲膏(金絲萬應膏加味),“CHENG KUANG”CHIN SU KAO(Chin Su Wan Ying Kao Jia Wey),中藥外用貼布,False,藥膠布劑,成藥,active_in_official_export,"適應症:跌撲損傷、手足肩背及寒濕、腳氣疼痛之敷貼
效能:","處方:每公克中含有:
松脂 (500.0 mg)
威靈仙 (37.5 mg)
黃蠟 (37.5 mg)
木鼈子 (12.5 mg)
蓖麻子 (50.0 mg)
沒藥 (18.75 mg)
乳香 (18.75 mg)
樹脂 (150.0 mg)
氧化鋅 (30.0 mg)
冬綠油 (5.0 mg)
薄荷腦 (50.0 mg)
凡士林 (5.0 mg)
麻油加至1g ( )",https://service.mohw.gov.tw/DOCMAP/CusSite/TCMLQueryForm.aspx
衛署成製字第009957號,“漁人”透骨濕痛膏藥膠布(金絲萬應膏加減味),"Tow Guu Shy Tong Gau Plaster ""F.M."" (Jin Sy Wan Ying Gau Jia Jian Wei)",中藥外用貼布,False,藥膠布劑,成藥,active_in_official_export,"適應症:跌撲損傷、手足肩背及寒濕、腳氣疼痛之敷貼。
效能:","處方:每公克中含有:
威靈仙 (30 mg)
黃蠟 (30 mg)
木鼈子 (15 mg)
蓖麻子 (50 mg)
乳香 (20 mg)
沒藥 (20 mg)
樹脂 (200 mg)
薄荷腦 (50 mg)
氧化鋅 (40 mg)
冬綠油 (10 mg)
活性碳 (40 mg)
麻油加至1g ( )",https://service.mohw.gov.tw/DOCMAP/CusSite/TCMLQueryForm.aspx
衛署成製字第009981號,“老道老枝”火龍膏藥膠布(加味去麝香),"Huo Long Gao Plaster (Jia Wei Qu She Xiang) ""Lao Dao Lao Zhi""",中藥外用貼布,False,藥膠布劑,成藥,active_in_official_export,"適應症:風寒暑濕侵襲、筋攣骨痛。
效能:","處方:每公克中含有: 
生薑汁 (619 mg)
乳香 (42 mg)
沒藥 (42 mg)
薄荷腦 (50 mg)
氧化鋅 (30 mg)
冬綠油 (20 mg)
活性碳 (30 mg)
食用黃色色素4號 (10 mg)
樹脂 (120 mg)
Diphenhydramine HCl (5 mg)
Dibutyl Hydroxy Toluene (3 mg)
麻油加至1g ( )",https://service.mohw.gov.tw/DOCMAP/CusSite/TCMLQueryForm.aspx
衛署成製字第011833號,“神貼”酸痛十分寧藥膠布(火龍膏加味去麝香),"Suan Tong Shyr Fen Ning Balm ""Sintac. Sip.""",中藥外用貼布,False,藥膠布劑,成藥,active_in_official_export,"適應症:風寒暑濕侵襲、筋攣骨痛。
效能:","處方:每公克中含有: 
生薑汁 (619 mg)
乳香 (42 mg)
沒藥 (42 mg)
薄荷腦 (50 mg)
氧化鋅 (30 mg)
冬綠油 (20 mg)
食用黃色4號 ( q.s.)
食用藍色2號 ( q.s.)
鹽酸二苯安明 (3 mg)
樹脂 (120 mg)
麻油加至1g ( )",https://service.mohw.gov.tw/DOCMAP/CusSite/TCMLQueryForm.aspx
衛署成製字第013721號,“立康”傷瘀止痛膏藥膠布〔萬金膏加減味〕,SHANG YU CHIH TUNG KAO PLASTER“LI KANG”,中藥外用貼布,False,藥膠布劑,成藥,active_in_official_export,"適應症:損傷閃挫、風濕筋寒。
效能:","處方:每公克中含有:
龍骨 (10 mg)
鼈甲 (10 mg)
苦參 (10 mg)
烏賊魚骨 (10 mg)
黃柏 (30 mg)
黃芩 (30 mg)
黃連 (40 mg)
豬牙皂角 (10 mg)
白及 (15 mg)
厚朴 (15 mg)
木鼈子 (15 mg)
草烏 (10 mg)
川芎 (15 mg)
當歸 (70 mg)
白芷 (15 mg)
沒藥 (15 mg)
乳香 (10 mg)
槐枝 (10 mg)
白蘞 (15 mg)
薄荷腦 (12 mg)
冬綠油 (10 mg)
樹脂 (578 mg)
麻油加至 (1 g)",https://service.mohw.gov.tw/DOCMAP/CusSite/TCMLQueryForm.aspx
衛署成製字第013814號,“神貼”貼足好健康藥膠布(金絲膏加減味),Tie Tzwu Hao Jiann Kang Balm.“Sintac. Sip.”(Jin Sh Gau Jia Jiaan Weih),中藥外用貼布,False,藥膠布劑,成藥,active_in_official_export,"適應症:跌撲損傷、手足肩背及寒濕腳氣疼痛之敷貼。
效能:","處方:每公克中含有:
當歸尾 (10 mg)
白芷 (10 mg)
杏仁 (10 mg)
玄參 (10 mg)
豬牙皂角 (10 mg)
草烏 (10 mg)
連鬚葉葱 (31 mg)
白膠香 (248 mg)
松脂 (248 mg)
乳香 (17 mg)
沒藥 (17 mg)
黃蠟 (31 mg)
氧化鋅 (60 mg)
冬綠油 (20 mg)
薄荷腦 (60 mg)
食用黃色四號 ( q.s.)
清油加至1g ( )",https://service.mohw.gov.tw/DOCMAP/CusSite/TCMLQueryForm.aspx
衛署成製字第014115號,〝立康生物科技〞貼安寧藥膠布〈萬應膏加減味〉,TIEH AN NING PLASTER〝LI KANG BIOTECHNICAL〞,中藥外用貼布,False,藥膠布劑,成藥,active_in_official_export,"適應症:風濕遍身疼痛、筋骨痠痛、癰
效能:","處方:每公克中含有:
川烏 (30 mg)
草烏 (30 mg)
生地黃 (30 mg)
白蘞 (30 mg)
白芷 (40 mg)
當歸 (30 mg)
赤芍 (30 mg)
羌活 (30 mg)
木鼈子 (30 mg)
烏藥 (30 mg)
甘草 (30 mg)
獨活 (30 mg)
元參 (30 mg)
大黃 (30 mg)
肉桂 (20 mg)
沒藥 (30 mg)
乳香 (30 mg)
樹脂 (500 mg)
薄荷腦 (20 mg)
冬綠油 (10 mg)
麻油加至全量1g ( )",https://service.mohw.gov.tw/DOCMAP/CusSite/TCMLQueryForm.aspx
衛署成製字第014418號,〝輝陽〞正宗活氣藥膠布(萬應膏加減味),Jeng Tzong Hwo Chinh Plaster〝H.Y.〞(Wan Ing Gau Jia Jean Wey),中藥外用貼布,False,藥膠布劑,成藥,active_in_official_export,"適應症:風濕、遍身疼痛、筋骨痠痛、癰。
效能:","處方:每公克中含有:
川烏 (30 mg)
草烏 (30 mg)
生地黃 (30 mg)
白蘞 (30 mg)
白芷 (40 mg)
當歸 (30 mg)
赤芍 (30 mg)
羌活 (30 mg)
木鼈子 (30 mg)
烏藥 (30 mg)
甘草 (30 mg)
獨活 (30 mg)
元參 (30 mg)
大黃 (30 mg)
肉桂 (20 mg)
沒藥 (30 mg)
乳香 (30 mg)
樹脂 (150 mg)
氧化鋅 (40 mg)
冬綠油 (10 mg)
薄荷腦 (30 mg)
麻油加至1g ( )",https://service.mohw.gov.tw/DOCMAP/CusSite/TCMLQueryForm.aspx
衛署成製字第014430號,“南美”貼痛停七厘膏藥膠布(金絲萬應膏加味),Tie Tone Tin Chi Li Kao plaster“N.M”(Jin Sy Wann Ing Kao Jia Wey),中藥外用貼布,False,藥膠布劑,成藥,active_in_official_export,"適應症:跌撲損傷、手足肩背及寒濕疼痛之敷貼。
效能:","處方:每公克中含有:
威靈仙 (37.5 mg)
黃臘 (37.5 mg)
木鼈子 (12.0 mg)
蓖麻子 (60.0 mg)
沒藥 (18.75 mg)
乳香 (18.75 mg)
樹脂 (100.0 mg)
氧化鋅 (30.0 mg)
冬綠油 (5.0 mg)
冰片 (50.0 mg)
薄荷腦 (30.0 mg)
新食用巧克力色 ( q.s.)
麻油加至1g ( )",https://service.mohw.gov.tw/DOCMAP/CusSite/TCMLQueryForm.aspx
衛署成製字第014982號,“大濟”易速康風濕膏藥膠布(太乙膏加減味),“D.J.”yi su kang feng shi gao medicated patch(Tai yi gao jia jian wei),中藥外用貼布,False,藥膠布劑,成藥,active_in_official_export,"適應症:風濕痛、筋骨酸痛、跌傷、打撲傷。
效能:","處方:每公克中含有:
白芷 (14 mg)
當歸 (14 mg)
赤芍 (14 mg)
玄參 (14 mg)
肉桂 (14 mg)
大黃 (14 mg)
木?子 (14 mg)
生地黃 (14 mg)
血餘 (7 mg)
乳香 (4 mg)
阿魏 (2 mg)
沒藥 (2 mg)
薄荷腦 (30 mg)
冰片 (10 mg)
冬綠油 (10 mg)
氧化鋅 (30 mg)
樹脂 (500 mg)
食用黃色四號 ( q.s.)
食用藍色二號 ( q.s.)
苯甲酸鈉 (1 mg)
麻油加至1g ( )",https://service.mohw.gov.tw/DOCMAP/CusSite/TCMLQueryForm.aspx
衛署成製字第015034號,“大濟”樂寧百草藥膠布(太乙膏加減味),Le ning bae cao medicated patch“D.J.”(Tai yi gao jia jian wei),中藥外用貼布,False,藥膠布劑,成藥,active_in_official_export,"適應症:風濕痛、筋骨痛、跌打損傷痛。
效能:","處方:每公克中含有:
白芷 (15 mg)
當歸 (15 mg)
赤芍 (15 mg)
玄參 (15 mg)
肉桂 (7.5 mg)
大黃 (15 mg)
阿魏 (3 mg)
沒藥 (6 mg)
乳香 (6 mg)
木鼈子 (15 mg)
生地黃 (15 mg)
血餘 (7 mg)
樹脂 (400 mg)
薄荷腦 (30 mg)
氧化鋅 (40 mg)
冬綠油 (15 mg)
冰片 (15 mg)
玫瑰香料 (2 mg)
食用綠色3號 (1 mg)
苯甲酸鈉 (1 mg)
麻油加至1g ( )",https://service.mohw.gov.tw/DOCMAP/CusSite/TCMLQueryForm.aspx
衛署成製字第015225號,“愛生”太乙膏藥膠布(加減味),"Tay Yii Gau Yaw Jiau Bu (Jia Jean Wey) ""L.L.""",中藥外用貼布,False,藥膠布劑,成藥,active_in_official_export,"適應症:風濕痛、筋骨痛、跌打損傷痛。
效能:","處方:每公克中含有:
白芷 (15 mg)
當歸 (15 mg)
赤芍 (15 mg)
玄參 (15 mg)
大黃 (15 mg)
木鼈子 (15 mg)
生地黃 (15 mg)
肉桂 (7.5 mg)
血餘 (7 mg)
乳香 (6 mg)
阿魏 (3 mg)
沒藥 (6 mg)
樹脂 (500 mg)
氧化鋅 (40 mg)
薄荷腦 (30 mg)
冰片 (15 mg)
冬綠油 (15 mg)
食用黃色4號 (2 mg)
三氧化二鐵 (4 mg)
麻油加至1g ( )",https://service.mohw.gov.tw/DOCMAP/CusSite/TCMLQueryForm.aspx
衛署成製字第015306號,“南美”勁道好痠痛藥膠布(混元膏加減味),,中藥外用貼布,False,藥膠布劑,成藥,active_in_official_export,"適應症:打撲損傷、骨碎筋翻、瘀血凝聚、青紫腫痛。
效能:","處方:每公克中含有:
沒藥 (30 mg)
白及 (30 mg)
漏盧 (30 mg)
紅花 (30 mg)
升麻 (30 mg)
白蘞 (30 mg)
大黃 (30 mg)
山梔子 (30 mg)
甘草 (30 mg)
蘆薈 (40 mg)
薄荷腦 (30 mg)
青黛 (30 mg)
樹脂 (150 mg)
氧化鋅 (30 mg)
冬綠油 (10 mg)
冰片 (10 mg)
食用黃色4號 (1 mg)
麻油加至1g ( )",https://service.mohw.gov.tw/DOCMAP/CusSite/TCMLQueryForm.aspx
衛署成製字第015342號,“金牌一條根生物科技”陳宏辣椒膏藥膠布(太乙膏加味),,中藥外用貼布,False,藥膠布劑,成藥,active_in_official_export,"適應症:風濕痛、筋骨酸痛、關節痛、腰痠背痛。
效能:","處方:每公克中含有:
白芷 (50.0 mg)
辣椒 (12.5 mg)
當歸 (50.0 mg)
赤芍 (50.0 mg)
玄參 (50.0 mg)
柳枝 (25.0 mg)
槐枝 (25.0 mg)
肉桂 (50.0 mg)
沒藥 (7.5 mg)
大黃 (50.0 mg)
木鼈子 (50.0 mg)
生地黃 (50.0 mg)
阿魏 (7.5 mg)
乳香 (12.5 mg)
血餘 (25.0 mg)
川烏 (25.0 mg)
草烏 (25.0 mg)
松脂 (25.0 mg)
薄荷腦 (50.0 mg)
樹脂 (300.0 mg)
氧化鋅 (30 mg)
食用紅色6號 ( q.s.)
麻油加至1g ( )",https://service.mohw.gov.tw/DOCMAP/CusSite/TCMLQueryForm.aspx
衛署成製字第015396號,“南美”南美辣椒膏藥膠布(太乙膏加味),,中藥外用貼布,False,藥膠布劑,成藥,active_in_official_export,"適應症:風濕痛、筋骨酸痛、關節痛、腰痠背痛。
效能:","處方:每公克中含有:
白芷 (50.0 mg)
辣椒 (12.5 mg)
當歸 (50.0 mg)
赤芍 (50.0 mg)
玄參 (50.0 mg)
柳枝 (25.0 mg)
槐枝 (25.0 mg)
肉桂 (50.0 mg)
沒藥 (7.5 mg)
大黃 (50.0 mg)
木鼈子 (50.0 mg)
生地黃 (50.0 mg)
阿魏 (7.5 mg)
乳香 (12.5 mg)
血餘 (25.0 mg)
川烏 (25.0 mg)
草烏 (25.0 mg)
松香 (25.0 mg)
薄荷腦 (50.0 mg)
樹脂 (260.0 mg)
氧化鋅 (30.0 mg)
活性碳 (0.5 mg)
麻油加至1g ( )",https://service.mohw.gov.tw/DOCMAP/CusSite/TCMLQueryForm.aspx
衛署成製字第015672號,“順安”太乙透筋膏藥膠布(太乙膏加味),,中藥外用貼布,False,藥膠布劑,成藥,active_in_official_export,"適應症:風濕痛、筋骨痠痛、關節痛、腰痠背痛。
效能:","處方:
白芷 (50.0 mg)
辣椒 (12.5 mg)
當歸 (50.0 mg)
赤芍 (50.0 mg)
玄參 (50.0 mg)
柳枝 (25.0 mg)
槐枝 (25.0 mg)
肉桂 (50.0 mg)
沒藥 (7.5 mg)
大黃 (50.0 mg)
木鼈子 (50.0 mg)
生地黃 (50.0 mg)
阿魏 (7.5 mg)
乳香 (12.5 mg)
血餘 (25.0 mg)
川烏 (25.0 mg)
草烏 (25.0 mg)
松香 (25.0 mg)
薄荷腦 (50.0 mg)
樹脂 (260.0 mg)
氧化鋅 (30.0 mg)
食用紅色六號色素 (2.0 mg)
麻油加至1g ( )",https://service.mohw.gov.tw/DOCMAP/CusSite/TCMLQueryForm.aspx
衛部成製字第016474號,“天明”通百絡風濕治痛藥膠布(金絲膏加減味),"""TIMING"" TONG BAI LAO FONG SHIH JHIH TONG PLASTER (JIN SI GAO JIA JIAN WEI)",中藥外用貼布,False,藥膠布劑,成藥,active_in_official_export,"適應症:跌撲損傷、手足肩背及寒濕、腳氣疼痛之敷貼。
效能:","處方:每公克中含有:
當歸尾 (10 mg)
白芷 (10 mg)
杏仁 (10 mg)
玄參 (10 mg)
豬牙皂角 (10 mg)
草烏 (10 mg)
白膠香 (200 mg)
連鬚葉蔥 (31 mg)
松脂 (200 mg)
乳香 (17 mg)
沒藥 (17 mg)
黃臘 (31 mg)
薄荷腦 (11 mg)
樹脂 (100 mg)
氧化鋅 (30 mg)
冬綠油 (5 mg)
梅片 (10 mg)
食用黃色4號 ( q.s.)
清油加至 (1 g)",https://service.mohw.gov.tw/DOCMAP/CusSite/TCMLQueryForm.aspx
衛署成製字第003944號,“天理”治痛藥布藥膠布,,中藥外用貼布,False,藥膠布劑,成藥,active_in_official_export,"適應症:消瘀、舒筋、行血、止痛、跌打損傷。
效能:","處方:每公克中含有:
生薑汁 (670 mg)
牛皮膠 (168 mg)
乳香 (42 mg)
沒藥 (42 mg)
薄荷腦 (25 mg)
樹脂 (53 mg)",https://service.mohw.gov.tw/DOCMAP/CusSite/TCMLQueryForm.aspx
衛署成製字第005081號,“福安”風濕膏(金絲膏),,中藥外用貼布,False,藥膠布劑,成藥,active_in_official_export,"適應症:傷筋動骨、損傷閃挫、風濕筋痛。
效能:","處方:每公克中含有:
當歸尾 (10 mg)
白芷 (10 mg)
杏仁 (10 mg)
玄參 (10 mg)
豬牙皂角 (10 mg)
草烏 (10 mg)
連鬚葉蔥 (30 mg)
白膠香 (280 mg)
松脂 (280 mg)
乳香 (15 mg)
沒藥 (15 mg)
黃蠟 (30 mg)
薄荷 (10 mg)
清油 (280 mg)",https://service.mohw.gov.tw/DOCMAP/CusSite/TCMLQueryForm.aspx
衛署成製字第007928號,“生春” 行血止痛膏藥膠布(金絲萬應膏加減味),"HSING HSUEH CHIH TUNG KAO PLASTER ""SHENG CHUN"" (CHIN SZU WAN YING KAO CHIA CHIEN WEI)",中藥外用貼布,False,藥膠布劑,成藥,active_in_official_export,"適應症:跌撲損傷、手足肩背及寒濕疼痛之敷貼。
效能:","處方:每公克中含有: 
威靈仙 (30 mg)
黃蠟 (30 mg)
木鼈子 (15 mg)
蓖麻子 (50 mg)
沒藥 (20 mg)
乳香 (20 mg)
薄荷腦 (50 mg)
樹脂 (200 mg)
氧化鋅 (40 mg)
冬綠油 (10 mg)
食用藍色二號 ( q.s.)
食用黃色四號 ( q.s.)
麻油加至1g ( )",https://service.mohw.gov.tw/DOCMAP/CusSite/TCMLQueryForm.aspx
衛署成製字第007952號,“生春”酸痛膏(萬金膏加減味),"SUAN TUNG KAO PLASTER ""SHENG CHUN""",中藥外用貼布,False,藥膠布劑,成藥,active_in_official_export,"適應症:損傷、閃挫、風濕筋寒。
效能:","處方:每公克中含有:
龍骨 (10 mg)
鼈甲 (10 mg)
苦參 (10 mg)
烏賊魚骨 (10 mg)
黃蘗 (30 mg)
黃芩 (30 mg)
黃連 (40 mg)
豬牙皂角 (10 mg)
白芨 (15 mg)
白蘞 (15 mg)
厚朴 (15 mg)
木鼈子仁 (15 mg)
草烏 (10 mg)
川芎 (15 mg)
當歸 (70 mg)
白芷 (15 mg)
沒藥 (15 mg)
乳香 (10 mg)
槐枝 (10 mg)
柳枝 (10 mg)
薄荷腦 (70 mg)
樹脂 (420 mg)
氧化鋅 (20 mg)
冬綠油 (30 mg)
食用黃色4號 ( q.s.)
食用藍色2號 ( q.s.)
麻油加至1g ( )",https://service.mohw.gov.tw/DOCMAP/CusSite/TCMLQueryForm.aspx
衛署成製字第008179號,“南美”萬靈膏藥膠布(加減味),,中藥外用貼布,False,藥膠布劑,成藥,active_in_official_export,"適應症:消瘀、舒筋、活血、止痛、跌打損傷。
效能:","處方:每公克中含有: 
骨碎補 (20 mg)
當歸 (20 mg)
紅花 (20 mg)
自然銅 (20 mg)
瓜兒血竭 (20 mg)
乳香 (20 mg)
沒藥 (20 mg)
川芎 (16 mg)
赤芍 (40 mg)
薄荷腦 (30 mg)
川牛膝 (10 mg)
冰片 (15 mg)
五加皮 (10 mg)
石菖蒲 (10 mg)
蒼朮 (10 mg)
木香 (6 mg)
秦艽 (6 mg)
蛇床子 (6 mg)
肉桂 (6 mg)
附子 (6 mg)
半夏 (6 mg)
石斛 (6 mg)
萆薢 (6 mg)
氧化鋅 (30 mg)
鹿茸 (6 mg)
麝香酮(Muscone) (4 mg)
松香 (20 mg)
冬綠油 (5 mg)
樹脂 (100 mg)
牛皮膠 (30 mg)
食用藍色2號 ( q.s.)
食用黃色4號 ( q.s.)
抗氧化劑(B.H.T) (1 mg)
麻油加至1g ( )",https://service.mohw.gov.tw/DOCMAP/CusSite/TCMLQueryForm.aspx
衛署成製字第009940號,“益條根”行血金絲膏藥膠布(金絲膏加減味),"Shyng Shiee Jin Sy Gau Plaster (Jin Sih Gau Jia Jean Wei) ""YI TIAO GEN""",中藥外用貼布,False,藥膠布劑,成藥,active_in_official_export,"適應症:跌撲損傷、手足肩背及寒濕、腳氣疼痛之敷貼。
效能:","處方:每公克中含有: 
當歸尾 (10 mg)
白芷 (10 mg)
杏仁 (10 mg)
玄參 (10 mg)
豬牙皂角 (10 mg)
草烏 (10 mg)
白膠香 (240 mg)
連鬚葉蔥 (30 mg)
松脂 (240 mg)
沒藥 (15 mg)
乳香 (15 mg)
黃蠟 (30 mg)
薄荷腦 (50 mg)
氧化鋅 (30 mg)
活性碳 (40 mg)
樹脂 (50 mg)
冬綠油 (5 mg)
清油加至1g ( )",https://service.mohw.gov.tw/DOCMAP/CusSite/TCMLQueryForm.aspx
衛署成製字第011044號,“三寶佛”痠痛藥膠布(太乙膏加減味),,中藥外用貼布,False,藥膠布劑,成藥,active_in_official_export,"適應症:跌打損傷、風濕遍身痠痛、筋骨痠痛、關節痛。
效能:","處方:每公克中含有:
白芷 (14 mg)
當歸 (14 mg)
赤芍 (14 mg)
玄參 (14 mg)
肉桂 (14 mg)
大黃 (14 mg)
阿魏 (2 mg)
木鼈子 (14 mg)
生地黃 (14 mg)
血餘 (7 mg)
乳香 (4 mg)
沒藥 (2 mg)
氧化鋅 (30 mg)
牛皮膠 (40 mg)
冬綠油 (15 mg)
薄荷腦 (50 mg)
樹脂 (200 mg)
食用黃色4號 ( q.s.)
麻油加至1g ( )",https://service.mohw.gov.tw/DOCMAP/CusSite/TCMLQueryForm.aspx
衛署成製字第011597號,“得生”解痛膏(萬金膏加減味),"Chieh Tung Kao ""T.S""",中藥外用貼布,False,藥膠布劑,成藥,active_in_official_export,"適應症:損傷、閃挫、風濕筋寒。
效能:","處方:每公克中含有: 
龍骨 (10 mg)
鼈甲 (10 mg)
苦參 (10 mg)
海螵蛸 (10 mg)
黃柏 (30 mg)
黃芩 (30 mg)
黃連 (40 mg)
豬牙皂 (10 mg)
白及 (15 mg)
白蘞 (15 mg)
厚朴 (15 mg)
木鼈子 (15 mg)
草烏 (10 mg)
川芎 (15 mg)
當歸 (70 mg)
白芷 (15 mg)
沒藥 (15 mg)
乳香 (10 mg)
槐枝 (10 mg)
柳枝 (10 mg)
薄荷腦 (40 mg)
樹脂 (420 mg)
氧化鋅 (20 mg)
冬綠油 (10 mg)
食用藍色二號 ( q.s.)
食用黃色四號 ( q.s.)
麻油加至1g ( )",https://service.mohw.gov.tw/DOCMAP/CusSite/TCMLQueryForm.aspx
衛署成製字第012040號,”愛生” 正萬應安濕膏藥膠布(太乙膏加減味),"Jenq Wan Ing An Shy Gau Yaw Jiau Bu ""L.L."" (Tay Yii Gau Jia Jean Way)",中藥外用貼布,False,藥膠布劑,成藥,active_in_official_export,"適應症:風寒、遍身痠痛筋骨痠痛、節痛跌打撲傷。
效能:","處方:每公克中含有:
生地黃 (16 mg)
土木鼈 (16 mg)
玄參 (16 mg)
赤芍 (16 mg)
大黃 (16 mg)
白芷 (16 mg)
乳香 (7 mg)
沒藥 (7 mg)
阿魏 (3 mg)
血餘 (10 mg)
肉桂 (8 mg)
樹脂 (100 mg)
氧化鋅 (30 mg)
冬綠油 (5 mg)
薄荷腦 (20 mg)
玫瑰香料 (2 mg)
食用黃色4號 ( q.s.)
食用藍色2號 ( q.s.)
麻油加至 (1 g)",https://service.mohw.gov.tw/DOCMAP/CusSite/TCMLQueryForm.aspx
衛署成製字第012383號,“全群”樂透酸痛膏藥膠布(金絲萬應膏加減味),"Leh Tow Suan Ton Gaw Yaw Jiau Bu ""C.C.""",中藥外用貼布,False,藥膠布劑,成藥,active_in_official_export,"適應症:跌打損傷、手足肩背及寒濕疼痛之敷貼。
效能:","處方:每公克中含有: 
威靈仙 (30 mg)
木鼈子 (15 mg)
蓖麻子 (50 mg)
沒藥 (20 mg)
乳香 (20 mg)
松脂 (200 mg)
黃蠟 (30 mg)
薄荷腦 (40 mg)
氧化鋅 (50 mg)
冬綠油 (10 mg)
食用藍色2號 (2 mg)
食用黃色4號 (4 mg)
麻油加至 (1 g)",https://service.mohw.gov.tw/DOCMAP/CusSite/TCMLQueryForm.aspx
衛署成製字第012793號,”三帆”濟痛好藥膠布(火龍膏加味去麝香),"Ji Tong Hao Balm ""S.F.""",中藥外用貼布,False,藥膠布劑,成藥,active_in_official_export,"適應症:風寒暑濕侵襲、筋攣骨痛。
效能:","處方:每公克中含有:
生薑汁 (619 mg)
乳香 (42 mg)
沒藥 (42 mg)
薄荷腦 (50 mg)
氧化鋅 (30 mg)
冬綠油 (20 mg)
食用黃色4號 ( q.s.)
食用藍色2號 ( q.s.)
樹脂 (120 mg)
麻油加至 (1 g)",https://service.mohw.gov.tw/DOCMAP/CusSite/TCMLQueryForm.aspx
衛署成製字第013739號,“立康生物科技”旋風鐵打膏藥膠布(萬靈膏加減味去麝香),"HSUAN FENG TIEH TA KAO PLASTER ""LI KANG BIOTECHNICAL"" (WAN LING KAO CHIA CHIEN WEI CHU MOSCHUS)",中藥外用貼布,False,藥膠布劑,成藥,active_in_official_export,"適應症:消瘀、舒筋、活血、止痛、治跌打損傷。
效能:","處方:每公克中含有:
骨碎補 (20 mg)
當歸 (20 mg)
紅花 (20 mg)
自然銅 (20 mg)
血竭 (20 mg)
乳香 (20 mg)
沒藥 (20 mg)
川芎 (16 mg)
赤芍 (40 mg)
川牛膝 (10 mg)
五加皮 (10 mg)
蒼朮 (10 mg)
木香 (6 mg)
秦艽 (6 mg)
蛇床子 (6 mg)
肉桂 (6 mg)
附子 (6 mg)
半夏 (6 mg)
石斛 (6 mg)
萆薢 (6 mg)
鹿茸 (6 mg)
石菖蒲 (10 mg)
松香 (20 mg)
麻油 (400 mg)
薄荷腦 (14 mg)
冬綠油 (10 mg)
食用藍色二號 ( q.s.)
食用黃色四號 ( q.s.)
樹脂加至 (1 g)",https://service.mohw.gov.tw/DOCMAP/CusSite/TCMLQueryForm.aspx
衛署成製字第014381號,“南美”上豪貼藥膠布(萬應膏加減味),Shan How Tei Plaster“N.M”(Wan Ying Kao Chia Chien Wei),中藥外用貼布,False,藥膠布劑,成藥,active_in_official_export,"適應症:風濕遍身疼痛、筋骨痠痛、關節痛、扭傷、閃傷、行瘀活血。
效能:","處方:每公克中含有:
川烏 (30 mg)
草烏 (30 mg)
生地 (30 mg)
白蘞 (30 mg)
白及 (30 mg)
玄參 (30 mg)
白芷 (30 mg)
當歸 (30 mg)
赤芍 (30 mg)
羌活 (30 mg)
木鼈子 (30 mg)
烏藥 (30 mg)
甘草 (30 mg)
獨活 (30 mg)
苦參 (30 mg)
大黃 (30 mg)
麻油 (500 mg)
氧化鋅 (40 mg)
薄荷腦 (30 mg)
冬綠油 (10 mg)
冰片 (10 mg)
食用黃色四號 ( q.s.)
樹脂加至1g ( )",https://service.mohw.gov.tw/DOCMAP/CusSite/TCMLQueryForm.aspx
衛署成製字第014616號,順天本草舒痛布藥膠布(金絲萬應膏加減味),Shun Tian Ben Cao Shu Ton Bu Yao Jiao Bu (Jin Si Wan Yin Gao Jia Jian Wei),中藥外用貼布,False,藥膠布劑,成藥,active_in_official_export,"適應症:跌撲損傷、手足肩背及寒濕疼痛之敷貼。
效能:","處方:每公克中含有:
威靈仙 (30 mg)
木鼈子 (15 mg)
蓖麻子 (50 mg)
沒藥 (20 mg)
乳香 (20 mg)
三七 (30 mg)
黃蠟 (30 mg)
樹脂 (500 mg)
氧化鋅 (40 mg)
薄荷腦 (30 mg)
冬綠油 (10 mg)
食用藍色2號 ( q.s.)
食用黃色4號 ( q.s.)
麻油加至1g ( )",https://service.mohw.gov.tw/DOCMAP/CusSite/TCMLQueryForm.aspx
衛署成製字第014636號,“泰豐堂”泰豐堂少林鐵羅漢藥膠布(金絲膏加減味),Tay Feng Tarng Shao Lin Tiee Luo Hann Yaw Jiau Bu“T.F.T”,中藥外用貼布,False,藥膠布劑,成藥,active_in_official_export,"適應症:跌撲損傷、手足肩背及寒濕、腳氣疼痛之敷貼。
效能:","處方:每公克中含有:
當歸尾 (10 mg)
白芷 (10 mg)
杏仁 (10 mg)
玄參 (10 mg)
皂莢 (10 mg)
草烏 (10 mg)
白膠香 (200 mg)
連鬚葉蔥 (31 mg)
松脂 (200 mg)
乳香 (17 mg)
沒藥 (17 mg)
黃蠟 (31 mg)
薄荷腦 (11 mg)
樹脂 (100 mg)
氧化鋅 (30 mg)
冬綠油 (5 mg)
玫瑰香料 (2 mg)
三氧化二鐵 (10 mg)
食用黃色4號 (10 mg)
麻油加至1g ( )",https://service.mohw.gov.tw/DOCMAP/CusSite/TCMLQueryForm.aspx
衛署成製字第014806號,〝輝陽〞紫竹痠痛藥膠布(金絲萬應膏加味),Tzyy Jwu Suan Tong Plaster〝H.Y〞(Jin Sy Wann Ing Gau Jia Wey),中藥外用貼布,False,藥膠布劑,成藥,active_in_official_export,"適應症:跌撲損傷、手足肩背及寒濕疼痛之敷貼。
效能:","處方:每公克中含有:
乳香 (18.75 mg)
沒藥 (18.75 mg)
木鼈子 (12.00 mg)
威靈仙 (37.50 mg)
蓖麻子 (60.00 mg)
黃臘 (37.50 mg)
冰片 (50.00 mg)
薄荷腦 (30.00 mg)
冬綠油 (5.00 mg)
氧化鋅 (30.00 mg)
活性碳 ( q.s.)
樹脂 (400.00 mg)
麻油加至1g ( )",https://service.mohw.gov.tw/DOCMAP/CusSite/TCMLQueryForm.aspx
衛署成製字第015103號,“大維”快貼爽藥膠布(萬靈膏加減味),Kuai tie shuang plaster“D.W.”(wan ling gao jia jian wei),中藥外用貼布,False,藥膠布劑,成藥,active_in_official_export,"適應症:消瘀、舒筋、活血、止痛、治跌打損傷。
效能:","處方:每公克中含有:
骨碎補 (20 mg)
當歸 (20 mg)
紅花 (20 mg)
自然銅 (20 mg)
瓜兒血竭 (20 mg)
乳香 (20 mg)
沒藥 (20 mg)
川芎 (16 mg)
赤芍 (40 mg)
川牛膝 (10 mg)
五加皮 (10 mg)
蒼朮 (10 mg)
木香 (6 mg)
秦艽 (6 mg)
蛇床子 (6 mg)
肉桂 (6 mg)
附子 (6 mg)
半夏 (6 mg)
石斛 (6 mg)
萆薢 (6 mg)
鹿茸 (6 mg)
石菖蒲 (10 mg)
松香 (20 mg)
樹脂 (200 mg)
氧化鋅 (60 mg)
冬綠油 (10 mg)
薄荷腦 (30 mg)
冰片 (10 mg)
玫瑰香料 (2 mg)
麻油加至1g ( )",https://service.mohw.gov.tw/DOCMAP/CusSite/TCMLQueryForm.aspx
衛署成製字第015667號,"""民崧""優可康寧藥膠布(萬應膏加減味)",,中藥外用貼布,False,藥膠布劑,成藥,active_in_official_export,"適應症:風濕遍身痠痛、筋骨酸痛、關節痛、扭傷、閃傷、行瘀活血。
效能:","處方:每公克中含有:
木鼈子 (30 mg)
烏藥 (30 mg)
甘草 (30 mg)
獨活 (30 mg)
苦參 (30 mg)
玄參 (30 mg)
柳枝 (30 mg)
肉桂 (30 mg)
薄荷腦 (20 mg)
樹脂 (100 mg)
氧化鋅 (30 mg)
羌活 (30 mg)
冬綠油 (10 mg)
川七 (20 mg)
丁香 (10 mg)
川烏 (30 mg)
草烏 (30 mg)
生地黃 (30 mg)
白蘞 (30 mg)
白及 (30 mg)
白芷 (30 mg)
當歸 (30 mg)
赤芍 (30 mg)
大黃 (30 mg)
食用藍色2號 (1 mg)
食用黃色4號 (2 mg)
麻油加至1g ( )",https://service.mohw.gov.tw/DOCMAP/CusSite/TCMLQueryForm.aspx
衛署成製字第015697號,"""輝陽""千手活力酸痛藥膠布(太乙膏加減味)","Qian Shou Huo Li Herbal Plaster ""H.Y""(Tay Yii Gau Jia Jean Wey)",中藥外用貼布,False,藥膠布劑,成藥,active_in_official_export,"適應症:風濕痛、筋骨痛、跌打損傷痛。
效能:","處方:每公克中含有:
生地黃 (15 mg)
木鼈子 (15 mg)
玄參 (15 mg)
赤芍 (15 mg)
大黃 (15 mg)
白芷 (15 mg)
當歸 (15 mg)
乳香 (6 mg)
沒藥 (6 mg)
阿魏 (3 mg)
肉桂 (7.5 mg)
樹脂 (600 mg)
薄荷腦 (40 mg)
氧化鋅 (30 mg)
冰片 (10 mg)
食用黃色4號 (3 mg)
麻油加至1g ( )",https://service.mohw.gov.tw/DOCMAP/CusSite/TCMLQueryForm.aspx
衛署成製字第015785號,“領先”傷濕止痛膏藥膠布(萬金膏加減味),"Shang Shy Jyy Tong Gau Plaster ""LING SAIN"" (Wan Ying Gao Jia Jian Wei)",中藥外用貼布,False,藥膠布劑,成藥,active_in_official_export,"適應症:跌打損傷、閃挫、風濕筋寒、筋骨痠痛、關節痛。
效能:","處方:每公克中含有:
龍骨 (10 mg)
鱉甲 (10 mg)
苦參 (10 mg)
烏賊魚骨 (10 mg)
黃柏 (30 mg)
黃芩 (30 mg)
黃連 (40 mg)
豬牙皂角 (10 mg)
白蘞 (15 mg)
厚朴 (15 mg)
木鼈子 (15 mg)
草烏 (10 mg)
川芎 (15 mg)
當歸 (70 mg)
白芷 (15 mg)
沒藥 (15 mg)
乳香 (10 mg)
槐枝 (10 mg)
柳枝 (10 mg)
薄荷腦 (70 mg)
樹脂 (420 mg)
氧化鋅 (20 mg)
冬綠油 (30 mg)
食用色素黃色4號 ( q.s.)
食用色素藍色2號 ( q.s.)
麻油加至 (1 g)",https://service.mohw.gov.tw/DOCMAP/CusSite/TCMLQueryForm.aspx
衛部成製字第016562號,王牌一條根藥布,,中藥外用貼布,False,藥膠布劑,成藥,active_in_official_export,"適應症:風濕遍身痠痛、筋骨痠痛。
效能:","處方:每公克中含有:
一條根 (31.2 mg)
川烏 (31.2 mg)
草烏 (31.2 mg)
生地黃 (31.2 mg)
白蘞 (31.2 mg)
白芷 (41.2 mg)
當歸 (31.2 mg)
赤芍 (31.2 mg)
羌活 (31.2 mg)
木鼈子 (31.2 mg)
烏藥 (31.2 mg)
甘草 (31.2 mg)
獨活 (31.2 mg)
玄參 (31.2 mg)
大黃 (31.2 mg)
肉桂 (21.2 mg)
柳枝 (21.2 mg)
槐枝 (21.2 mg)
沒藥 (31.2 mg)
松香 (21.2 mg)
樹脂 (121.2 mg)
乳香 (31.2 mg)
薄荷腦 (61.2 mg)
冬綠油 (21.2 mg)
氧化鋅 (61.2 mg)
麻油加至 (1 g)",https://service.mohw.gov.tw/DOCMAP/CusSite/TCMLQueryForm.aspx
衛部成製字第016564號,“天明”冇傷專科貼布(金絲膏加減味),“TIMING”MOU SHANG ZHUAN KE PLASTER(JIN GAO JIA JIAN WEI),中藥外用貼布,False,藥膠布劑,成藥,active_in_official_export,"適應症:跌撲損傷、手足肩背及寒濕、腳氣疼痛之敷貼。
效能:","處方:每公克中含有:
當歸尾 (10 mg)
白芷 (10 mg)
杏仁 (10 mg)
玄參 (10 mg)
豬牙皂角 (10 mg)
草烏 (10 mg)
白膠香 (200 mg)
連鬚葉蔥 (31 mg)
松脂 (200 mg)
乳香 (17 mg)
沒藥 (17 mg)
黃臘 (31 mg)
薄荷腦 (11 mg)
樹脂 (100 mg)
氧化鋅 (30 mg)
冬綠油 (5 mg)
梅片 (10 mg)
食用黃色4號 ( q.s.)
清油加至 (1 g)",https://service.mohw.gov.tw/DOCMAP/CusSite/TCMLQueryForm.aspx
衛署成製字第006467號,“得生”行血透骨藥膠布(萬靈膏加減味去麝香),"Shyng Shiee Tow Guu Plaster ""T.S."" (Wan Ling Kao Chia Chien Wei Chiu She Shiang)",中藥外用貼布,False,藥膠布劑,成藥,active_in_official_export,"適應症:消瘀、舒筋、活血、止痛、跌打損傷。
效能:","處方:每公克中含有: 
骨碎補 (20 mg)
當歸 (20 mg)
紅花 (20 mg)
自然銅 (20 mg)
瓜兒血竭 (20 mg)
乳香 (20 mg)
沒藥 (20 mg)
川芎 (10 mg)
赤芍 (40 mg)
薄荷腦 (20 mg)
川牛膝 (10 mg)
五加皮 (10 mg)
石菖蒲 (10 mg)
蒼朮 (10 mg)
木香 (6 mg)
秦艽 (6 mg)
蛇床子 (6 mg)
肉桂 (6 mg)
附子 (6 mg)
半夏 (6 mg)
石斛 (6 mg)
萆薢 (6 mg)
鹿茸 (6 mg)
松香 (20 mg)
樹脂 (100 mg)
氧化鋅 (30 mg)
牛皮膠 (30 mg)
冬綠油 (5 mg)
食用藍色二號 ( q.s.)
食用黃色四號 ( q.s.)
麻油加至1g ( )",https://service.mohw.gov.tw/DOCMAP/CusSite/TCMLQueryForm.aspx
衛署成製字第010070號,“漁人”行血拈痛膏藥膠布(萬金膏加減味),"Shyng Shiee Nian Tong Gau Plaster (Wan Jin Kao Jia Chien Wey) ""F.M.""",中藥外用貼布,False,藥膠布劑,成藥,active_in_official_export,"適應症:損傷、閃挫、風濕、筋寒。
效能:","處方:每公克中含有:
龍骨 (10 mg)
鼈甲 (10 mg)
苦參 (10 mg)
烏賊魚骨 (10 mg)
黃蘗 (30 mg)
黃芩 (30 mg)
黃連 (40 mg)
豬牙皂角 (10 mg)
白及 (15 mg)
白蘞 (15 mg)
厚朴 (15 mg)
木鼈子 (15 mg)
草烏 (10 mg)
川芎 (15 mg)
當歸 (70 mg)
白芷 (15 mg)
沒藥 (15 mg)
乳香 (10 mg)
槐枝 (10 mg)
柳枝 (10 mg)
樹脂 (320 mg)
薄荷腦 (20 mg)
冬綠油 (20 mg)
氧化鋅 (30 mg)
食用紅色6號 (8 mg)
活性炭 (1 mg)
Diphenhydramine HCl (5 mg)
Dibutyl hydroxy toluene (3 mg)
冰片 (10 mg)
麻油加至1g ( )",https://service.mohw.gov.tw/DOCMAP/CusSite/TCMLQueryForm.aspx
衛署成製字第010979號,“德山”萬應膏,"WAN YING CAU ""Dersan""",中藥外用貼布,False,藥膠布劑,成藥,active_in_official_export,"適應症:跌打損傷、手足肩背寒濕疼痛之敷貼。
效能:","處方:每公克中含有: 
威靈仙 (30.000 mg)
黃蠟 (30.000 mg)
木鼈子 (15.000 mg)
蓖麻子 (50.000 mg)
沒藥 (20.000 mg)
乳香 (20.000 mg)
薄荷腦 (50.000 mg)
松脂 (200.000 mg)
氧化鋅 (40.000 mg)
冬綠油 (10.000 mg)
食用藍色2號 (0.050 mg)
食用黃色4號 (0.364 mg)
麻油加至1g ( )",https://service.mohw.gov.tw/DOCMAP/CusSite/TCMLQueryForm.aspx
衛署成製字第011491號,“南美”活血追風膏藥膠布(萬應膏去穿山甲),"""N.M"" Huo Xie Zhui Feng Kao Plaster (Wan Ying Kao Chi Chan San Cha)",中藥外用貼布,False,藥膠布劑,成藥,active_in_official_export,"適應症:風濕、遍身痠痛、筋骨痠痛。
效能:","處方:每公克中含有:
川烏 (5.6 mg)
草烏 (5.6 mg)
生地黃 (5.6 mg)
白蘞 (5.6 mg)
白及 (5.6 mg)
官桂 (5.6 mg)
白芷 (5.6 mg)
當歸 (5.6 mg)
赤芍 (5.6 mg)
羌活 (5.6 mg)
樹脂 (100 mg)
氧化鋅 (20 mg)
冰片 (10 mg)
冬綠油 (10 mg)
苦參 (5.6 mg)
木鼈子 (5.6 mg)
烏藥 (5.6 mg)
甘草 (5.6 mg)
獨活 (5.6 mg)
玄參 (5.6 mg)
薄荷腦 (10 mg)
大黃 (5.6 mg)
食用藍色2號 ( q.s.)
食用黃色4號 ( q.s.)
麻油加至 (1 g)",https://service.mohw.gov.tw/DOCMAP/CusSite/TCMLQueryForm.aspx
衛署成製字第012752號,“南美”樂安痠痛膏藥膠布(萬應膏加減味),"Yueh An Suan Tong Gum Plaster ""N.M."" (Wan Ying Kao Jia Jian Wei)",中藥外用貼布,False,藥膠布劑,成藥,active_in_official_export,"適應症:風濕遍身痠痛、筋骨痠痛。
效能:","處方:每公克中含有:
川烏 (6.6 mg)
草烏 (6.6 mg)
生地黃 (6.6 mg)
白蘞 (6.6 mg)
白及 (6.6 mg)
官桂 (6.6 mg)
白芷 (6.6 mg)
當歸 (6.6 mg)
赤芍 (6.6 mg)
羌活 (6.6 mg)
苦參 (6.6 mg)
木鼈子 (6.6 mg)
烏藥 (6.6 mg)
甘草 (6.6 mg)
獨活 (6.6 mg)
玄參 (6.6 mg)
大黃 (6.6 mg)
氧化鋅 (30.0 mg)
薄荷腦 (60.0 mg)
冬綠油 (30.0 mg)
冰片 (40.0 mg)
樹脂 (250.0 mg)
食用藍色2號 ( q.s.)
食用黃色4號 ( q.s.)
麻油加至1g ( )",https://service.mohw.gov.tw/DOCMAP/CusSite/TCMLQueryForm.aspx
衛署成製字第013361號,“中美”醫您痛酸痛藥膠布(金絲膏加減味),INITON ACHE PLASTER“C.M.”,中藥外用貼布,False,藥膠布劑,成藥,active_in_official_export,"適應症:跌撲損傷、手足肩背及寒濕腳氣疼痛之敷貼。
效能:","處方:每公克中含有:
當歸尾 (10 mg)
白芷 (10 mg)
杏仁 (10 mg)
玄參 (10 mg)
豬牙皂角 (10 mg)
草烏 (10 mg)
連鬚葉葱 (31 mg)
白膠香 (248 mg)
松脂 (248 mg)
乳香 (17 mg)
沒藥 (17 mg)
黃蠟 (31 mg)
氧化鋅 (60 mg)
冬綠油 (20 mg)
薄荷腦 (60 mg)
食用黃色四號 ( q.s.)
清油 (加至1 g)",https://service.mohw.gov.tw/DOCMAP/CusSite/TCMLQueryForm.aspx
衛署成製字第013754號,“立康生物科技”易通循血膏藥膠布(萬應膏加減味),"I TUNG HSUN HSUEH KAO PLASTER ""LI KANG BIOTECHNICAL""(WAN YING KAO CHIA CHIEN WEI)",中藥外用貼布,False,藥膠布劑,成藥,active_in_official_export,"適應症:風濕遍身疼痛、筋骨痠痛、關節痛、扭傷、閃傷、行瘀活血。
效能:","處方:每公克中含有:
川烏 (30 mg)
草烏 (30 mg)
生地 (30 mg)
白蘞 (30 mg)
白及 (30 mg)
玄參 (30 mg)
白芷 (30 mg)
當歸 (30 mg)
赤芍 (30 mg)
羌活 (30 mg)
木鼈子 (30 mg)
烏藥 (30 mg)
甘草 (30 mg)
獨活 (30 mg)
苦參 (30 mg)
大黃 (30 mg)
麻油 (500 mg)
薄荷腦 (14 mg)
冬綠油 (10 mg)
食用藍色2號 ( q.s.)
食用黃色4號 ( q.s.)
樹脂加至1000mg ( )",https://service.mohw.gov.tw/DOCMAP/CusSite/TCMLQueryForm.aspx
衛署成製字第014932號,“國品”金絲膏加減味藥膠布,"JIN SY GAU JIA JEAN WEY YAW JIAU BU“G.P.""",中藥外用貼布,False,藥膠布劑,成藥,active_in_official_export,"適應症:跌撲損傷、手足肩背及寒濕、腳氣疼痛之敷貼。
效能:","處方:每公克中含有:
當歸尾 (11 mg)
川白芷 (11 mg)
杏仁 (11 mg)
玄參 (11 mg)
豬牙皂角 (11 mg)
草烏 (11 mg)
蓮鬚葉葱 (30 mg)
乳香 (19 mg)
沒藥 (19 mg)
白膠香 (250 mg)
薄荷腦 (20 mg)
冬綠油 (5 mg)
冰片 (25 mg)
氧化鋅 (30 mg)
樹脂 (370 mg)
二氧化鈦 (4 mg)
鹽酸二苯安明 (5 mg)
二丁基羥基甲苯 (3 mg)
麻油加至1g ( )",https://service.mohw.gov.tw/DOCMAP/CusSite/TCMLQueryForm.aspx
衛署成製字第015143號,“天明” 天明行血風濕膏藥膠布,“TIMING” Timing Shyng Shiee Feng Shy Gau Plaster,中藥外用貼布,False,藥膠布劑,成藥,active_in_official_export,"適應症:跌撲損傷、手足肩背及寒濕疼痛之敷貼。
效能:","處方:每公克中含有:
威靈仙 (30 mg)
木鼈子 (15 mg)
蓖麻子 (50 mg)
沒藥 (20 mg)
乳香 (20 mg)
田七 (30 mg)
薄荷腦 (30 mg)
冬綠油 (10 mg)
冰片 (10 mg)
麻油 (450 mg)
氧化鋅 (40 mg)
食用黃色四號 ( q.s.)
食用藍色二號 ( q.s.)
樹脂加至1g ( )",https://service.mohw.gov.tw/DOCMAP/CusSite/TCMLQueryForm.aspx
衛署成製字第015341號,“輝陽”輝陽貼貼樂藥膠布(太乙膏加味),Hui Yung Tie Tie Yueh Plaster“H.Y”(Tay Yii Gau Jia Jean Wey),中藥外用貼布,False,藥膠布劑,成藥,active_in_official_export,"適應症:風濕、遍身痠痛、筋骨痠痛、關節痛、跌打撲傷。
效能:","處方:每公克中含有:
生地黃 (16 mg)
木鼈子 (16 mg)
玄參 (16 mg)
赤芍 (16 mg)
大黃 (16 mg)
白芷 (16 mg)
沒藥 (7 mg)
乳香 (7 mg)
阿魏 (3 mg)
血餘 (10 mg)
肉桂 (8 mg)
樹脂 (650 mg)
薄荷腦 (30 mg)
冰片 (10 mg)
冬綠油 (10 mg)
氧化鋅 (30 mg)
食用黃色4號 ( q.s.)
食用藍色2號 ( q.s.)
麻油加至1g ( )",https://service.mohw.gov.tw/DOCMAP/CusSite/TCMLQueryForm.aspx
衛署成製字第015666號,“順安”貼立舒藥膠布(金絲膏加減味),,中藥外用貼布,False,藥膠布劑,成藥,active_in_official_export,"適應症:跌撲損傷、手足肩背及寒濕、腳氣疼痛之敷貼。
效能:","處方:每公克中含有:
當歸尾 (10 mg)
白芷 (10 mg)
杏仁 (10 mg)
玄參 (10 mg)
豬牙皂角 (10 mg)
草烏 (10 mg)
白膠香 (200 mg)
蓮鬚葉蔥 (31 mg)
松脂 (200 mg)
乳香 (17 mg)
沒藥 (17 mg)
黃臘 (31 mg)
薄荷腦 (11 mg)
樹脂 (100 mg)
氧化鋅 (30 mg)
冬綠油 (5 mg)
冰片 (10 mg)
玫瑰香料 (2 mg)
清油加至1g ( )",https://service.mohw.gov.tw/DOCMAP/CusSite/TCMLQueryForm.aspx
衛署成製字第016142號,“三帆”印力貼水性藥膠布,MIPI Powerful Hydrogel Aches & Pains Reliever Patches,中藥外用貼布,False,藥膠布劑,成藥,active_in_official_export,"適應症:關節痛、風濕痛、腰痠背痛、肌肉痛。
效能:","處方:每公克中含有:
丁香油 (3.6 mg)
水楊酸甲酯 (12.6 mg)
樟腦 (0.8 mg)
薄荷腦 (63.8 mg)
辣椒油 (0.3 mg)
薄荷油 (12.6 mg)
白千層油 (0.8 mg)
食用藍色2號 ( q.s.)
食用黃色5號 ( q.s.)
樹脂(水性基劑)加至1g ( )",https://service.mohw.gov.tw/DOCMAP/CusSite/TCMLQueryForm.aspx
衛部成製字第016462號,"""順安一條根""太乙膏加減味","""順安一條根"" Tay Yi Gau Jia Jean Wey",中藥外用貼布,False,藥膠布劑,成藥,active_in_official_export,"適應症:風濕痛、跌打撲傷、筋骨痠痛。
效能:","處方:每公克中含有:
白芷 (13 mg)
當歸 (13 mg)
赤芍 (13 mg)
玄參 (13 mg)
肉桂 (13 mg)
大黃 (13 mg)
一條根 (13 mg)
阿魏 (2 mg)
沒藥 (2 mg)
木鼈子 (13 mg)
生地黃 (13 mg)
柳枝 (27 mg)
獨活 (27 mg)
乳香 (3 mg)
樹脂 (100 mg)
薄荷腦 (40 mg)
氧化鋅 (60 mg)
冬綠油 (10 mg)
麻油加至1g ( )",https://service.mohw.gov.tw/DOCMAP/CusSite/TCMLQueryForm.aspx
衛部成製字第016563號,“天明”痛免驚貼布(萬金膏加減味),“TIMING”TONG MIAN JING PLASTER(WAN JIN GAO JIA JIAN WEI),中藥外用貼布,False,藥膠布劑,成藥,active_in_official_export,"適應症:癰疽發背、打撲傷之敷貼。
效能:","處方:每公克中含有:
龍骨 (12 mg)
鱉甲 (12 mg)
苦參 (12 mg)
海螵蛸 (12 mg)
黃柏 (12 mg)
黃芩 (12 mg)
黃連 (12 mg)
皂角 (12 mg)
白及 (12 mg)
白蘞 (12 mg)
厚朴 (12 mg)
木虌子 (12 mg)
草烏 (12 mg)
川芎 (12 mg)
當歸 (12 mg)
白芷 (12 mg)
沒藥 (12 mg)
乳香 (12 mg)
槐枝 (12 mg)
柳枝 (12 mg)
樹脂 (400 mg)
冬綠油 (20 mg)
薄荷腦 (30 mg)
冰片 (15 mg)
氧化鋅 (30 mg)
食用黃色4號 ( q.s.)
食用藍色2號 ( q.s.)
麻油加至 (1 g)",https://service.mohw.gov.tw/DOCMAP/CusSite/TCMLQueryForm.aspx
衛部成製字第016876號,〝松林〞天瑿堂痛安膏(混元膏加減味),,中藥外用貼布,False,藥膠布劑,成藥,active_in_official_export,"適應症:打撲損傷、骨碎筋翻、瘀血凝聚、青紫腫痛。
效能:","處方:每公克中含有:
沒藥 (30 mg)
白及 (30 mg)
漏蘆 (30 mg)
紅花 (30 mg)
升麻 (30 mg)
白蘞 (30 mg)
大黃 (30 mg)
山梔子 (30 mg)
甘草 (30 mg)
蘆薈 (40 mg)
薄荷腦 (30 mg)
青黛 (30 mg)
樹脂 (150 mg)
氧化鋅 (30 mg)
冬綠油 (10 mg)
冰片 (10 mg)
食用黃色4號 (1 mg)
麻油加至1g ( )",https://service.mohw.gov.tw/DOCMAP/CusSite/TCMLQueryForm.aspx
衛署成製字第005222號,“怡騰”貼就好藥膠布(火龍膏加減味),,中藥外用貼布,False,藥膠布劑,成藥,active_in_official_export,"適應症:療風寒暑濕毒襲經絡、筋攣骨痛。
效能:","處方:每公克中含有: 
生薑汁 (641 mg)
牛皮膠 (161 mg)
乳香 (41 mg)
沒藥 (41 mg)
薄荷 (25 mg)
樹脂 (49 mg)
氧化鋅 (33 mg)
冬綠油 (9 mg)",https://service.mohw.gov.tw/DOCMAP/CusSite/TCMLQueryForm.aspx
衛署成製字第012052號,”愛生”活血膏藥膠布,"Hwo Shie Gau Yaw Jian Bu ""L.L.""",中藥外用貼布,False,藥膠布劑,成藥,active_in_official_export,"適應症:跌撲損傷、手足肩背及寒濕疼痛之敷貼。
效能:","處方:每公克中含有:
威靈仙 (30 mg)
木鼈子 (15 mg)
蓖麻子 (50 mg)
沒藥 (20 mg)
乳香 (20 mg)
田七 (30 mg)
黃蠟 (30 mg)
樹脂 (200 mg)
氧化鋅 (40 mg)
薄荷腦 (50 mg)
冬綠油 (10 mg)
玫瑰香料 (2 mg)
食用藍色2號 (2 mg)
食用黃色4號 (4 mg)
麻油 (1 g)",https://service.mohw.gov.tw/DOCMAP/CusSite/TCMLQueryForm.aspx
衛署成製字第012053號,”愛生”風濕止痛膏藥膠布(火龍膏加味),,中藥外用貼布,False,藥膠布劑,成藥,active_in_official_export,"適應症:風寒暑濕侵襲、筋攣骨痛。
效能:行血、止痛散瘀。","處方:每公克中含有:
生薑汁 (640 mg)
牛皮膠 (177 mg)
乳香 (42 mg)
沒藥 (42 mg)
薄荷腦 (20 mg)
冬綠油 (20 mg)
冰片 (10 mg)
氧化鋅 (30 mg)
黃色色素4號 (10 mg)
藍色色素2號 (5 mg)
玫瑰香料 (4 mg)",https://service.mohw.gov.tw/DOCMAP/CusSite/TCMLQueryForm.aspx
衛署成製字第012073號,“愛生”鎮痛跌打風濕膏藥膠布,"Jenn Ton Dye Da Feng Shy Gau Yaw Jiau Bu ""L.L.""",中藥外用貼布,False,藥膠布劑,成藥,active_in_official_export,"適應症:損傷、閃挫、風濕筋寒。
效能:","處方:每公克中含有: 
龍骨 (10 mg)
鼈甲 (10 mg)
苦參 (10 mg)
烏賊魚骨 (10 mg)
黃柏 (30 mg)
黃芩 (30 mg)
黃連 (40 mg)
皂角 (10 mg)
白蘞 (15 mg)
厚朴 (15 mg)
木鼈子 (15 mg)
草烏 (10 mg)
川芎 (15 mg)
當歸 (70 mg)
白芷 (15 mg)
沒藥 (15 mg)
乳香 (10 mg)
槐枝 (10 mg)
柳枝 (10 mg)
薄荷腦 (70 mg)
樹脂 (420 mg)
氧化鋅 (20 mg)
冬綠油 (30 mg)
玫瑰香料 (2 mg)
三氧化二鐵 ( q.s.)
食用黃色4號 ( q.s.)
麻油加至1g ( )",https://service.mohw.gov.tw/DOCMAP/CusSite/TCMLQueryForm.aspx
衛署成製字第012529號,“全群”歡喜貼藥膠布(火龍膏加味去麝香),"Huan Shii Tie Yaw Jiau BU ""C.C.""",中藥外用貼布,False,藥膠布劑,成藥,active_in_official_export,"適應症:風寒暑濕侵襲、筋攣骨痛。
效能:","處方:每公克中含有:
生薑汁 (648 mg)
牛皮膠 (160 mg)
乳香 (40 mg)
沒藥 (40 mg)
樹脂 (48 mg)
薄荷腦 (24 mg)
氧化鋅 (30 mg)
冬綠油 (10 mg)",https://service.mohw.gov.tw/DOCMAP/CusSite/TCMLQueryForm.aspx
衛署成製字第014386號,〝正光〞溫效巴斯藥膠布(火龍膏加味),“C.K.”Wen Xiao Pass Plaster(Huo Long Kao Jia Wey),中藥外用貼布,False,藥膠布劑,成藥,active_in_official_export,"適應症:風寒暑濕侵襲、筋攣骨痛。
效能:","處方:每公克中含有:
生薑汁 (560 mg)
牛皮膠 (140 mg)
乳香 (35 mg)
沒藥 (35 mg)
薄荷腦 (30 mg)
樹脂 (130 mg)
氧化鋅 (30 mg)
冬綠油 (8 mg)
冰片 (30 mg)
玫瑰香料 (2 mg)",https://service.mohw.gov.tw/DOCMAP/CusSite/TCMLQueryForm.aspx
衛署成製字第014588號,“立康生物科技”萬通膏藥膠布(金絲萬應膏加減味),WAN TUNG KAO PLASTER“LI KANG BIOTECHNICAL”(CHIN SZU WAN YING KAO CHIA CHIEN WEI),中藥外用貼布,False,藥膠布劑,成藥,active_in_official_export,"適應症:跌撲損傷、手足肩背及寒濕疼痛之敷貼。
效能:","處方:每公克中含有:
木鼈子 (12 mg)
蓖麻子 (60 mg)
沒藥 (18.75 mg)
乳香 (18.75 mg)
威靈仙 (37.5 mg)
樹脂 (600 mg)
冰片 (50 mg)
氧化鋅 (30 mg)
薄荷腦 (30 mg)
黃蠟 (37.5 mg)
冬綠油 (5 mg)
食用藍色二號 ( q.s.)
食用黃色四號 ( q.s.)
麻油加至1g ( )",https://service.mohw.gov.tw/DOCMAP/CusSite/TCMLQueryForm.aspx
衛署成製字第015093號,“順安”零痠痛漢方藥膠布(萬靈膏加減味去麝香),“S.A.”Wan Ling Gao(Jia Jian Wei Qu She Xiang),中藥外用貼布,False,藥膠布劑,成藥,active_in_official_export,"適應症:消瘀、舒筋、活血、止痛、治跌打損傷。
效能:","處方:每公克中含有:
骨碎補 (20 mg)
當歸 (20 mg)
紅花 (20 mg)
自然銅 (20 mg)
瓜兒血竭 (20 mg)
乳香 (20 mg)
沒藥 (20 mg)
川芎 (16 mg)
赤芍 (40 mg)
川牛膝 (10 mg)
五加皮 (10 mg)
蒼朮 (10 mg)
木香 (6 mg)
秦艽 (6 mg)
蛇床子 (6 mg)
肉桂 (6 mg)
附子 (6 mg)
半夏 (6 mg)
石斛 (6 mg)
萆薢 (6 mg)
鹿茸 (6 mg)
石菖蒲 (10 mg)
松香 (20 mg)
樹脂 (200 mg)
氧化鋅 (60 mg)
冬綠油 (20 mg)
薄荷腦 (60 mg)
食用黃色4號 (1 mg)
食用紅色6號 (0.5 mg)
食用藍色2號 (4 mg)
食用黃色5號 (1 mg)
麻油加至1g ( )",https://service.mohw.gov.tw/DOCMAP/CusSite/TCMLQueryForm.aspx
衛署成製字第015586號,“阿桐伯”肌安藥膠布(金絲膏加減味),,中藥外用貼布,False,藥膠布劑,成藥,active_in_official_export,"適應症:跌撲損傷、手足肩背及寒濕、腳氣疼痛之敷貼。
效能:","處方:每公克中含有:
當歸尾 (11 mg)
川白芷 (11 mg)
杏仁 (11 mg)
玄參 (11 mg)
豬牙皂角 (11 mg)
草烏 (11 mg)
連鬚葉蔥 (30 mg)
乳香 (19 mg)
沒藥 (19 mg)
白膠香 (250 mg)
薄荷腦 (20 mg)
冬綠油 (5 mg)
冰片 (25 mg)
氧化鋅 (30 mg)
樹脂 (370 mg)
二氧化鈦 (4 mg)
鹽酸二苯安明 (5 mg)
二丁基羥基甲苯 (3 mg)
麻油加至1g ( )",https://service.mohw.gov.tw/DOCMAP/CusSite/TCMLQueryForm.aspx
衛部成製字第016662號,“得生”得生行血萬應膏藥膠布(金絲萬應膏加減味去麝香),Teh Seng Hsing Hsieh Wan Ying Kao Plaster“T.S.”,中藥外用貼布,False,藥膠布劑,成藥,active_in_official_export,"適應症:跌撲損傷、手足肩背及寒濕疼痛之敷貼。
效能:","處方:每公克中含有:
威靈仙 (30 mg)
黃蠟 (30 mg)
木鼈子 (15 mg)
蓖麻子 (50 mg)
沒藥 (20 mg)
乳香 (20 mg)
田七 (30 mg)
橡膠 (350 mg)
樹脂 (250 mg)
氧化鋅 (40 mg)
薄荷腦 (30 mg)
冬綠油 (10 mg)
食用紅色四十號 ( q.s.)
麻油加至 (1 g)",https://service.mohw.gov.tw/DOCMAP/CusSite/TCMLQueryForm.aspx
衛部成製字第016825號,龍王水性藥膠布(熱感),Dragon King Medicated Plaster (Extra Warm),中藥外用貼布,False,藥膠布劑,成藥,active_in_official_export,"適應症:
效能:","處方:每公克中含有: 
當歸 (11.25 mg)
白芷 (11.25 mg)
杏仁 (11.25 mg)
玄參 (11.25 mg)
豬牙皂角 (11.25 mg)
草烏 (11.25 mg)
連鬚葉蔥 (30.00 mg)
乳香 (18.75 mg)
沒藥 (18.75 mg)
麻油 (90.00 mg)
冬綠油 (10.00 mg)
薄荷腦 (20.0 mg)
辣椒提取物 (20.0 mg)
白色色素 (5.00 mg)
羥苯甲酸甲酯 (1.80 mg)
羥苯甲酸丙酯 (0.20 mg)
樹脂(水性基劑)加至 (1 g)",https://service.mohw.gov.tw/DOCMAP/CusSite/TCMLQueryForm.aspx
衛部成製字第017017號,“德山”德山透骨濕痛膏藥膠布(金絲萬應膏加減味),"Dersan Tow Guu Shy Tong Kao Plaster ""Dersan"" (Chin Ssu Wan Ying Kao Chia Chien Wei)",中藥外用貼布,False,藥膠布劑,成藥,active_in_official_export,"適應症:跌打損傷、手足腰背及寒濕疼痛之敷貼。
效能:","處方:每公克中含有:
威靈仙 (30 mg)
黃蠟 (30 mg)
木鼈子 (15 mg)
蓖麻子 (50 mg)
膠質沒藥 (20 mg)
乳香 (20 mg)
樹脂 (200 mg)
薄荷腦 (50 mg)
氧化鋅 (40 mg)
冬綠油 (10 mg)
食用黃色4號 (20 mg)
麻油加至1g ( )",https://service.mohw.gov.tw/DOCMAP/CusSite/TCMLQueryForm.aspx
衛署成製字第005847號,“南美”驅痛膏藥膠布(萬金膏加味),,中藥外用貼布,False,藥膠布劑,成藥,active_in_official_export,"適應症:廱疽發背、瘡癤、打撲損傷之敷貼。
效能:","處方:每公克中含有:
龍骨 (10 mg)
鼈甲 (10 mg)
苦參 (10 mg)
烏賊骨 (10 mg)
黃柏 (10 mg)
黃芩 (10 mg)
黃連 (10 mg)
豬牙皂角 (10 mg)
白及 (10 mg)
白蘞 (10 mg)
厚朴 (10 mg)
木鼈子 (10 mg)
草烏 (10 mg)
川芎 (10 mg)
當歸 (10 mg)
白芷 (10 mg)
沒藥 (10 mg)
乳香 (10 mg)
槐枝 (10 mg)
柳枝 (10 mg)
松香 (10 mg)
白膠香 (10 mg)
薄荷 (10 mg)
樹脂 (100 mg)
氧化鋅 (30 mg)
梅片 (20 mg)
冬綠油 (5 mg)
薄荷腦 (24.9 mg)
食用黃色4號 ( q.s.)
食用藍色2號 ( q.s.)
抗氧化劑(BHT) (1 mg)
清油加至 (1 g)",https://service.mohw.gov.tw/DOCMAP/CusSite/TCMLQueryForm.aspx
衛署成製字第006720號,“得生”治痠痛藥膠布(火龍膏加味去麝香),"Jyh Suan Tong Plaster ""T.S."" (Huo Long Kao Chia Wei Chiu She Shiang)",中藥外用貼布,False,藥膠布劑,成藥,active_in_official_export,"適應症:風寒暑濕侵襲、筋攣骨痛。
效能:","處方:每公克中含有:
生薑汁 (640 mg)
牛皮膠 (160 mg)
乳香 (40 mg)
沒藥 (40 mg)
薄荷腦 (24 mg)
樹脂 (56 mg)
氧化鋅 (32 mg)
冬綠油 (8 mg)",https://service.mohw.gov.tw/DOCMAP/CusSite/TCMLQueryForm.aspx
衛署成製字第007081號,“鐵牛”風濕膏(火龍膏去麝香),,中藥外用貼布,False,藥膠布劑,成藥,active_in_official_export,"適應症:風寒暑濕侵襲、筋攣骨痛。
效能:","處方:每公克中含有: 
生薑汁 (640 mg)
牛皮膠 (160 mg)
乳香 (40 mg)
沒藥 (40 mg)
薄荷腦 (24 mg)
樹脂 (48 mg)
氧化鋅 (32 mg)
冬綠油 (8 mg)
Diphenhydramine HCl (5 mg)
Dibutyl Hydroxy Toluene (BHT) (3 mg)
麻油加至1g ( )",https://service.mohw.gov.tw/DOCMAP/CusSite/TCMLQueryForm.aspx
衛署成製字第009994號,“漁人”暖宮貼藥膠布(去麝香),"Nuan Kung Tie Plaster ""F.M."" (Chiuh Sheh Shiang)",中藥外用貼布,False,藥膠布劑,成藥,active_in_official_export,"適應症:寒凝氣滯、少腹冷痛。
效能:溫裏散寒。","處方:每公克中含有:
當歸 (11.59 mg)
白芷 (11.59 mg)
烏藥 (11.59 mg)
小茴香 (11.59 mg)
八角茴香 (11.59 mg)
木香 (5.80 mg)
香附 (11.59 mg)
乳香 (2.90 mg)
母丁香 (2.90 mg)
沒藥 (2.90 mg)
肉桂 (2.90 mg)
沉香 (2.90 mg)
樹脂 (360.00 mg)
活性碳 (20.00 mg)
冰片 (10.00 mg)
薄荷腦 (20.00 mg)
冬綠油 (20.00 mg)
氧化鋅 (20.00 mg)
Diphenhydramine HCl (5.00 mg)
Dibutyl Hydroxy Toluene (3.00 mg)
麻油加至1g ( )",https://service.mohw.gov.tw/DOCMAP/CusSite/TCMLQueryForm.aspx
衛署成製字第011508號,“康之田”一貼寧健康藥膠布(太乙膏加減味),"Yi Tie Ning Jian Kang Plaster ""K.T.T.""",中藥外用貼布,False,藥膠布劑,成藥,active_in_official_export,"適應症:風濕痛、跌打撲傷、筋骨痠痛。
效能:","處方:每公克中含有: 
白芷 (13 mg)
當歸 (13 mg)
赤芍 (13 mg)
玄參 (13 mg)
肉桂 (13 mg)
大黃 (13 mg)
阿魏 (2 mg)
沒藥 (2 mg)
木鼈子 (13 mg)
生地黃 (13 mg)
柳枝 (27 mg)
獨活 (27 mg)
血餘 (7 mg)
乳香 (3 mg)
樹脂 (100 mg)
薄荷腦 (40 mg)
氧化鋅 (60 mg)
冬綠油 (10 mg)
麻油加至1g ( )",https://service.mohw.gov.tw/DOCMAP/CusSite/TCMLQueryForm.aspx
衛署成製字第011841號,“金牌一條根生物科技”金太極藥膠布(太乙膏加減味),"Jin Tai Ji Yaw Jiau Bu ""J.P."" (Tai I Kao Chia Chien Wei)",中藥外用貼布,False,藥膠布劑,成藥,active_in_official_export,"適應症:風濕痛、筋骨痠痛、跌傷、打撲傷。
效能:","處方:每公克中含有: 
白芷 (13 mg)
當歸 (13 mg)
赤芍 (13 mg)
玄參 (13 mg)
肉桂 (13 mg)
大黃 (13 mg)
木鼈子 (13 mg)
生地黃 (13 mg)
柳枝 (27 mg)
獨活 (27 mg)
血餘 (7 mg)
阿魏 (2 mg)
乳香 (3 mg)
沒藥 (2 mg)
薄荷腦 (30 mg)
冬綠油 (20 mg)
樹脂 (400 mg)
氧化鋅 (60 mg)
麻油加至1g ( )",https://service.mohw.gov.tw/DOCMAP/CusSite/TCMLQueryForm.aspx
衛署成製字第012041號,“愛生”通筋串骨藥膠布(混元膏加減味),"Tong Jin Chuan Guu Yaw Jiau Bu ""L.L.""",中藥外用貼布,False,藥膠布劑,成藥,active_in_official_export,"適應症:打撲損傷、消腫止痛。
效能:","處方:每公克中含有:
沒藥 (30 mg)
白及 (30 mg)
漏蘆 (30 mg)
紅花 (30 mg)
升麻 (30 mg)
白蘞 (30 mg)
大黃 (30 mg)
山梔子 (30 mg)
甘草 (30 mg)
蘆薈 (40 mg)
青黛 (30 mg)
樹脂 (150 mg)
氧化鋅 (60 mg)
薄荷腦 (60 mg)
冬綠油 (20 mg)
食用藍色2號 ( q.s.)
食用黃色4號 ( q.s.)
麻油加至 (1 g)",https://service.mohw.gov.tw/DOCMAP/CusSite/TCMLQueryForm.aspx
衛署成製字第012565號,“氣功”祛痛膏藥膠布(混元膏加減味去麝香),Chy Kon Chiu Tong Kao Plaster (Hun Yuan Kao Chia Chien Wei Chiu She Shiang),中藥外用貼布,False,藥膠布劑,成藥,active_in_official_export,"適應症:打撲損傷、消腫止痛。
效能:","處方:每公克中含有:
沒藥 (30 mg)
白及 (30 mg)
漏蘆 (30 mg)
紅花 (30 mg)
升麻 (30 mg)
白蘞 (30 mg)
大黃 (30 mg)
生梔子 (30 mg)
甘草 (30 mg)
蘆薈 (40 mg)
青黛 (30 mg)
樹脂 (150 mg)
薄荷腦 (60 mg)
氧化鋅 (60 mg)
冬綠油 (20 mg)
食用藍色2號 ( q.s.)
食用黃色4號 ( q.s.)
麻油加至 (1 g)",https://service.mohw.gov.tw/DOCMAP/CusSite/TCMLQueryForm.aspx
衛署成製字第013848號,“黃飛鴻”痛滅藥膠布(太乙膏加減味),Tong Mieh Balm,中藥外用貼布,False,藥膠布劑,成藥,active_in_official_export,"適應症:風濕痛、跌打撲傷、筋骨痠痛。
效能:","處方:每公克中含有:
白芷 (13 mg)
當歸 (13 mg)
赤芍 (13 mg)
玄參 (13 mg)
肉桂 (13 mg)
大黃 (13 mg)
阿魏 (2 mg)
沒藥 (2 mg)
木鼈子 (13 mg)
生地黃 (13 mg)
柳枝 (27 mg)
獨活 (27 mg)
血餘 (7 mg)
乳香 (3 mg)
樹脂 (100 mg)
薄荷腦 (60 mg)
氧化鋅 (60 mg)
冬綠油 (20 mg)
食用藍色2號 ( q.s.)
食用黃色4號 ( q.s.)
食用黃色5號 ( q.s.)
食用紅色6號 ( q.s.)
麻油加至1g ( )",https://service.mohw.gov.tw/DOCMAP/CusSite/TCMLQueryForm.aspx
衛署成製字第014535號,浯記通通好貼布(金絲萬應膏加減味),,中藥外用貼布,False,藥膠布劑,成藥,active_in_official_export,"適應症:跌撲損傷、手足肩背及寒濕疼痛之敷貼。
效能:","處方:每公克中含有:
威靈仙 (37.50 mg)
黃蠟 (37.50 mg)
木鼈子 (12.00 mg)
蓖麻子 (60.00 mg)
沒藥 (18.75 mg)
乳香 (18.75 mg)
氧化鋅 (30.00 mg)
冬綠油 (5.00 mg)
冰片 (50.00 mg)
薄荷腦 (30.00 mg)
樹脂 (600.00 mg)
食用黃色四號 ( q.s.)
麻油加至1g ( )",https://service.mohw.gov.tw/DOCMAP/CusSite/TCMLQueryForm.aspx
衛署成製字第014621號,“大維”順筋風濕膏藥膠布(萬應膏加減味去穿山甲),shun jin fong shin gao plaster “D.W.”(wan ying gao jia jian wei cyu chuan shan jia),中藥外用貼布,False,藥膠布劑,成藥,active_in_official_export,"適應症:風濕遍身疼痛、筋骨痠痛、關節痛、扭傷、閃傷、行瘀活血。
效能:","處方:每公克中含有:
川烏 (30 mg)
草烏 (30 mg)
生地黃 (30 mg)
白蘞 (30 mg)
白及 (30 mg)
白芷 (30 mg)
大黃 (30 mg)
當歸 (30 mg)
赤芍 (30 mg)
羌活 (30 mg)
木鼈子 (30 mg)
烏藥 (30 mg)
甘草 (30 mg)
獨活 (30 mg)
苦參 (30 mg)
玄參 (30 mg)
柳枝 (30 mg)
肉桂 (30 mg)
川七 (20 mg)
丁香 (10 mg)
樹脂 (100 mg)
氧化鋅 (30 mg)
薄荷腦 (20 mg)
冬綠油 (5 mg)
冰片 (10 mg)
食用紅色6號 (6 mg)
食用黃色4號 (8 mg)
麻油加至1g ( )",https://service.mohw.gov.tw/DOCMAP/CusSite/TCMLQueryForm.aspx
衛署成製字第014673號,"""美樂佳""驅風痠痛膏藥膠布(金絲萬應膏加減味)",,中藥外用貼布,False,藥膠布劑,成藥,active_in_official_export,"適應症:跌撲損傷、手足肩背及寒濕疼痛之敷貼。
效能:","處方:每公克中含有:
威靈仙 (37.50 mg)
黃蠟 (37.50 mg)
木鼈子 (12.00 mg)
蓖麻子 (60.00 mg)
沒藥 (18.75 mg)
乳香 (18.75 mg)
樹脂 (600.00 mg)
氧化鋅 (30.00 mg)
冬綠油 (5.00 mg)
冰片 (50.00 mg)
薄荷腦 (30.00 mg)
食用黃色四號 ( q.s.)
麻油加至1g ( )",https://service.mohw.gov.tw/DOCMAP/CusSite/TCMLQueryForm.aspx
衛署成製字第014890號,“國品”萬應膏藥膠布(萬應膏加減味去穿山甲),Wan Ying Gao Plaster“G.P.”(Wann Ying Gao Jia Jian Wey Chiu Chuan Shan Jia),中藥外用貼布,False,藥膠布劑,成藥,active_in_official_export,"適應症:風濕遍身痠痛、筋骨痠痛
效能:","處方:每公克中含有:
川烏 (30 mg)
草烏 (30 mg)
生地 (30 mg)
白蘞 (30 mg)
白及 (30 mg)
白芷 (30 mg)
當歸 (30 mg)
赤芍 (30 mg)
羌活 (30 mg)
土鼈子 (30 mg)
烏藥 (30 mg)
甘草 (30 mg)
獨活 (30 mg)
苦參 (30 mg)
玄參 (30 mg)
柳枝 (30 mg)
肉桂 (30 mg)
薄荷腦 (20 mg)
冬綠油 (5 mg)
冰片 (25 mg)
樹脂 (360 mg)
氧化鋅 (30 mg)
食用綠色三號鋁麗基 (4 mg)
鹽酸二苯安明 (5 mg)
二丁基羥基甲苯 (3 mg)
麻油加至1g ( )",https://service.mohw.gov.tw/DOCMAP/CusSite/TCMLQueryForm.aspx
衛署成製字第015089號,“天明”正舒筋活血膏藥膠布(萬靈膏加減味去麝香),“TIMING”CHENG SHU JIN HWO SHIEE GAU YAW JIAU BU(wan ling gau jia jiaan we chi Muscone),中藥外用貼布,False,藥膠布劑,成藥,active_in_official_export,"適應症:消瘀、舒筋、活血、止痛、跌打損傷。
效能:","處方:每公克中含有:
骨碎補 (20 mg)
當歸 (20 mg)
紅花 (20 mg)
自然銅 (20 mg)
瓜兒血竭 (20 mg)
透骨草 (20 mg)
沒藥 (20 mg)
川芎 (16 mg)
赤芍 (40 mg)
鹿茸 (6 mg)
木香 (6 mg)
秦艽 (6 mg)
蛇床子 (6 mg)
肉桂 (6 mg)
附子 (6 mg)
半夏 (6 mg)
石斛 (6 mg)
萆薢 (6 mg)
氧化鋅 (30 mg)
川牛膝 (10 mg)
冰片 (10 mg)
薄荷腦 (20 mg)
蒼朮 (10 mg)
冬綠油 (20 mg)
石菖蒲 (10 mg)
五加皮 (10 mg)
樹脂 (370 mg)
食用黃色四號 ( q.s.)
麻油加至1g ( )",https://service.mohw.gov.tw/DOCMAP/CusSite/TCMLQueryForm.aspx
衛署成製字第015399號,“健本堂”正中藥金絲膏水性貼布藥膠布(加減味),CHENG CHUNG YUEH CHIN SZU KAO PLASTER“CHIEN BEN TANG”(CHIA CHIEN WEI),中藥外用貼布,False,藥膠布劑,成藥,active_in_official_export,"適應症:跌撲損傷、寒濕及手足肩背疼痛之敷貼。
效能:","處方:每公克中含有:
當歸 (11.25 mg)
白芷 (11.25 mg)
杏仁 (11.25 mg)
玄參 (11.25 mg)
豬牙皂角 (11.25 mg)
草烏 (11.25 mg)
連鬚葉蔥 (30.00 mg)
乳香 (18.75 mg)
沒藥 (18.75 mg)
麻油 (90.00 mg)
薄荷腦 (20.00 mg)
羥苯甲酸甲酯 (1.80 mg)
羥苯甲酸丙酯 (0.20 mg)
樹脂(水性基劑)加至1g ( )",https://service.mohw.gov.tw/DOCMAP/CusSite/TCMLQueryForm.aspx
衛署成製字第015594號,“南美”拿痠痛萬應膏藥膠布(萬應膏加減味去穿山甲),“N.M.”NA SUAN TONG WAN YING GAO YAO JIAO BU(WAN YING GAO JIA JIAN WEI QU CHUAN SHAN JIA),中藥外用貼布,False,藥膠布劑,成藥,active_in_official_export,"適應症:風溼、筋骨酸痛、關節痛扭傷閃傷、行瘀活血。
效能:","處方:每公克中含有:
川烏 (30 mg)
草烏 (30 mg)
生地黃 (30 mg)
白蘞 (30 mg)
白及 (30 mg)
白芷 (30 mg)
當歸 (30 mg)
赤芍 (30 mg)
羌活 (30 mg)
木鼈子 (30 mg)
烏藥 (30 mg)
甘草 (30 mg)
獨活 (30 mg)
苦參 (30 mg)
玄參 (30 mg)
柳枝 (30 mg)
肉桂 (30 mg)
骨碎補 (30 mg)
紅花 (30 mg)
樹脂 (100 mg)
氧化鋅 (30 mg)
薄荷腦 (20 mg)
冬綠油 (5 mg)
冰片 (10 mg)
食用黃色4號 (2 mg)
麻油加至1g ( )",https://service.mohw.gov.tw/DOCMAP/CusSite/TCMLQueryForm.aspx
衛署成製字第009980號,“漁人”鎮風膏藥膠布(金絲萬應膏加味),,中藥外用貼布,False,藥膠布劑,成藥,active_in_official_export,"適應症:跌撲損傷、手足肩背及寒濕、疼痛之敷貼。
效能:","處方:每公克中含有:
松脂 (390.50 mg)
威靈仙 (37.50 mg)
黃蠟 (37.50 mg)
木鼈子 (12.00 mg)
蓖麻子油 (60.00 mg)
乳香 (18.75 mg)
沒藥 (18.75 mg)
薄荷腦 (50.00 mg)
樹脂 (280.00 mg)
氧化鋅 (30.00 mg)
冬綠油 (5.00 mg)
食用黃色色素4號 (15.00 mg)
鹽酸二苯安明 (5.00 mg)
二丁基羥基甲苯 (3.00 mg)
麻油加至1g ( )",https://service.mohw.gov.tw/DOCMAP/CusSite/TCMLQueryForm.aspx
衛署成製字第011182號,“三帆”萬寧膏(去穿山甲),"Wan Lin Balm ""S.F.""",中藥外用貼布,False,藥膠布劑,成藥,active_in_official_export,"適應症:鎮痛、消炎、捻挫、打撲、筋肉痛、關節痛、跌打傷、腰痠痛、肩痛、神經痛。
效能:","處方:每公克中含有: 
生地黃 (30 mg)
白蘞 (30 mg)
白芷 (40 mg)
當歸 (30 mg)
赤芍 (30 mg)
羌活 (30 mg)
木鼈子 (30 mg)
烏藥 (30 mg)
甘草 (30 mg)
獨活 (30 mg)
玄參 (30 mg)
大黃 (30 mg)
肉桂 (30 mg)
柳枝 (20 mg)
槐枝 (20 mg)
沒藥 (30 mg)
松香 (20 mg)
樹脂 (160 mg)
乳香 (30 mg)
薄荷腦 (30 mg)
冬綠油 (10 mg)
氧化鋅 (30 mg)
麻油加至1g ( )",https://service.mohw.gov.tw/DOCMAP/CusSite/TCMLQueryForm.aspx
衛署成製字第011188號,“生春”痠疼膏藥膠布,"Suan Tong Kao ""SHENG CHUN""",中藥外用貼布,False,藥膠布劑,成藥,active_in_official_export,"適應症:損傷、閃挫、風濕筋寒。
效能:","處方:每公克中含有: 
龍骨 (10 mg)
鼈甲 (10 mg)
苦參 (10 mg)
烏賊魚骨 (10 mg)
黃蘗 (30 mg)
黃芩 (30 mg)
黃連 (40 mg)
豬牙皂角 (10 mg)
白蘞 (15 mg)
厚朴 (15 mg)
木鼈子仁 (15 mg)
草烏 (10 mg)
川芎 (15 mg)
當歸 (70 mg)
白芷 (15 mg)
沒藥 (15 mg)
乳香 (10 mg)
槐枝 (10 mg)
柳枝 (10 mg)
薄荷腦 (70 mg)
樹脂 (420 mg)
氧化鋅 (20 mg)
冬綠油 (30 mg)
食用黃色4號 ( q.s.)
食用藍色2號 ( q.s.)
麻油加至1g ( )",https://service.mohw.gov.tw/DOCMAP/CusSite/TCMLQueryForm.aspx
衛署成製字第011728號,“三帆”原山能量行血酸痛膏藥膠布(太乙膏加減味),"Yuan Shan Neng Liang Sing Sie Suan Tong Gao Patch ""S.F."" (Tai Yi Gao Jia Jian Wei)",中藥外用貼布,False,藥膠布劑,成藥,active_in_official_export,"適應症:跌打損傷、風濕遍身痠痛、筋骨痠痛、關節痛。
效能:","處方:每公克中含有: 
白芷 (14 mg)
當歸 (14 mg)
赤芍 (14 mg)
玄參 (14 mg)
肉桂 (14 mg)
大黃 (14 mg)
阿魏 (2 mg)
沒藥 (2 mg)
木鼈子 (14 mg)
生地黃 (14 mg)
血餘 (7 mg)
乳香 (4 mg)
薄荷腦 (50 mg)
氧化鋅 (30 mg)
冬綠油 (5 mg)
樹脂 (150 mg)
食用藍色二號 ( q.s.)
食用黃色四號 ( q.s.)
麻油加至1g ( )",https://service.mohw.gov.tw/DOCMAP/CusSite/TCMLQueryForm.aspx
衛署成製字第012024號,“愛生”青草膏藥膠布(萬金膏),"Ching Tsao Gau Yaw Jiau Bu ""L.L.""",中藥外用貼布,False,藥膠布劑,成藥,active_in_official_export,"適應症:癰疽發背、瘡癤、打撲傷之敷貼。
效能:","處方:每公克中含有: 
龍骨 (10 mg)
鼈甲 (10 mg)
苦參 (10 mg)
烏賊骨 (10 mg)
黃柏 (10 mg)
黃芩 (10 mg)
黃連 (10 mg)
皂角 (10 mg)
白及 (10 mg)
白蘞 (10 mg)
厚朴 (10 mg)
木鼈子 (10 mg)
草烏 (10 mg)
當歸 (10 mg)
川芎 (10 mg)
白芷 (10 mg)
沒藥 (10 mg)
乳香 (10 mg)
槐枝 (10 mg)
柳枝 (10 mg)
松香 (20 mg)
樹脂 (140 mg)
氧化鋅 (130 mg)
薄荷腦 (150 mg)
冬綠油 (20 mg)
食用藍色2號 ( q.s.)
食用黃色4號 ( q.s.)
麻油加至1g ( )",https://service.mohw.gov.tw/DOCMAP/CusSite/TCMLQueryForm.aspx
衛署成製字第012133號,”愛生”萬應膏藥膠布(加減味),"Wan Yin Gau Yaw Jiau Bu ""L.L.""",中藥外用貼布,False,藥膠布劑,成藥,active_in_official_export,"適應症:風濕遍身疼痛、筋骨痠痛、關節痛、扭傷、閃傷、行瘀活血。
效能:","處方:每公克中含有:
川烏 (30 mg)
草烏 (30 mg)
生地黃 (30 mg)
白蘞 (30 mg)
白及 (30 mg)
玄參 (30 mg)
白芷 (30 mg)
當歸 (30 mg)
赤芍 (30 mg)
羌活 (30 mg)
木鼈子 (30 mg)
烏藥 (30 mg)
甘草 (30 mg)
獨活 (30 mg)
苦參 (30 mg)
大黃 (30 mg)
薄荷腦 (20 mg)
樹脂 (100 mg)
氧化鋅 (30 mg)
冬綠油 (5 mg)
食用紅色6號 (6 mg)
食用黃色4號 (4 mg)
麻油加至 (1 g)",https://service.mohw.gov.tw/DOCMAP/CusSite/TCMLQueryForm.aspx
衛署成製字第012625號,“立康”金絲萬應膏藥膠布(加減味),"CHIN SZU WAN YING KAO PLASTER ""LI KANG""",中藥外用貼布,False,藥膠布劑,成藥,active_in_official_export,"適應症:跌撲損傷、手足肩背及寒濕疼痛之敷貼。
效能:","處方:每公克中含有:
威靈仙 (30 mg)
黃蠟 (30 mg)
木鼈子 (15 mg)
蓖麻子 (50 mg)
沒藥 (20 mg)
乳香 (20 mg)
薄荷腦 (50 mg)
樹脂 (200 mg)
氧化鋅 (40 mg)
冬綠油 (10 mg)
食用藍色2號 ( q.s.)
食用黃色4號 ( q.s.)
麻油加至 (1 g)",https://service.mohw.gov.tw/DOCMAP/CusSite/TCMLQueryForm.aspx
衛署成製字第013770號,“克里薩斯”熱力酸痛藥膠布,"""CROESUS"" HOT PAIN RELIEF PATCH",中藥外用貼布,False,藥膠布劑,成藥,active_in_official_export,"適應症:風寒暑濕侵襲、筋攣骨痛。
效能:","處方:每公克中含有:
薑汁 (125 mg)
蔥汁 (125 mg)
豬牙皂 (13 mg)
花椒 (13 mg)
陳皮 (100 mg)
米醋 (90 mg)
乳香 (7 mg)
沒藥 (7 mg)
牛皮膠 (371 mg)
氧化鋅 (38 mg)
冬綠油 (5 mg)
樹脂 (50 mg)
薄荷腦 (50 mg)
食用黃色4號 (2 mg)
三氧化二鐵 (4 mg)",https://service.mohw.gov.tw/DOCMAP/CusSite/TCMLQueryForm.aspx
衛署成製字第014446號,”漢本方”酸貼樂水性藥膠布(金絲萬應膏加減味),Suan Tie Le Aqueous Balm“H.B.C.”(Jin Sh Wahn Ying Gau Gau Jia Jiaan Weih),中藥外用貼布,False,藥膠布劑,成藥,active_in_official_export,"適應症:跌撲損傷、寒濕及手足肩背疼痛之敷貼。

效能:","處方:每公克中含有:
威靈仙 (30.0 mg)
黃蠟 (30.0 mg)
木鼈子 (15.0 mg)
蓖麻子 (50.0 mg)
乳香 (20.0 mg)
沒藥 (20.0 mg)
川七 (30.0 mg)
柳枝 (5.0 mg)
麻油 (250.0 mg)
薄荷腦 (15.0 mg)
冬綠油 (7.0 mg)
羥苯甲酸甲酯 (1.7 mg)
食用黃色5號 ( q.s.)
食用藍色2號 ( q.s.)
樹脂(水性基劑)加至 (1.0 g)",https://service.mohw.gov.tw/DOCMAP/CusSite/TCMLQueryForm.aspx
衛署成製字第014711號,”生春”金絲膏水性貼布藥膠布,CHIN SZU KAO PLASTER“SHENG CHUN”,中藥外用貼布,False,藥膠布劑,成藥,active_in_official_export,"適應症:跌撲損傷、寒濕及手足肩背疼痛之敷貼。
效能:","處方:每公克中含有:
當歸 (11.25 mg)
白芷 (11.25 mg)
杏仁 (11.25 mg)
玄參 (11.25 mg)
豬牙皂角 (11.25 mg)
草烏 (11.25 mg)
連鬚葉蔥 (30.00 mg)
乳香 (18.75 mg)
沒藥 (18.75 mg)
麻油 (90.00 mg)
薄荷腦 (20.00 mg)
羥苯甲酸甲酯 (1.80 mg)
羥苯甲酸丙酯 (0.20 mg)
樹脂(水性基劑)加至1g(含量見背面) ( )",https://service.mohw.gov.tw/DOCMAP/CusSite/TCMLQueryForm.aspx
衛署成製字第014936號,“港香蘭”金絲萬應膏加減味水性藥膠布,Jin Si Wan Ying Gao Jia Jian Wei Shui Xing Balm“KAISER”,中藥外用貼布,False,藥膠布劑,成藥,active_in_official_export,"適應症:跌撲損傷、寒濕及手足肩背疼痛之敷貼。
效能:","處方:每公克中含有:
威靈仙 (30.0 mg)
黃蠟 (30.0 mg)
木鼈子 (15.0 mg)
蓖麻子 (50.0 mg)
乳香 (20.0 mg)
沒藥 (20.0 mg)
川七 (30.0 mg)
柳枝 (5.0 mg)
麻油 (250.0 mg)
薄荷腦 (15.0 mg)
冬綠油 (7.0 mg)
羥苯甲酸甲酯 (1.7 mg)
食用黃色5號 ( q.s.)
食用藍色2號 ( q.s.)
樹脂(水性基劑)加至1g ( )
水性基劑含有: ( )
60%酒精 (9.0 mg)
蓖麻子油 (8.0 mg)
聚山梨醇酯80 (6.0 mg)
純水 (147.0 mg)
白陶土 (35.0 mg)
甘油 (92.0 mg)
聚丙烯酸鈉 (6.0 mg)
檸檬酸 (1.0 mg)
山梨醇 (54.0 mg)
20%聚丙烯酸 (82.0 mg)
10%聚丙烯酸 (65.0 mg)
羧甲基纖維素-1380 (7.0 mg)
羧甲基纖維素-2200 (11.0 mg)",https://service.mohw.gov.tw/DOCMAP/CusSite/TCMLQueryForm.aspx
衛署成製字第015005號,“日盛”遍身痠痛膏(太乙膏加減味),Pain Shen Shuan Tong Kao“Jih Sheng”(Tay Yii Kao Jia Jean Wey),中藥外用貼布,False,藥膠布劑,成藥,active_in_official_export,"適應症:風濕遍身痠痛、筋骨痠痛、關節痛、跌打撲傷。
效能:","處方:每公克中含有:
白芷 (13 mg)
當歸 (13 mg)
赤芍 (13 mg)
元參 (13 mg)
肉桂 (13 mg)
大黃 (13 mg)
阿魏 (2 mg)
土木鼈 (13 mg)
生地黃 (13 mg)
沒藥 (2 mg)
柳枝 (27 mg)
獨活 (27 mg)
血餘 (7 mg)
乳香 (3 mg)
樹脂 (100 mg)
薄荷腦 (3 mg)
氧化鋅 (30 mg)
冰片 (20 mg)
冬綠油 (5 mg)
食用黃色色素4號 ( q.s.)
麻油加至1g ( )",https://service.mohw.gov.tw/DOCMAP/CusSite/TCMLQueryForm.aspx
衛署成製字第015067號,“潘大夫”優之堡通血酸痛藥膠布(金絲膏加減味),,中藥外用貼布,False,藥膠布劑,成藥,active_in_official_export,"適應症:跌撲損傷、手足肩背及寒濕、腳氣疼痛之敷貼。
效能:","處方:每公克中含有:
當歸尾 (11 mg)
白芷 (11 mg)
杏仁 (11 mg)
玄參 (11 mg)
豬牙皂角 (11 mg)
草烏 (11 mg)
白膠香 (248 mg)
蓮鬚葉蔥 (30 mg)
樹脂 (248 mg)
乳香 (17 mg)
沒藥 (17 mg)
黃蠟 (30 mg)
薄荷 (96 mg)
薄荷腦 (15 mg)
冬綠油 (10 mg)
冰片 (15 mg)
氧化鋅 (10 mg)
抗氧化劑(BHT) (1 mg)
食用黃色四號 ( q.s.)
食用藍色二號 ( q.s.)
麻油加至1g ( )",https://service.mohw.gov.tw/DOCMAP/CusSite/TCMLQueryForm.aspx
衛署成製字第015474號,“阿桐伯”小辣椒膏痠痛藥膠布(太乙膏加味),CAPSIUM PLASTER“A.T.B.”(Tay Yii Gau Jia Wey),中藥外用貼布,False,藥膠布劑,成藥,active_in_official_export,"適應症:風濕痛、筋骨痠痛、關節痛、腰痠背痛。
效能:","處方:每公克中含有:
白芷 (50.0 mg)
辣椒 (12.5 mg)
當歸 (50.0 mg)
赤芍 (50.0 mg)
玄參 (50.0 mg)
柳枝 (25.0 mg)
槐枝 (25.0 mg)
肉桂 (50.0 mg)
沒藥 (7.5 mg)
大黃 (50.0 mg)
木鼈子 (50.0 mg)
生地黃 (50.0 mg)
阿魏 (7.5 mg)
乳香 (12.5 mg)
血餘 (25.0 mg)
川烏 (25.0 mg)
草烏 (25.0 mg)
松香 (25.0 mg)
薄荷腦 (50.0 mg)
樹脂 (260.0 mg)
氧化鋅 (30.0 mg)
抗氧化劑B.H.T (3 mg)
紅色3號鋁麗基 (3 mg)
麻油加至1g ( )",https://service.mohw.gov.tw/DOCMAP/CusSite/TCMLQueryForm.aspx
衛署成製字第015772號,“港香蘭”多可多鎮痛膏藥膠布(金絲萬應膏加減味),Decocto Zhen Tong Cao Plaster(Jin Si Wan Ying Cao Jia Chien Wei)“Biotanico”,中藥外用貼布,False,藥膠布劑,成藥,active_in_official_export,"適應症:跌撲損傷、手足肩背及寒濕疼痛之敷貼。
效能:","處方:每公克中含有:
威靈仙 (30 mg)
黃蠟 (30 mg)
木鼈子 (15 mg)
蓖麻子 (50 mg)
沒藥 (20 mg)
乳香 (20 mg)
薄荷腦 (50 mg)
松脂 (200 mg)
氧化鋅 (40 mg)
冬綠油 (10 mg)
食用藍色二號鋁麗基 (0.83 mg)
食用黃色四號鋁麗基 (0.83 mg)
麻油加至1g ( )",https://service.mohw.gov.tw/DOCMAP/CusSite/TCMLQueryForm.aspx
衛署成製字第015929號,金黃如意貼布,Herbal Soothe Patch,中藥外用貼布,False,藥膠布劑,成藥,active_in_official_export,"適應症:緩解因運動傷害或跌、打、扭傷所引起之瘀血、腫脹發炎及疼痛現象。
效能:","處方:每公克中含有:
栝樓 (125 mg)
大黃 (62.5 mg)
白芷 (62.5 mg)
薑黃 (62.5 mg)
天南星 (25 mg)
甘草 (25 mg)
厚朴 (25 mg)
陳皮 (25 mg)
蒼朮 (25 mg)
樹脂 (200 mg)
二氧化矽 (60 mg)
薄荷腦 (60 mg)
羊毛脂 (30 mg)
氧化鋅 (30 mg)
樟腦 (10 mg)
食用黃色5號 (0.05 mg)
麻油加至 (1 g)",https://service.mohw.gov.tw/DOCMAP/CusSite/TCMLQueryForm.aspx
衛部成製字第016340號,“福安”正止痛消腫酸痛膏(萬應膏),,中藥外用貼布,False,藥膠布劑,成藥,active_in_official_export,"適應症:筋骨痠痛。
效能:","處方:每公克中含有:
川烏 (5.6 mg)
草烏 (5.6 mg)
生地黃 (5.6 mg)
白蘞 (5.6 mg)
白及 (5.6 mg)
黃丹 (5.6 mg)
官桂 (5.6 mg)
當歸 (5.6 mg)
赤芍 (5.6 mg)
羌活 (5.6 mg)
苦參 (5.6 mg)
木鼈子 (5.6 mg)
烏藥 (5.6 mg)
甘草 (5.6 mg)
獨活 (5.6 mg)
玄參 (5.6 mg)
大黃 (5.6 mg)
薄荷 (5.6 mg)
白芷 (5.6 mg)
去水醋酸鈉 (1.0 mg)
苯甲酸鈉 (1.0 mg)
樹脂 (250 mg)
麻油 (641.6 mg)",https://service.mohw.gov.tw/DOCMAP/CusSite/TCMLQueryForm.aspx
衛部成製字第016521號,〝豐生〞一條根藥膠布,"Yi Tyau Gen Plaster ""H.S.""",中藥外用貼布,False,藥膠布劑,成藥,active_in_official_export,"適應症:風寒暑濕燥火,侵襲,手足肩頸背;腰臀腿膝腳,經絡血脈、跌打損傷、腰痠背痛、損傷閃挫、筋骨痠痛。
效能:","處方:每公克中含有:
冰片 (50 mg)
氧化鋅 (50 mg)
一條根 (100 mg)
冬青油 (200 mg)
薄荷腦 (200 mg)
樹脂 (400 mg)",https://service.mohw.gov.tw/DOCMAP/CusSite/TCMLQueryForm.aspx
衛署成製字第006450號,“東發”綠香萬全膏藥膠布(萬金膏加減味),"ALNICE PLASTER ""Tung Fa"" (Wan Jin Gao Jia Jian Wei)",中藥外用貼布,False,藥膠布劑,成藥,active_in_official_export,"適應症:損傷閃挫、風濕筋寒。
效能:","處方:每公克中含有:
龍骨 (10 mg)
鼈甲 (10 mg)
苦參 (10 mg)
烏賊魚骨 (10 mg)
黃柏 (30 mg)
黃芩 (30 mg)
黃連 (40 mg)
豬牙皂角 (10 mg)
白及 (15 mg)
厚朴 (15 mg)
木鼈子 (15 mg)
草烏 (10 mg)
川芎 (15 mg)
當歸 (70 mg)
白芷 (15 mg)
沒藥 (15 mg)
乳香 (10 mg)
槐枝 (10 mg)
柳枝 (10 mg)
白蘞 (15 mg)
氧化鋅 (20 mg)
薄荷腦 (35 mg)
冬綠油 (15 mg)
樹脂 (450 g)
麻油加至1g ( )",https://service.mohw.gov.tw/DOCMAP/CusSite/TCMLQueryForm.aspx
衛署成製字第007363號,“得生”活血文武膏(萬應膏加減味),"HWO SHIUEH VEN WUU KAO ""T.S.""",中藥外用貼布,False,藥膠布劑,成藥,active_in_official_export,"適應症:風濕遍身痠痛、筋骨痠痛。
效能:","處方:每公克中含有:
川烏 (30 mg)
草烏 (30 mg)
生地黃 (30 mg)
白蘞 (30 mg)
白及 (30 mg)
肉桂 (30 mg)
白芷 (30 mg)
大黃 (30 mg)
當歸 (30 mg)
赤芍 (30 mg)
羌活 (30 mg)
苦參 (30 mg)
木鼈子 (30 mg)
烏藥 (30 mg)
甘草 (30 mg)
獨活 (30 mg)
玄參 (30 mg)
柳枝 (30 mg)
薄荷腦 (20 mg)
松香 (20 mg)
氧化鋅 (30 mg)
樹脂 (100 mg)
牛皮膠 (30 mg)
冬綠油 (5 mg)
食用黃色四號 ( q.s.)
食用藍色二號 ( q.s.)
麻油加至1g ( )",https://service.mohw.gov.tw/DOCMAP/CusSite/TCMLQueryForm.aspx
衛署成製字第007435號,“生春”行血疏風止痛膏藥膠布(萬靈膏加減味去麝香),HSING HSUEH SHU FENG CHIH TUNG KAO“SHENG CHUN”,中藥外用貼布,False,藥膠布劑,成藥,active_in_official_export,"適應症:消瘀、舒筋、活血、止痛、跌打損傷。
效能:","處方:每公克中含有:
骨碎補 (20 mg)
當歸 (20 mg)
紅花 (20 mg)
自然銅 (20 mg)
瓜兒血竭 (20 mg)
乳香 (20 mg)
沒藥 (20 mg)
川芎 (16 mg)
赤芍 (40 mg)
薄荷腦 (20 mg)
懷牛膝 (10 mg)
五加皮 (10 mg)
石菖蒲 (10 mg)
蒼朮 (10 mg)
木香 (6 mg)
秦艽 (6 mg)
蛇床子 (6 mg)
肉桂 (6 mg)
附子 (6 mg)
半夏 (6 mg)
石斛 (6 mg)
萆薢 (6 mg)
鹿茸 (6 mg)
松香 (20 mg)
樹脂 (100 mg)
氧化鋅 (30 mg)
牛皮膠 (30 mg)
冬綠油 (5 mg)
食用黃色4號 ( q.s.)
食用藍色2號 ( q.s.)
麻油加至 (1 g)",https://service.mohw.gov.tw/DOCMAP/CusSite/TCMLQueryForm.aspx
衛署成製字第007684號,“鐵牛”鐵牛酸痛藥膠布(萬靈膏加減味去麝香),,中藥外用貼布,False,藥膠布劑,成藥,active_in_official_export,"適應症:消瘀、舒筋、活血、止痛、跌打損傷。
效能:","處方:每公克中含有:
骨碎補 (20 mg)
當歸 (20 mg)
紅花 (20 mg)
自然銅 (20 mg)
瓜兒血竭 (20 mg)
乳香 (20 mg)
沒藥 (20 mg)
川芎 (16 mg)
赤芍 (40 mg)
川牛膝 (10 mg)
五加皮 (10 mg)
石菖蒲 (10 mg)
蒼朮 (10 mg)
木香 (6 mg)
秦艽 (6 mg)
蛇床子 (6 mg)
肉桂 (6 mg)
附子 (6 mg)
半夏 (6 mg)
石斛 (6 mg)
萆薢 (6 mg)
鹿茸 (6 mg)
松香 (20 mg)
樹脂 (100 mg)
氧化鋅 (30 mg)
牛皮膠 (30 mg)
冬綠油 (5 mg)
薄荷腦 (20 mg)
Diphenhydramine HCl (5 mg)
Dibutyl Hydroxy Toluene (B.H.T) (3 mg)
麻油加至1g ( )",https://service.mohw.gov.tw/DOCMAP/CusSite/TCMLQueryForm.aspx
衛署成製字第010111號,“得生”萬痛寶珍藥膠布(萬應膏加減味),"One T’ung Bao Zhen Plaster ""T.S."" (Wan Ying Kao Chia Chien Wei)",中藥外用貼布,False,藥膠布劑,成藥,active_in_official_export,"適應症:關節痛、扭傷、閃傷、活血、行瘀。
效能:.","處方:每公克中含有:
川烏 (5.6 mg)
草烏 (5.6 mg)
生地黃 (5.6 mg)
白蘞 (5.6 mg)
白及 (5.6 mg)
官桂 (5.6 mg)
白芷 (5.6 mg)
當歸 (5.6 mg)
赤芍 (5.6 mg)
羌活 (5.6 mg)
苦參 (5.6 mg)
木鼈子 (5.6 mg)
烏藥 (5.6 mg)
甘草 (5.6 mg)
獨活 (5.6 mg)
玄參 (5.6 mg)
大黃 (5.6 mg)
薄荷腦 (5.6 mg)
氧化鋅 (30.0 mg)
橡膠 (300.0 mg)
樹脂 (200.0 mg)
冬綠油 (40.0 mg)
麻油加至 (1.0 g)",https://service.mohw.gov.tw/DOCMAP/CusSite/TCMLQueryForm.aspx
衛署成製字第011081號,“生春”金絲透骨膏藥膠布(金絲膏加減味),"""Sheng-Chun"" Chin Szu Tou Ku Kao",中藥外用貼布,False,藥膠布劑,成藥,active_in_official_export,"適應症:跌撲損傷、手足肩背及寒濕、腳氣疼痛之敷貼
效能:","處方:每公克中含有: 
當歸尾 (11 mg)
白芷 (11 mg)
杏仁 (11 mg)
玄參 (11 mg)
豬牙皂角 (11 mg)
草烏 (11 mg)
白膠香 (250 mg)
連鬚葉蔥 (30 mg)
乳香 (19 mg)
沒藥 (19 mg)
薄荷腦 (20 mg)
樹脂 (370 mg)
氧化鋅 (30 mg)
冬綠油 (5 mg)
冰片 (20 mg)
食用藍色2號 ( q.s.)
食用黃色4號 ( q.s.)
麻油加至1g ( )",https://service.mohw.gov.tw/DOCMAP/CusSite/TCMLQueryForm.aspx
衛署成製字第011905號,“太和堂”金鹿筋露痠痛藥膠布(金絲膏加減味),,中藥外用貼布,False,藥膠布劑,成藥,active_in_official_export,"適應症:跌撲損傷、手足肩背及寒濕、腳氣疼痛之敷貼。
效能:","處方:每公克中含有: 
當歸尾 (10 mg)
白芷 (10 mg)
杏仁 (10 mg)
玄參 (10 mg)
豬牙皂 (10 mg)
草烏 (10 mg)
白膠香 (200 mg)
連鬚葉蔥 (31 mg)
松脂 (200 mg)
乳香 (17 mg)
沒藥 (17 mg)
黃蠟 (31 mg)
薄荷腦 (11 mg)
樹脂 (100 mg)
氧化鋅 (30 mg)
冬綠油 (5 mg)
玫瑰香料 (2 mg)
淨香油加至1g ( )",https://service.mohw.gov.tw/DOCMAP/CusSite/TCMLQueryForm.aspx
衛署成製字第012136號,”愛生”火龍膏藥膠布(火龍膏加味去麝香),"Huo Long Gau Yaw Jiau Bu ""L.L.""",中藥外用貼布,False,藥膠布劑,成藥,active_in_official_export,"適應症:風寒暑濕毒襲經絡、筋攣骨痛節風。
效能:","處方:每公克中含有:
生薑汁 (560 mg)
牛皮膠 (140 mg)
乳香 (35 mg)
沒藥 (35 mg)
松香 (30 mg)
薄荷腦 (30 mg)
樹脂 (125 mg)
氧化鋅 (30 mg)
冬綠油 (8 mg)
食用黃色4號 (4 mg)
玫瑰香料 (3 mg)",https://service.mohw.gov.tw/DOCMAP/CusSite/TCMLQueryForm.aspx
衛署成製字第013557號,”護民”萬靈膏(加減味去麝香),"Wann Ling Gau ""H.M.""",中藥外用貼布,False,藥膠布劑,成藥,active_in_official_export,"適應症:消瘀、舒筋、活血、止痛、跌打損傷。
效能:","處方:每公克中含有:
骨碎補 (20 mg)
透骨草 (20 mg)
當歸 (20 mg)
紅花 (20 mg)
自然銅 (20 mg)
血竭 (20 mg)
沒藥 (20 mg)
川芎 (16 mg)
赤芍 (40 mg)
川牛膝 (10 mg)
鹿茸 (6 mg)
五加皮 (10 mg)
石菖蒲 (10 mg)
蒼朮 (10 mg)
木香 (6 mg)
秦艽 (6 mg)
蛇床子 (6 mg)
肉桂 (6 mg)
川附子 (6 mg)
半夏 (6 mg)
石斛 (6 mg)
萆薢 (6 mg)
氧化鋅 (30 mg)
活性炭 (30 mg)
薄荷腦 (20 mg)
冬綠油 (20 mg)
冰片 (10 mg)
樹脂 (370 mg)
麻油加至 (1 g)",https://service.mohw.gov.tw/DOCMAP/CusSite/TCMLQueryForm.aspx
衛署成製字第014057號,“南美”金絲萬應膏(金絲萬應膏加減味),“N M”JIN SY WAN YING KAO,中藥外用貼布,False,藥膠布劑,成藥,active_in_official_export,"適應症:跌撲損傷、手足肩背及寒濕、腳氣疼痛之敷貼。
效能:","處方:每公克中含有:
威靈仙 (30 mg)
木鼈子 (15 mg)
蓖麻子 (50 mg)
沒藥 (20 mg)
乳香 (20 mg)
薄荷腦 (50 mg)
樹脂 (200 mg)
黃蠟 (30 mg)
氧化鋅 (40 mg)
冬綠油 (10 mg)
活性碳 (40 mg)
胡麻油加至1g ( )",https://service.mohw.gov.tw/DOCMAP/CusSite/TCMLQueryForm.aspx
衛署成製字第014410號,“德山”萬金膏藥膠布(加減味),Wann Jin Gau Plaster〝DERSAN〞(Jia Jian Wei),中藥外用貼布,False,藥膠布劑,成藥,active_in_official_export,"適應症:癰疽發背、瘡癤、打撲損傷之敷貼。
效能:","處方:每公克中含有:
槐枝 (5 mg)
柳枝 (5 mg)
白芷 (10 mg)
沒藥 (5 mg)
乳香 (5 mg)
草烏 (10 mg)
川芎 (10 mg)
當歸 (10 mg)
白蘞 (10 mg)
厚朴 (10 mg)
木鼈子 (10 mg)
黃連 (10 mg)
豬牙皂角 (10 mg)
白及 (10 mg)
黃柏 (10 mg)
龍骨 (10 mg)
黃芩 (10 mg)
鱉甲 (10 mg)
苦參 (10 mg)
烏賊魚骨 (10 mg)
樹脂 (380 mg)
薄荷腦 (20 mg)
冬綠油 (20 mg)
冰片 (10 mg)
氧化鋅 (30 mg)
食用黃色四號 (6 mg)
鹽酸二苯安明 (5 mg)
二丁基羥基甲苯 (3 mg)
麻油加至1g ( )",https://service.mohw.gov.tw/DOCMAP/CusSite/TCMLQueryForm.aspx
衛署成製字第014592號,“怡騰”剋酸痛藥膠布(萬應膏加減味),,中藥外用貼布,False,藥膠布劑,成藥,active_in_official_export,"適應症:風濕、筋骨痠痛、關節痛扭傷閃傷、行瘀活血
效能:","處方:每公克中含有:
川烏 (30 mg)
草烏 (30 mg)
生地 (30 mg)
白蘞 (30 mg)
白笈 (30 mg)
白芷 (30 mg)
當歸 (30 mg)
赤芍 (30 mg)
羌活 (30 mg)
木鼈子 (30 mg)
烏藥 (30 mg)
甘草 (30 mg)
獨活 (30 mg)
苦參 (30 mg)
玄參 (30 mg)
柳枝 (30 mg)
肉桂 (30 mg)
骨碎補 (30 mg)
紅花 (30 mg)
樹脂 (100 mg)
氧化鋅 (30 mg)
薄荷腦 (20 mg)
冬綠油 (5 mg)
食用藍色2號 ( q.s.)
食用黃色四號 ( q.s.)
玫瑰香料 (2 mg)
麻油加至1g ( )",https://service.mohw.gov.tw/DOCMAP/CusSite/TCMLQueryForm.aspx
衛署成製字第014664號,〝輝陽〞輝陽通順藥膠布(金絲膏加減味),Hui Yung Tong Shuenn Plaster〝H.Y〞(Jin Sy Gau Jia Jean Wey),中藥外用貼布,False,藥膠布劑,成藥,active_in_official_export,"適應症:跌撲損傷、手足肩背及寒濕、腳氣疼痛之敷貼。
效能:","處方:每公克中含有:
當歸尾 (10.45 mg)
白芷 (10.45 mg)
杏仁 (10.45 mg)
玄參 (10.45 mg)
豬牙皂角 (10.45 mg)
草烏 (10.45 mg)
白膠香 (200 mg)
連鬚葉蔥 (17.37 mg)
松脂 (200 mg)
乳香 (17.42 mg)
沒藥 (17.42 mg)
黃蠟 (31.0 mg)
薄荷腦 (30.0 mg)
冬綠油 (10.0 mg)
冰片 (10.0 mg)
氧化鋅 (30.0 mg)
樹脂 (100.0 mg)
食用黃色四號 ( q.s.)
麻油加至1g ( )",https://service.mohw.gov.tw/DOCMAP/CusSite/TCMLQueryForm.aspx
衛署成製字第015071號,“大濟”貼好樂活絡風濕藥膠布(金絲萬應膏加味),Tie Hor Le Huo Luo Feng Shi medicated patch“D.J.”(jin si wang ying gao jia wei),中藥外用貼布,False,藥膠布劑,成藥,active_in_official_export,"適應症:跌撲損傷、手足肩背及寒濕疼痛之敷貼。
效能:","處方:每公克中含有:
乳香 (18.75 mg)
沒藥 (18.75 mg)
木鼈子 (12.00 mg)
威靈仙 (37.50 mg)
蓖麻子 (60.00 mg)
樹脂 (400.00 mg)
黃蠟 (37.50 mg)
冰片 (50.00 mg)
薄荷腦 (30.00 mg)
冬綠油 (5.00 mg)
氧化鋅 (30.00 mg)
活性碳 (5.00 mg)
玫瑰香料 (2.00 mg)
苯甲酸鈉 (1.00 mg)
麻油加至1g ( )",https://service.mohw.gov.tw/DOCMAP/CusSite/TCMLQueryForm.aspx
衛署成製字第015629號,“佛像”金絲膏藥膠布(金絲膏加減味),,中藥外用貼布,False,藥膠布劑,成藥,active_in_official_export,"適應症:跌撲損傷、手足肩背及寒濕、腳氣疼痛之敷貼。
效能:","處方:每公克中含有
當歸尾 (11 mg)
川白芷 (11 mg)
杏仁 (11 mg)
玄參 (11 mg)
豬牙皂角 (11 mg)
草烏 (11 mg)
連鬚葉蔥 (30 mg)
乳香 (19 mg)
沒藥 (19 mg)
白膠香 (250 mg)
薄荷腦 (20 mg)
冬綠油 (5 mg)
冰片 (25 mg)
氧化鋅 (30 mg)
樹脂 (370 mg)
二氧化鈦 (4 mg)
鹽酸二苯安明 (5 mg)
二丁基羥基甲苯 (3 mg)
麻油加至1g ( )",https://service.mohw.gov.tw/DOCMAP/CusSite/TCMLQueryForm.aspx
衛署成製字第015910號,“肌樂”肌樂痠痛藥膠布(止痛散加減味),“ZERO-PAIN” ZERO-PAIN SUAN TONG PLASTER (ZHI TONG SAN JIA JIAN WEI),中藥外用貼布,False,藥膠布劑,成藥,active_in_official_export,"適應症:筋肉疼痛、跌打損傷、手足肩背及寒濕疼痛之敷貼。
效能:","處方:每公克中含有:
防風 (1.1 mg)
艾草 (1.1 mg)
牡丹皮 (1.1 mg)
南鶴虱 (1.1 mg)
升麻 (1.1 mg)
苦參 (2.2 mg)
鐵線透骨草 (2.2 mg)
赤芍 (2.2 mg)
川椒 (1.1 mg)
甘草 (1.1 mg)
金不換 (1.1 mg)
三七 (1.1 mg)
薄荷腦 (78.1 mg)
冬綠油 (30.2 mg)
樹脂 (475.2 mg)
橡膠 (400 mg)",https://service.mohw.gov.tw/DOCMAP/CusSite/TCMLQueryForm.aspx
衛署成製字第015922號,“大濟”萬靈膏藥膠布(加減味),Wan lin gao medicated patch“D.J.”(jia jian wei),中藥外用貼布,False,藥膠布劑,成藥,active_in_official_export,"適應症:消瘀、舒筋、活血、止痛、跌打損傷。
效能:","處方:每公克中含有:
骨碎補 (20 mg)
當歸 (20 mg)
紅花 (20 mg)
自然銅 (20 mg)
瓜兒血竭 (20 mg)
乳香 (20 mg)
沒藥 (20 mg)
川芎 (16 mg)
赤芍 (40 mg)
薄荷腦 (30 mg)
川牛膝 (10 mg)
冰片 (10 mg)
五加皮 (10 mg)
石菖蒲 (10 mg)
蒼朮 (10 mg)
木香 (6 mg)
秦艽 (6 mg)
蛇床子 (6 mg)
肉桂 (6 mg)
附子 (6 mg)
半夏 (6 mg)
石斛 (6 mg)
萆薢 (6 mg)
氧化鋅 (30 mg)
鹿茸 (6 mg)
麝香酮 (4 mg)
松香 (20 mg)
冬綠油 (10 mg)
樹脂 (380 mg)
食用黃色4號 (5 mg)
苯甲酸鈉 (1 mg)
麻油加至1g ( )",https://service.mohw.gov.tw/DOCMAP/CusSite/TCMLQueryForm.aspx
衛部成製字第016514號,“天明”敵力特鎮痛藥膠布(萬應膏加減味),“TIMING”DI LI TE JHEN TONG Plaster(WAN YING GAO JIA JIAN WEI),中藥外用貼布,False,藥膠布劑,成藥,active_in_official_export,"適應症:風濕遍身痠痛、筋骨痠痛。
效能:","處方:每公克中含有:
川烏 (30 mg)
草烏 (30 mg)
生地黃 (30 mg)
白蘞 (30 mg)
白及 (30 mg)
肉桂 (30 mg)
白芷 (30 mg)
大黃 (30 mg)
當歸 (30 mg)
赤芍 (30 mg)
羌活 (30 mg)
苦參 (30 mg)
木鼈子 (30 mg)
甘草 (30 mg)
獨活 (30 mg)
玄參 (30 mg)
柳枝 (30 mg)
松香 (20 mg)
烏藥 (30 mg)
牛皮膠 (30 mg)
樹脂 (100 mg)
氧化鋅 (30 mg)
薄荷腦 (20 mg)
冬綠油 (5 mg)
食用黃色4號 ( q.s.)
食用藍色2號 ( q.s.)
麻油加至 (1 g)",https://service.mohw.gov.tw/DOCMAP/CusSite/TCMLQueryForm.aspx
衛部成製字第016539號,〝南美〞活血通筋膏藥膠布,〝N.M〞HUO SIE SUAN TONG GAO PLASTER,中藥外用貼布,False,藥膠布劑,成藥,active_in_official_export,"適應症:風濕遍身痠痛、筋骨痠痛、關節痛、扭傷、閃傷、行瘀活血。
效能:","處方:每公克中含有:
生地黃 (30 mg)
白蘞 (30 mg)
白及 (30 mg)
玄參 (30 mg)
白芷 (30 mg)
當歸 (30 mg)
赤芍 (30 mg)
羌活 (30 mg)
木鼈子 (30 mg)
烏藥 (30 mg)
甘草 (30 mg)
獨活 (30 mg)
苦參 (30 mg)
大黃 (30 mg)
薄荷腦 (40 mg)
冰片 (10 mg)
樹脂 (400 mg)
氧化鋅 (30 mg)
遠紅外線礦石粉 (30 mg)
食用黃色4號 (1 mg)
麻油加至 (1 g)",https://service.mohw.gov.tw/DOCMAP/CusSite/TCMLQueryForm.aspx
衛部成製字第016542號,“金牌一條根生物科技”快活活血藥膠布(萬靈膏加減味去麝香),,中藥外用貼布,False,藥膠布劑,成藥,active_in_official_export,"適應症:消瘀、舒筋、活血、止痛、跌打損傷。
效能:","處方:每公克中含有:
骨碎補 (20 mg)
自然銅 (20 mg)
沒藥 (20 mg)
鹿茸 (6 mg)
蛇床子 (6 mg)
半夏 (6 mg)
氧化鋅 (30 mg)
薄荷腦 (20 mg)
石菖蒲 (10 mg)
食用黃色四號 (1 mg)
當歸 (20 mg)
血竭 (20 mg)
川芎 (16 mg)
木香 (6 mg)
肉桂 (6 mg)
石斛 (6 mg)
川牛膝 (10 mg)
蒼朮 (10 mg)
五加皮 (10 mg)
麻油加至 (1 g)
紅花 (20 mg)
透骨草 (20 mg)
赤芍 (40 mg)
秦艽 (6 mg)
附子 (6 mg)
萆薢 (6 mg)
冰片 (10 mg)
冬綠油 (20 mg)
樹脂 (370 mg)",https://service.mohw.gov.tw/DOCMAP/CusSite/TCMLQueryForm.aspx
衛署成製字第006430號,“東發”百欣藥膠布(金絲溫膏加減味),BSI MEDICATED PLASTER,中藥外用貼布,False,藥膠布劑,成藥,active_in_official_export,"適應症:跌撲損傷、手足肩背及寒、濕、腳氣疼痛之敷貼。
效能:","處方:每公克中含有:
當歸尾 (10 mg)
白芷 (10 mg)
杏仁 (10 mg)
玄參 (10 mg)
豬牙皂角 (10 mg)
草烏 (10 mg)
連鬚葉蔥 (31 mg)
乳香 (17 mg)
沒藥 (17 mg)
黃蠟 (31 mg)
氧化鋅 (20 mg)
薄荷腦 (40 mg)
冬綠油 (10 mg)
樹脂 (774 mg)",https://service.mohw.gov.tw/DOCMAP/CusSite/TCMLQueryForm.aspx
衛署成製字第011920號,“生春”痠痛貼藥膠布(太乙膏加減味),"SUAN TUNG TIEH PLASTER ""SHENG CHUN""",中藥外用貼布,False,藥膠布劑,成藥,active_in_official_export,"適應症:風濕痛、跌打撲傷、筋骨痠痛。
效能:","處方:每公克中含有: 
白芷 (13 mg)
當歸 (13 mg)
赤芍 (13 mg)
玄參 (13 mg)
肉桂 (13 mg)
大黃 (13 mg)
阿魏 (2 mg)
沒藥 (2 mg)
木鼈子 (13 mg)
生地黃 (13 mg)
柳枝 (27 mg)
獨活 (27 mg)
血餘 (7 mg)
乳香 (3 mg)
樹脂 (340 mg)
薄荷腦 (40 mg)
氧化鋅 (60 mg)
冬綠油 (10 mg)
食用藍色二號 ( q.s.)
食用黃色四號 ( q.s.)
麻油加至1g ( )",https://service.mohw.gov.tw/DOCMAP/CusSite/TCMLQueryForm.aspx
衛署成製字第012013號,”德山”萬應膏,"WAN YING CAU ""Dersan""",中藥外用貼布,False,藥膠布劑,成藥,active_in_official_export,"適應症:跌打損傷、手足肩背寒濕疼痛之敷貼。
效能:","處方:每公克中含有:
威靈仙 (30 mg)
黃蠟 (30 mg)
木鼈子 (15 mg)
蓖麻子 (50 mg)
沒藥 (20 mg)
乳香 (20 mg)
薄荷腦 (50 mg)
松脂 (200 mg)
氧化鋅 (40 mg)
冬綠油 (10 mg)
食用黃色4號 (0.364 mg)
麻油加至 (1 g)",https://service.mohw.gov.tw/DOCMAP/CusSite/TCMLQueryForm.aspx
衛署成製字第012218號,“建全”肌力舒止痛藥膠布(萬靈膏加減味去麝香),"""Chien Chuan"" Ji Li Shu Pain Relief Patch (wan ling gao jia jian wei cyu she siang)",中藥外用貼布,False,藥膠布劑,成藥,active_in_official_export,"適應症:消瘀、舒筋、活血、止痛、治跌打損傷。
效能:","處方:每公克中含有: 
骨碎補 (20 mg)
當歸 (20 mg)
紅花 (20 mg)
自然銅 (20 mg)
瓜兒血竭 (20 mg)
乳香 (20 mg)
沒藥 (20 mg)
川芎 (16 mg)
赤芍 (40 mg)
川牛膝 (10 mg)
五加皮 (10 mg)
蒼朮 (10 mg)
木香 (6 mg)
秦艽 (6 mg)
蛇床子 (6 mg)
肉桂 (6 mg)
附子 (6 mg)
半夏 (6 mg)
石斛 (6 mg)
萆薢 (6 mg)
鹿茸 (6 mg)
石菖蒲 (10 mg)
松香 (20 mg)
樹脂 (200 mg)
氧化鋅 (60 mg)
冬綠油 (20 mg)
薄荷腦 (60 mg)
食用藍色2號 ( q.s.)
食用黃色4號 ( q.s.)
食用黃色5號 ( q.s.)
食用紅色6號 ( q.s.)
麻油加至1g ( )",https://service.mohw.gov.tw/DOCMAP/CusSite/TCMLQueryForm.aspx
衛署成製字第012484號,“立康”克痠痛藥膠布(萬應紫金膏加減味),"KO SUAN TUNG PLASTER ""LI KANG""",中藥外用貼布,False,藥膠布劑,成藥,active_in_official_export,"適應症:手足腰背疼痛、閃挫傷損。
效能:","處方:每公克中含有:
赤芍 (20 mg)
當歸 (20 mg)
紅花 (20 mg)
黃芩 (20 mg)
防風 (20 mg)
荊芥 (20 mg)
連翹 (20 mg)
黃柏 (20 mg)
殭蠶 (20 mg)
白芷 (20 mg)
蟬蛻 (20 mg)
甘草 (20 mg)
草烏 (20 mg)
大黃 (20 mg)
金銀花 (20 mg)
川烏 (20 mg)
羌活 (20 mg)
蒼朮 (20 mg)
細辛 (20 mg)
川椒 (20 mg)
秦艽 (20 mg)
乳香 (20 mg)
沒藥 (20 mg)
骨碎補 (20 mg)
何首烏 (20 mg)
蛇床子 (20 mg)
木鼈子 (20 mg)
大楓子 (20 mg)
生南星 (20 mg)
生半夏 (20 mg)
樹脂 (150 mg)
氧化鋅 (30 mg)
薄荷腦 (50 mg)
冬綠油 (5 mg)
食用黃色4號 ( q.s.)
食用藍色2號 ( q.s.)
麻油至全量 (1 g)",https://service.mohw.gov.tw/DOCMAP/CusSite/TCMLQueryForm.aspx
衛署成製字第012636號,“德山”萬應膏,WAN YING GAU”Dersan“,中藥外用貼布,False,藥膠布劑,成藥,active_in_official_export,"適應症:風濕、遍身痠痛、筋骨痠痛。
效能:","處方:每公克中含有:
川烏 (5.6 mg)
草烏 (5.6 mg)
生地黃 (5.6 mg)
白蘞 (5.6 mg)
白及 (5.6 mg)
官桂 (5.6 mg)
白芷 (5.6 mg)
當歸 (5.6 mg)
赤芍 (5.6 mg)
羌活 (5.6 mg)
苦參 (5.6 mg)
木鼈子 (5.6 mg)
澤蘭 (5.6 mg)
烏藥 (5.6 mg)
甘草 (5.6 mg)
獨活 (5.6 mg)
玄參 (5.6 mg)
大黃 (5.6 mg)
薄荷腦 (30 mg)
冰片 (10 mg)
冬綠油 (10 mg)
樹脂 (200 mg)
氧化鋅 (30 mg)
食用黃色四號 ( q.s.)
麻油加至 (1 g)",https://service.mohw.gov.tw/DOCMAP/CusSite/TCMLQueryForm.aspx
衛署成製字第012938號,和興活絡藥膠布(金絲萬應膏加味),Hoehin Recurring Plaster (Gold Silk Wan In Plaster),中藥外用貼布,False,藥膠布劑,成藥,active_in_official_export,"適應症:跌撲損傷、手足肩背及寒濕疼痛之敷貼。
效能:","處方:每公克中含有:
乳香 (18.75 mg)
沒藥 (18.75 mg)
木鼈子 (12.00 mg)
威靈仙 (37.50 mg)
蓖麻子 (60.00 mg)
樹脂 (100.00 mg)
黃蠟 (37.50 mg)
冰片 (50.00 mg)
薄荷腦 (30.00 mg)
冬綠油 (5.00 mg)
氧化鋅 (30.00 mg)
食用綠色4號 (0.50 mg)
麻油加至1g ( )",https://service.mohw.gov.tw/DOCMAP/CusSite/TCMLQueryForm.aspx
衛署成製字第014486號,〝忠山〞通經透血膏藥膠布(混元膏加減味去麝香),,中藥外用貼布,False,藥膠布劑,成藥,active_in_official_export,"適應症:打撲損傷、消腫止痛、消瘀、舒筋活血、跌打損傷。
效能:","處方:每公克中含有:
蘆薈 (40 mg)
沒藥 (30 mg)
漏蘆 (30 mg)
紅花 (30 mg)
大黃 (30 mg)
升麻 (30 mg)
白及 (30 mg)
生梔子 (30 mg)
甘草 (30 mg)
白蘞 (30 mg)
青黛 (30 mg)
氧化鋅 (30 mg)
薄荷腦 (40 mg)
冬綠油 (10 mg)
樹脂 (430 mg)
麻油加至1g ( )",https://service.mohw.gov.tw/DOCMAP/CusSite/TCMLQueryForm.aspx
衛署成製字第015532號,“三箭辣椒”膏藥膠布(太乙膏加味),“THREE ARROW CAPSICUM” Medicated Plaster (Tai Yi Gao Chia Wei),中藥外用貼布,False,藥膠布劑,成藥,active_in_official_export,"適應症:風濕痛、筋骨酸痛、關節痛、腰酸背痛。
效能:","處方:每公克中含有:
白芷 (50.0 mg)
辣椒 (12.5 mg)
當歸 (50.0 mg)
赤芍 (50.0 mg)
玄參 (50.0 mg)
柳枝 (25.0 mg)
槐枝 (25.0 mg)
肉桂 (50.0 mg)
沒藥 (7.5 mg)
大黃 (50.0 mg)
木鱉子 (50.0 mg)
生地黃 (50.0 mg)
阿魏 (7.5 mg)
乳香 (12.5 mg)
血餘 (25.0 mg)
川烏 (25.0 mg)
草烏 (25.0 mg)
松香 (25.0 mg)
薄荷腦 (50.0 mg)
樹脂 (260.0 mg)
氧化鋅 (30.0 mg)
抗氧化劑BHT (3.0 mg)
紅色三號鋁麗基 (3.0 mg)
麻油加至1g ( )",https://service.mohw.gov.tw/DOCMAP/CusSite/TCMLQueryForm.aspx
衛署成製字第015996號,“英全”安克痛水性貼布藥膠布(金絲膏加減味),AN KE TONG PLASTER “YING CYUAN” (JIN SIH GAO JIA JIAN WEI),中藥外用貼布,False,藥膠布劑,成藥,active_in_official_export,"適應症:跌撲損傷、寒濕及手足肩背疼痛之敷貼。
效能:","處方:每公克中含有:
當歸 (11.25 mg)
白芷 (11.25 mg)
杏仁 (11.25 mg)
玄參 (11.25 mg)
豬牙皂角 (11.25 mg)
草烏 (11.25 mg)
蓮鬚葉蔥 (30.00 mg)
乳香 (18.75 mg)
沒藥 (18.75 mg)
麻油 (90.00 mg)
薄荷腦 (20.00 mg)
羥苯甲酸甲酯 (1.80 mg)
羥苯甲酸丙酯 (0.20 mg)
樹脂(水性基劑)加至1g ( )",https://service.mohw.gov.tw/DOCMAP/CusSite/TCMLQueryForm.aspx
衛署成製字第016192號,“金牌一條根”天然神貼藥膠布,"""Jin Pair I Tyau Gen"" Tian Ran Shero Tie Yaw Jiau Bu",中藥外用貼布,False,藥膠布劑,成藥,active_in_official_export,"適應症:風濕痛、筋骨痠痛、跌傷、打撲傷、關節痛、閃傷、扭傷、消腫止痛。
效能:","處方:每公克中含有:
一條根 (13 mg)
白芷 (13 mg)
當歸 (13 mg)
赤芍 (13 mg)
玄參 (13 mg)
肉桂 (13 mg)
大黃 (13 mg)
木鼈子 (13 mg)
生地黃 (13 mg)
獨活 (13 mg)
乳香 (13 mg)
薄荷腦 (30 mg)
冬綠油 (20 mg)
樹脂 (200 mg)
氧化鋅 (60 mg)
沒藥 (13 mg)
麻油加至1g ( )",https://service.mohw.gov.tw/DOCMAP/CusSite/TCMLQueryForm.aspx
衛部成製字第016459號,“得生”治痛透骨膏水性藥膠布(金絲萬應膏加減味),"Jyh Tong Tou Ku Kao Hydrogel Plaster ""T.S."" (Chin Szu Wan Ying Kao Chia Chien Wei)",中藥外用貼布,False,藥膠布劑,成藥,active_in_official_export,"適應症:跌撲損傷、寒濕及手足肩背痛之敷貼。
效能:","處方:每公克中含有:
威靈仙 (30 mg)
黃蠟 (30 mg)
木鼈子 (15 mg)
蓖麻子 (50 mg)
沒藥 (20 mg)
乳香 (20 mg)
田七(川七) (30 mg)
柳枝 (5 mg)
麻油 (255 mg)
薄荷腦 (15 mg)
冬綠油 (7 mg)
食用藍色二號 ( q.s.)
食用黃色四號 ( q.s.)
水性基劑 (加至1 g)",https://service.mohw.gov.tw/DOCMAP/CusSite/TCMLQueryForm.aspx
衛部成製字第016572號,“領先”領先透筋骨酸痛藥膠布(金絲膏加減味),"""Ling Sian"" Ling Sian Tou Gin Gu Suan Tong Balm (Jin Sih Gao Jia Jian Wei)",中藥外用貼布,False,藥膠布劑,成藥,active_in_official_export,"適應症:跌撲損傷、手足肩背及寒濕、腳氣疼痛之敷貼。
效能:","處方:每公克中含有:
當歸尾 (11 mg)
川白芷 (11 mg)
杏仁 (11 mg)
玄參 (11 mg)
豬牙皂角 (11 mg)
草烏 (11 mg)
連鬚葉蔥 (30 mg)
乳香 (19 mg)
沒藥 (19 mg)
白膠香 (250 mg)
薄荷腦 (20 mg)
冬綠油 (5 mg)
冰片 (25 mg)
氧化鋅 (30 mg)
樹脂 (370 mg)
二氧化鈦 (4 mg)
鹽酸二苯安明 (5 mg)
二丁基羥基甲苯 (3 mg)
麻油加至 (1 g)",https://service.mohw.gov.tw/DOCMAP/CusSite/TCMLQueryForm.aspx
衛部成製字第017035號,毒蛇皇止痛王,Zhi Tong Wang,中藥外用貼布,False,藥膠布劑,成藥,active_in_official_export,"適應症:
效能:","處方:每公克中含有: 
當歸 (150.0 mg)
三七 (103.0 mg)
人工麝香 (50.0 mg)
乳香 (50.0 mg)
沒藥 (50.0 mg)
兒茶 (100.0 mg)
土鱉蟲 (80.0 mg)
薄荷腦 (19.0 mg)
橡膠 (125.1 mg)
松香 (97.8 mg)
氧化鋅 (133.4 mg)
羊毛脂 (16.7 mg)
凡士林加至1g ( )",https://service.mohw.gov.tw/DOCMAP/CusSite/TCMLQueryForm.aspx
衛部成製字第017140號,“利得”萬樟金絲跌打膏藥膠布(金絲萬應膏加減味),,中藥外用貼布,False,藥膠布劑,成藥,active_in_official_export,"適應症:跌撲損傷、手足肩背及寒濕疼痛之敷貼。
效能:","處方:每公克中含有: 
威靈仙 (30 mg)
黃蠟 (30 mg)
木鼈子 (15 mg)
蓖麻子 (50 mg)
乳香 (20 mg)
沒藥 (20 mg)
樹脂 (200 mg)
薄荷腦 (50 mg)
氧化鋅 (40 mg)
冬綠油 (10 mg)
牛樟樹精油 (2 mg)
食用黃色4號 (2 mg)
食用藍色2號 (1 mg)
麻油加至1g ( )",https://service.mohw.gov.tw/DOCMAP/CusSite/TCMLQueryForm.aspx
衛部成製字第017205號,“大濟”導氣符藥膠布(金絲萬應膏加減味),"dao qi fu yao jiao bu (jin si wan ying gao jia jian we) ""D.J""",中藥外用貼布,False,藥膠布劑,成藥,active_in_official_export,"適應症:跌打損傷、手足肩背及寒濕疼痛。
效能:","處方:每公克中含有:
威靈仙 (37.50 mg)
黃蠟 (37.50 mg)
木鼈子 (18.75 mg)
蓖麻子 (62.50 mg)
膠質沒藥 (25.00 mg)
乳香 (25.00 mg)
薄荷腦 (62.50 mg)
樹脂 (250.0 mg)
氧化鋅 (50.00 mg)
冬綠油 (12.50 mg)
苯甲酸鈉 (1.00 mg)
玫瑰香料 (2.00 mg)
食用紅色七號 (2.00 mg)
麻油加至1g ( )",https://service.mohw.gov.tw/DOCMAP/CusSite/TCMLQueryForm.aspx
衛署成製字第007368號,“南美”行血痠痛膏藥膠布(加減味太乙膏),,中藥外用貼布,False,藥膠布劑,成藥,active_in_official_export,"適應症:風濕痛、筋骨痠痛、跌傷、打撲傷。
效能:","處方:每公克中含有:
白芷 (14 mg)
當歸 (14 mg)
赤芍 (14 mg)
玄參 (14 mg)
肉桂 (14 mg)
大黃 (14 mg)
木鼈子 (14 mg)
生地黃 (14 mg)
血餘 (7 mg)
乳香 (4 mg)
薄荷 (3 mg)
沒藥 (2 mg)
阿魏 (2 mg)
薄荷腦 (40 mg)
冬綠油 (5 mg)
氧化鋅 (30 mg)
冰片 (5 mg)
抗氧化劑(B.H.T) (1 mg)
食用藍色2號 ( q.s.)
食用黃色4號 ( q.s.)
樹脂 (200 mg)
麻油加至1g ( )",https://service.mohw.gov.tw/DOCMAP/CusSite/TCMLQueryForm.aspx
衛署成製字第007670號,“福可多”跌打風濕膏(混元膏加減味去麝香),,中藥外用貼布,False,藥膠布劑,成藥,active_in_official_export,"適應症:打撲損傷、消腫止痛。
效能:","處方:每公克中含有:
蘆薈 (40 mg)
沒藥 (30 mg)
漏蘆 (30 mg)
紅花 (30 mg)
大黃 (30 mg)
青黛 (30 mg)
升麻 (30 mg)
白及 (30 mg)
梔子 (30 mg)
甘草 (30 mg)
白蘞 (30 mg)
薄荷腦 (50 mg)
氧化鋅 (30 mg)
樹脂 (150 mg)
冬綠油 (5 mg)
Diphenhydramine HCl (5 mg)
Dibutyl Hydroxy Toluene (B.H.T) (3 mg)
麻油加至1g ( )",https://service.mohw.gov.tw/DOCMAP/CusSite/TCMLQueryForm.aspx
衛署成製字第011444號,“東發”東發行血透骨膏藥膠布(萬應膏加減味去穿山甲),,中藥外用貼布,False,藥膠布劑,成藥,active_in_official_export,"適應症:風濕、筋骨痠痛、關節痛、扭傷、閃傷、行瘀活血。
效能:","處方:每公克中含有:
川烏 (30 mg)
草烏 (30 mg)
生地黃 (30 mg)
白蘞 (30 mg)
白及 (30 mg)
白芷 (30 mg)
當歸 (30 mg)
赤芍 (30 mg)
羌活 (30 mg)
木鼈子 (30 mg)
烏藥 (30 mg)
甘草 (30 mg)
獨活 (30 mg)
苦參 (30 mg)
玄參 (30 mg)
柳枝 (30 mg)
肉桂 (30 mg)
骨碎補 (30 mg)
紅花 (30 mg)
薄荷腦 (20 mg)
冬綠油 (5 mg)
氧化鋅 (30 mg)
樹脂 (250 mg)
食用藍色二號 ( q.s.)
食用黃色四號 ( q.s.)
麻油加至1g ( )",https://service.mohw.gov.tw/DOCMAP/CusSite/TCMLQueryForm.aspx
衛署成製字第011904號,“克里薩斯”杏海鑽筋串骨藥膠布(萬應膏加減味去穿山甲),,中藥外用貼布,False,藥膠布劑,成藥,active_in_official_export,"適應症:風濕、筋骨痠痛、關節痛扭傷閃傷、行瘀活血。
效能:","處方:每公克中含有: 
川烏 (30 mg)
草烏 (30 mg)
生地黃 (30 mg)
白蘞 (30 mg)
白及 (30 mg)
白芷 (30 mg)
當歸 (30 mg)
赤芍 (30 mg)
羌活 (30 mg)
木鼈子 (30 mg)
烏藥 (30 mg)
甘草 (30 mg)
獨活 (30 mg)
苦參 (30 mg)
玄參 (30 mg)
柳枝 (30 mg)
肉桂 (30 mg)
骨碎補 (30 mg)
紅花 (30 mg)
樹脂 (100 mg)
氧化鋅 (30 mg)
薄荷腦 (20 mg)
冬綠油 (5 mg)
食用藍色2號 ( q.s.)
食用黃色4號 ( q.s.)
玫瑰香料 (2 mg)
麻油加至1g ( )",https://service.mohw.gov.tw/DOCMAP/CusSite/TCMLQueryForm.aspx
衛署成製字第012118號,”仙鹿”神爽藥膠布(太乙膏加減味),,中藥外用貼布,False,藥膠布劑,成藥,active_in_official_export,"適應症:風濕、遍身痠痛筋骨痠痛、關節痛、跌打撲傷。
效能:","處方:每公克中含有:
生地黃 (16 mg)
木鼈子 (16 mg)
玄參 (16 mg)
赤芍 (16 mg)
大黃 (16 mg)
白芷 (16 mg)
乳香 (7 mg)
沒藥 (7 mg)
阿魏 (3 mg)
血餘 (10 mg)
肉桂 (8 mg)
樹脂 (100 mg)
冬綠油 (5 mg)
薄荷腦 (20 mg)
氧化鋅 (30 mg)
麻油加至 (1 g)",https://service.mohw.gov.tw/DOCMAP/CusSite/TCMLQueryForm.aspx
衛署成製字第013987號,“生春”百寧鎮痛藥膠布,PAI NING CHEN TUNG PLASTER ”SHENG CHUN”,中藥外用貼布,False,藥膠布劑,成藥,active_in_official_export,"適應症:跌撲損傷、手足肩背及寒濕疼痛之敷貼。
效能:","處方:每公克中含有:
威靈仙 (30 mg)
木鼈子 (15 mg)
蓖麻子 (50 mg)
沒藥 (20 mg)
乳香 (20 mg)
田七 (30 mg)
麻油 (450 mg)
薄荷腦 (30 mg)
冬綠油 (10 mg)
食用藍色二號 ( q.s.)
食用黃色四號 ( q.s.)
樹脂加至 (1 g)",https://service.mohw.gov.tw/DOCMAP/CusSite/TCMLQueryForm.aspx
衛署成製字第014156號,吉立全身熱透藥膠布,Ji Li Quan Shen Re Tou Plaster,中藥外用貼布,False,藥膠布劑,成藥,active_in_official_export,"適應症:風寒暑濕浸襲、筋攣骨痛。
效能:","處方:每公克中含有:
薑汁 (125 mg)
蔥汁 (125 mg)
牙皂 (13 mg)
川椒 (13 mg)
陳皮 (100 mg)
乳香 (7 mg)
沒藥 (7 mg)
米醋 (90 mg)
牛皮膠 (371 mg)
氧化鋅 (38 mg)
冬綠油 (5 mg)
樹脂 (50 mg)
薄荷腦 (50 mg)
食用黃色四號 (6 mg)",https://service.mohw.gov.tw/DOCMAP/CusSite/TCMLQueryForm.aspx
衛署成製字第014224號,“大維”蛟龍行血膏藥膠布,jiao long xing xie gao plaster“T.W.”,中藥外用貼布,False,藥膠布劑,成藥,active_in_official_export,"適應症:風濕痛、跌打損傷、筋骨痠痛。
效能:","處方:每公克中含有:
白芷 (13 mg)
當歸 (13 mg)
赤芍 (13 mg)
玄參 (13 mg)
肉桂 (13 mg)
大黃 (13 mg)
阿魏 (2 mg)
木鼈子 (13 mg)
生地黃 (13 mg)
柳枝 (27 mg)
沒藥 (2 mg)
獨活 (27 mg)
血餘 (7 mg)
乳香 (3 mg)
樹脂 (100 mg)
薄荷腦 (40 mg)
氧化鋅 (60 mg)
冬綠油 (10 mg)
食用黃色四號 (4 mg)
食用藍色二號 (2 mg)
麻油加至1gm ( )",https://service.mohw.gov.tw/DOCMAP/CusSite/TCMLQueryForm.aspx
衛署成製字第014546號,涼敷酸痛強筋貼布(金絲膏加減味),Cool of pains Plaster(Jin Sh Gau Jia Jiaan Weih),中藥外用貼布,False,藥膠布劑,成藥,active_in_official_export,"適應症:跌撲損傷、寒濕及手足肩背疼痛之敷貼。
效能:","處方:每公克中含有:
當歸 (11.25 mg)
白芷 (11.25 mg)
杏仁 (11.25 mg)
玄參 (11.25 mg)
豬牙皂角 (11.25 mg)
草烏 (11.25 mg)
連鬚葉蔥 (30.0 mg)
乳香 (18.75 mg)
沒藥 (18.75 mg)
麻油 (90.0 mg)
冬綠油 (10.0 mg)
薄荷腦 (20.0 mg)
白色色素 (5.0 mg)
羥苯甲酸甲酯 (1.8 mg)
羥苯甲酸丙酯 (0.2 mg)
樹脂(水性基劑)加至1g ( )
水性基劑含有: ( )
60%酒精 (16.0 mg)
蓖麻子油 (10.0 mg)
聚山梨醇脂80 (6.0 mg)
純水 (226.0 mg)
白陶土 (50.0 mg)
甘油 (131.0 mg)
聚丙烯酸鈉 (6.0 mg)
20%聚丙烯酸 (116.0 mg)
10%聚丙烯酸 (92.0 mg)
羧甲基纖維素-1380 (8.0 mg)
羧甲基纖維素-2200 (14.0 mg)
檸檬酸 (2.0 mg)
山梨醇 (76.0 mg)",https://service.mohw.gov.tw/DOCMAP/CusSite/TCMLQueryForm.aspx
衛署成製字第015295號,杏海鑽筋串骨藥膠布(萬應膏加減味去穿山甲),Shinq Hae Tzuann Jin Chuann Guu Plaster(Wann Ing Gau Jia Jean Wey Chiuh Chuan Shan Jea),中藥外用貼布,False,藥膠布劑,成藥,active_in_official_export,"適應症:風濕遍身酸痛、筋骨痠痛。
效能:","處方:每公克中含有:
川烏 (30 mg)
草烏 (30 mg)
生地黃 (30 mg)
白蘞 (30 mg)
白及 (30 mg)
白芷 (30 mg)
當歸 (30 mg)
赤芍 (30 mg)
羌活 (30 mg)
木鼈子 (30 mg)
烏藥 (30 mg)
甘草 (30 mg)
獨活 (30 mg)
苦參 (30 mg)
玄參 (30 mg)
柳枝 (30 mg)
肉桂 (30 mg)
薄荷腦 (30 mg)
冰片 (10 mg)
冬綠油 (10 mg)
氧化鋅 (30 mg)
樹脂 (300 mg)
食用藍色2號 ( q.s.)
食用黃色4號 ( q.s.)
麻油加至1g ( )",https://service.mohw.gov.tw/DOCMAP/CusSite/TCMLQueryForm.aspx
衛署成製字第016329號,“金太武”金太武去痠痛藥膠布(金絲萬應膏加減味),"""KINTAIWU"" KINTAIWU Chyu Suan Tong Yaw Jiau Bu (Jin Sy Wann Ing Gau Jia Jean Wey)",中藥外用貼布,False,藥膠布劑,成藥,active_in_official_export,"適應症:跌撲損傷、手足肩背及寒濕疼痛之敷貼。
效能:","處方:每公克中含有:
威靈仙 (30 mg)
木鼈子 (15 mg)
蓖麻子 (50 mg)
沒藥 (20 mg)
乳香 (20 mg)
松脂 (20 mg)
黃蠟 (30 mg)
樹脂 (200 mg)
氧化鋅 (50 mg)
薄荷腦 (40 mg)
冬綠油 (10 mg)
三氧化二鐵 (10 mg)
食用黃色4號 (10 mg)
麻油加至1g ( )",https://service.mohw.gov.tw/DOCMAP/CusSite/TCMLQueryForm.aspx
衛部成製字第016560號,強力活血風濕膏,,中藥外用貼布,False,藥膠布劑,成藥,active_in_official_export,"適應症:舒筋、活血、消腫、止痛、跌打、風溼關節痛。
效能:","處方:每公克中含有:
白芷 (14 mg)
當歸 (14 mg)
赤芍 (14 mg)
玄參 (14 mg)
肉桂 (14 mg)
大黃 (14 mg)
木龞子 (14 mg)
生地黃 (14 mg)
冰片 (5 mg)
血餘 (7 mg)
乳香 (4 mg)
沒藥 (2 mg)
薄荷腦 (30 mg)
阿魏 (2 mg)
麻油 (581 mg)
樹脂加至 (1 g)",https://service.mohw.gov.tw/DOCMAP/CusSite/TCMLQueryForm.aspx
衛部成製字第016841號,“南美”一條根痛立消藥膠布,,中藥外用貼布,False,藥膠布劑,成藥,active_in_official_export,"適應症:打撲損傷、瘀血凝聚、青紫腫痛、風濕遍身痠痛、筋骨痠痛、關節痛、扭傷、閃傷、行瘀活血。
效能:","處方:每公克中含有:
一條根 (30 mg)
沒藥 (30 mg)
白及 (30 mg)
漏蘆 (30 mg)
紅花 (30 mg)
升麻 (30 mg)
白蘞 (30 mg)
大黃 (30 mg)
生梔子 (30 mg)
甘草 (30 mg)
蘆薈 (40 mg)
青黛 (30 mg)
麝香酮 (5 mg)
冰片 (20 mg)
薄荷腦 (50 mg)
冬綠油 (5 mg)
氧化鋅 (30 mg)
樹脂 (200 mg)
食用黃色4號 (1.0 mg)
麻油加至 (1 g)",https://service.mohw.gov.tw/DOCMAP/CusSite/TCMLQueryForm.aspx
衛部成製字第016996號,“順安”萬應膏藥膠布,"""S.A.""Shuenn-An Wan Ying Gao",中藥外用貼布,False,藥膠布劑,成藥,active_in_official_export,"適應症:消瘀、舒筋、活血、消腫、止痛、跌打、風溼關節痛。
效能:","處方:每公克中含有: 
生地黃 (5.6 mg)
白蘞 (5.6 mg)
白及 (5.6 mg)
官桂 (5.6 mg)
白芷 (5.6 mg)
當歸 (5.6 mg)
赤芍 (5.6 mg)
羌活 (5.6 mg)
苦參 (5.6 mg)
木鼈子 (5.6 mg)
澤蘭 (5.6 mg)
烏藥 (5.6 mg)
甘草 (5.6 mg)
獨活 (5.6 mg)
玄參 (5.6 mg)
大黃 (5.6 mg)
薄荷 (10 mg)
冰片 (10 mg)
樹脂 (200 mg)
薄荷腦 (30 mg)
食用黃色4號鋁麗基 (2 mg)
食用藍色2號鋁麗基 (1 mg)
麻油加至 (1 g)",https://service.mohw.gov.tw/DOCMAP/CusSite/TCMLQueryForm.aspx
衛署成製字第001293號,“鐵牛”風濕膏藥膠布(去麝香),"FENG SHIH KAO ""T.N.""",中藥外用貼布,False,藥膠布劑,成藥,active_in_official_export,"適應症:祛風散寒、通治痛風。
效能:","處方:每公克中含有:
薑汁 (301.2 mg)
米醋 (301.2 mg)
川椒 (50 mg)
蔥汁 (301.2 mg)
牙皂 (50 mg)
沒藥 (25 mg)
廣膠加至 (1 g)",https://service.mohw.gov.tw/DOCMAP/CusSite/TCMLQueryForm.aspx
衛署成製字第004434號,“天理”萬應膏藥膠布,,中藥外用貼布,False,藥膠布劑,成藥,active_in_official_export,"適應症:風濕、遍身痠痛、筋骨痠痛。
效能:","處方:每公克中含有:
川烏 (5.6 mg)
草烏 (5.6 mg)
生地黃 (5.6 mg)
白蘞 (5.6 mg)
白及 (5.6 mg)
官桂 (5.6 mg)
白芷 (5.6 mg)
當歸 (5.6 mg)
赤芍 (5.6 mg)
羌活 (5.6 mg)
苦參 (5.6 mg)
木鼈子 (5.6 mg)
澤蘭 (5.6 mg)
烏藥 (5.6 mg)
甘草 (5.6 mg)
獨活 (5.6 mg)
玄參 (5.6 mg)
大黃 (5.6 mg)
薄荷腦 (30 mg)
冬綠油 (20 mg)
氧化鋅 (60 mg)
樹脂 (200 mg)
食用黃色4號 ( q.s.)
食用黃色5號 ( q.s.)
食用紅色6號 ( q.s.)
淨香油 (589.2 mg)
全量加至 (1000 mg)",https://service.mohw.gov.tw/DOCMAP/CusSite/TCMLQueryForm.aspx
衛署成製字第010852號,“漁人”藥手博士藥膠布,"YAKSON PLASTER ""FM""",中藥外用貼布,False,藥膠布劑,成藥,active_in_official_export,"適應症:神經痛、筋肉痛、關節痛、肩痛、打撲傷、跌打傷、扭挫傷、消炎、鎮痛。
效能:","處方:每片(5.5g)中含有:
威靈仙 (165.0 mg)
木鼈子 (82.5 mg)
蓖麻子 (275.0 mg)
沒藥 (110.0 mg)
乳香 (110.0 mg)
薄荷腦 (275.0 mg)
松脂 (1100.0 mg)
黃蠟 (165.0 mg)
氧化鋅 (220.0 mg)
冬綠油 (110.0 mg)
活性炭 (220.0 mg)
麻油加至5.5g ( )",https://service.mohw.gov.tw/DOCMAP/CusSite/TCMLQueryForm.aspx
衛署成製字第011918號,“愛生”神效寧膏藥膠布(加味太乙膏加減味),"Shem Shiaw Ning Gau Yaw Jiau Bu ""L.L.""",中藥外用貼布,False,藥膠布劑,成藥,active_in_official_export,"適應症:風濕痛、筋骨痠痛、跌傷、撲傷。
效能:","處方:每公克中含有: 
白芷 (14 mg)
當歸 (14 mg)
赤芍 (14 mg)
玄參 (14 mg)
肉桂 (14 mg)
大黃 (14 mg)
阿魏 (2 mg)
沒藥 (2 mg)
木鼈子 (14 mg)
生地黃 (14 mg)
血餘 (7 mg)
乳香 (4 mg)
樹脂 (250 mg)
橡膠 (400 mg)
氧化鋅 (30 mg)
冬綠油 (30 mg)
玫瑰香料 (2 mg)
薄荷腦 (15 mg)
三氧化二鐵 ( q.s.)
食用黃色4號 ( q.s.)
麻油加至1g ( )",https://service.mohw.gov.tw/DOCMAP/CusSite/TCMLQueryForm.aspx
衛署成製字第012042號,“愛生”行血本草膏藥膠布,"Shyng Shie Been Tsao Gau Yaw Jiau Bu ""L.L.""",中藥外用貼布,False,藥膠布劑,成藥,active_in_official_export,"適應症:跌撲損傷、手足肩背及寒濕疼痛之敷貼。
效能:","處方:每公克中含有:
威靈仙 (30 mg)
木鼈子 (15 mg)
蓖麻子 (50 mg)
沒藥 (20 mg)
乳香 (20 mg)
松脂 (20 mg)
黃蠟 (30 mg)
樹脂 (200 mg)
氧化鋅 (50 mg)
薄荷腦 (40 mg)
冬綠油 (10 mg)
玫瑰香料 (2 mg)
食用黃色4號 ( q.s.)
食用藍色2號 ( q.s.)
麻油加至 (1 g)",https://service.mohw.gov.tw/DOCMAP/CusSite/TCMLQueryForm.aspx
衛署成製字第012165號,“八仙”八仙免痛萬應膏藥膠布(混元膏加減味去麝香),"Ba Shian Mean Tong Wan Ying Gau Plaster ""Ba Shian"" (HUN YUAN KAO JIA JIAN WEY QU SHE XIANG)",中藥外用貼布,False,藥膠布劑,成藥,active_in_official_export,"適應症:打撲損傷、消腫止痛。
效能:","處方:每公克中含有:
沒藥 (30 mg)
白及 (30 mg)
漏蘆 (30 mg)
紅花 (30 mg)
升麻 (30 mg)
白蘞 (30 mg)
大黃 (30 mg)
生梔子 (30 mg)
甘草 (30 mg)
蘆薈 (40 mg)
青黛 (30 mg)
樹脂 (150 mg)
薄荷腦 (60 mg)
氧化鋅 (60 mg)
冬綠油 (20 mg)
食用藍色2號 ( q.s.)
食用黃色4號 ( q.s.)
麻油加至 (1 g)",https://service.mohw.gov.tw/DOCMAP/CusSite/TCMLQueryForm.aspx
衛署成製字第012278號,”愛生”寶筋柔藥膠布(萬應膏加減味),,中藥外用貼布,False,藥膠布劑,成藥,active_in_official_export,"適應症:風濕遍身痠痛、筋骨痠痛。
效能:","處方:每公克中含有:
川烏 (30 mg)
草烏 (30 mg)
生地黃 (30 mg)
白蘞 (30 mg)
白及 (30 mg)
官桂 (30 mg)
白芷 (30 mg)
大黃 (30 mg)
當歸 (30 mg)
赤芍 (30 mg)
羌活 (30 mg)
苦參 (30 mg)
木鼈子 (30 mg)
甘草 (30 mg)
獨活 (30 mg)
玄參 (30 mg)
柳枝 (30 mg)
松香 (20 mg)
烏藥 (30 mg)
牛皮膠 (30 mg)
樹脂 (100 mg)
氧化鋅 (30 mg)
薄荷腦 (20 mg)
冬綠油 (5 mg)
食用黃色四號 (4 mg)
食用藍色二號 (2 mg)
麻油加至 (1 g)",https://service.mohw.gov.tw/DOCMAP/CusSite/TCMLQueryForm.aspx
衛署成製字第012533號,“愛生”辣椒膏藥膠布,"La Chiao Gau Yaw Jiau Bu ""L.L.""",中藥外用貼布,False,藥膠布劑,成藥,active_in_official_export,"適應症:風濕痛、腰痠背痛、肌肉痛。
效能:","處方:每公克中含有:
辣椒 (30 mg)
沙拉油 (150 mg)
白蠟 (160 mg)
氧化鋅 (30 mg)
蜂蠟 (30 mg)
樹脂 (600 mg)",https://service.mohw.gov.tw/DOCMAP/CusSite/TCMLQueryForm.aspx
衛署成製字第012969號,“生春”萬靈膏藥膠布(加減味),"WAN LING KAO PLASTER ""SHENG CHUN""",中藥外用貼布,False,藥膠布劑,成藥,active_in_official_export,"適應症:消瘀、舒筋、活血、止痛、跌打損傷。
效能:","處方:每公克中含有:
骨碎補 (20 mg)
透骨草 (20 mg)
當歸 (20 mg)
紅花 (20 mg)
自然銅 (20 mg)
血竭 (20 mg)
沒藥 (20 mg)
川芎 (16 mg)
赤芍 (40 mg)
川牛膝 (10 mg)
五加皮 (10 mg)
石菖蒲 (10 mg)
蒼朮 (10 mg)
木香 (6 mg)
秦艽 (6 mg)
蛇床子 (6 mg)
肉桂 (6 mg)
附子 (6 mg)
半夏 (6 mg)
石斛 (6 mg)
萆薢 (6 mg)
鹿茸 (6 mg)
薄荷 (50 mg)
樹脂 (200 mg)
氧化鋅 (30 mg)
薄荷腦 (40 mg)
冬綠油 (9 mg)
食用黃色4號 ( q.s.)
食用藍色2號 ( q.s.)
麻油加至1g ( )",https://service.mohw.gov.tw/DOCMAP/CusSite/TCMLQueryForm.aspx
衛署成製字第014320號,正光辣椒膏藥膠布(太乙膏加味),C.K.Capsicum Plaster(TAI YI KAO JAI WEY),中藥外用貼布,False,藥膠布劑,成藥,active_in_official_export,"適應症:風濕痛、筋骨痠痛、關節痛、腰痠背痛。
效能:","處方:每公克中含有:
白芷 (50.0 mg)
辣椒 (12.5 mg)
當歸 (50.0 mg)
赤芍 (50.0 mg)
玄參 (50.0 mg)
柳枝 (25.0 mg)
槐枝 (25.0 mg)
肉桂 (50.0 mg)
沒藥 (7.5 mg)
大黃 (50.0 mg)
木鼈子 (50.0 mg)
生地黃 (50.0 mg)
阿魏 (7.5 mg)
乳香 (12.5 mg)
血餘 (25.0 mg)
川烏 (25.0 mg)
草烏 (25.0 mg)
松香 (25.0 mg)
薄荷腦 (50.0 mg)
樹脂 (260.0 mg)
氧化鋅 (30.0 mg)
食用紅色七號鋁麗基 ( q.s.)
食用黃色四號鋁麗基 ( q.s.)
食用藍色一號鋁麗基 ( q.s.)
麻油加至1g ( )",https://service.mohw.gov.tw/DOCMAP/CusSite/TCMLQueryForm.aspx
衛署成製字第014344號,“國品”金絲萬應膏藥膠布(加減味),CHIN SZU WAN YING KAO PLASTER“GP”(Jia Jian Wei),中藥外用貼布,False,藥膠布劑,成藥,active_in_official_export,"適應症:跌打損傷、手足肩背及寒濕疼痛。
效能:","處方:每公克中含有:
威靈仙 (37.5 mg)
黃蠟 (37.5 mg)
木鼈子 (18.75 mg)
蓖麻子 (62.5 mg)
沒藥 (25.0 mg)
乳香 (25.0 mg)
薄荷腦 (62.5 mg)
松脂 (250.0 mg)
氧化鋅 (50.0 mg)
冬綠油 (12.5 mg)
食用黃色四號 (0.455 mg)
鹽酸二苯安明 (5.0 mg)
二丁基羥基甲苯 (3.0 mg)
麻油加至1g ( )",https://service.mohw.gov.tw/DOCMAP/CusSite/TCMLQueryForm.aspx
衛署成製字第014463號,〝輝陽〞正宗行血青草膏藥膠布(太乙膏加減味),Jeng Tzong Shyng Shiee Ching Tsao Gau Plaster〝H.Y〞(Tay Yii Gau Jia Jean Wey),中藥外用貼布,False,藥膠布劑,成藥,active_in_official_export,"適應症:風濕痛、筋骨痠痛、跌傷、打撲傷。
效能:","處方:每公克中含有:
白芷 (13 mg)
當歸 (13 mg)
赤芍 (13 mg)
元參 (13 mg)
肉桂 (13 mg)
大黃 (13 mg)
阿魏 (2 mg)
木鼈子 (13 mg)
生地黃 (13 mg)
柳枝 (27 mg)
獨活 (27 mg)
血餘 (7 mg)
沒藥 (2 mg)
乳香 (3 mg)
牛皮膠 (30 mg)
薄荷 (3 mg)
薄荷腦 (25 mg)
冬綠油 (10 mg)
氧化鋅 (30 mg)
冰片 (10 mg)
樹脂 (600 mg)
食用黃色4號 ( q.s.)
食用藍色2號 ( q.s.)
麻油加至1g ( )",https://service.mohw.gov.tw/DOCMAP/CusSite/TCMLQueryForm.aspx
衛署成製字第014537號,〝順安〞珍好用貼布藥膠布(金絲膏加減味),〝Shuenn-An〞Zhen Hao Yong Tie Bu Yao Jiao Bu(Jin Si Gao Jia Jian Wei),中藥外用貼布,False,藥膠布劑,成藥,active_in_official_export,"適應症:跌撲損傷、手足肩背及寒濕、腳氣疼痛之敷貼。
效能:","處方:每公克中含有:
當歸尾 (10 mg)
白芷 (10 mg)
杏仁 (10 mg)
玄參 (10 mg)
豬牙皂角 (10 mg)
草烏 (10 mg)
連鬚葉蔥 (31 mg)
白膠香 (248 mg)
松脂 (248 mg)
乳香 (17 mg)
沒藥 (17 mg)
黃臘 (31 mg)
氧化鋅 (60 mg)
冬綠油 (20 mg)
薄荷腦 (60 mg)
白色色素 (5 mg)
清油加至1g ( )",https://service.mohw.gov.tw/DOCMAP/CusSite/TCMLQueryForm.aspx
衛署成製字第014966號,“輝陽”金絲膏藥膠布(加減味),Jin Sy Gau Plaster〝H.Y〞(Jia Jean Wey),中藥外用貼布,False,藥膠布劑,成藥,active_in_official_export,"適應症:跌撲損傷、手足肩背及寒濕、腳氣疼痛之敷貼。
效能:","處方:每公克中含有:
當歸尾 (10 mg)
白芷 (10 mg)
杏仁 (10 mg)
玄參 (10 mg)
豬牙皂角 (10 mg)
草烏 (10 mg)
白膠香 (200 mg)
連鬚葉蔥 (31 mg)
松脂 (200 mg)
乳香 (17 mg)
沒藥 (17 mg)
薄荷腦 (30 mg)
冰片 (10 mg)
冬綠油 (10 mg)
氧化鋅 (30 mg)
樹脂 (200 mg)
食用紅色6號 ( q.s.)
麻油加至1g ( )",https://service.mohw.gov.tw/DOCMAP/CusSite/TCMLQueryForm.aspx
衛署成製字第015019號,“華陀”華陀觀音通脈膏藥膠布(金絲萬應膏加減味),"""Hua To"" HUA TO GUAN YIN TONG MAI GAN YAO GIAO BU (JIN SI WAN YING GAO JIA JIAN WEI)",中藥外用貼布,False,藥膠布劑,成藥,active_in_official_export,"適應症:跌撲損傷、手足肩背及寒濕腳氣疼痛之敷貼。
效能:","處方:每公克中含有:
瀝青 (600 mg)
威靈仙 (37.5 mg)
黃蠟 (37.5 mg)
木鼈子 (12.5 mg)
蓖麻子 (50 mg)
沒藥 (18.75 mg)
乳香 (18.75 mg)
麻油 (75 mg)
薄荷 (150 mg)",https://service.mohw.gov.tw/DOCMAP/CusSite/TCMLQueryForm.aspx
衛署成製字第015661號,“順安”涼爽貼白芷酸痛藥膠布(金絲膏加減味),,中藥外用貼布,False,藥膠布劑,成藥,active_in_official_export,"適應症:跌撲損傷、手足肩背及寒濕、腳氣疼痛之敷貼。
效能:","處方:每公克中含有:
當歸尾 (10 mg)
白芷 (10 mg)
杏仁 (10 mg)
玄參 (10 mg)
豬牙皂角 (10 mg)
草烏 (10 mg)
白膠香 (200 mg)
連鬚葉蔥 (31 mg)
松脂 (200 mg)
乳香 (17 mg)
沒藥 (17 mg)
黃蠟 (31 mg)
薄荷腦 (11 mg)
樹脂 (100 mg)
氧化鋅 (30 mg)
冬綠油 (5 mg)
冰片 (10 mg)
玫瑰香料 (2 mg)
清油加至1g ( )",https://service.mohw.gov.tw/DOCMAP/CusSite/TCMLQueryForm.aspx
衛署成製字第016061號,“九龍穴”九龍穴輕鬆貼藥膠布(金絲膏加減味),,中藥外用貼布,False,藥膠布劑,成藥,active_in_official_export,"適應症:跌撲損傷、手足肩背及寒濕、腳氣疼痛之敷貼。
效能:","處方:每公克中含有:
當歸尾 (10 mg)
白芷 (10 mg)
杏仁 (10 mg)
玄參 (10 mg)
豬牙皂角 (10 mg)
草烏 (10 mg)
白膠香 (200 mg)
連鬚葉蔥 (31 mg)
松脂 (200 mg)
乳香 (17 mg)
沒藥 (17 mg)
薄荷腦 (30 mg)
冰片 (10 mg)
冬綠油 (10 mg)
氧化鋅 (30 mg)
樹脂 (200 mg)
食用紅色六號 ( q.s.)
麻油加至1g ( )",https://service.mohw.gov.tw/DOCMAP/CusSite/TCMLQueryForm.aspx
衛署成製字第016307號,“浯一洲根”通好貼藥膠布(金絲膏加減味),,中藥外用貼布,False,藥膠布劑,成藥,active_in_official_export,"適應症:跌撲損傷、手足肩背及寒濕、腳氣疼痛之敷貼。
效能:","處方:每公克中含有:
當歸 (10 mg)
白芷 (10 mg)
杏仁 (10 mg)
玄參 (10 mg)
豬牙皂角 (10 mg)
草烏 (10 mg)
白膠香 (267 mg)
連鬚葉蔥 (17 mg)
松脂 (267 mg)
乳香 (17 mg)
沒藥 (17 mg)
黃蠟 (34 mg)
薄荷腦 (11 mg)
樹脂 (100 mg)
氧化鋅 (30 mg)
冬綠油 (5 mg)
食用黃色4號 (2 mg)
清油加至1g ( )",https://service.mohw.gov.tw/DOCMAP/CusSite/TCMLQueryForm.aspx
衛部成製字第016613號,“科林頓”艾生青草膏藥膠布(金絲膏加減味),,中藥外用貼布,False,藥膠布劑,成藥,active_in_official_export,"適應症:跌撲損傷、手足肩背及寒濕、腳氣疼痛之敷貼。
效能:","處方:每公克中含有:
當歸尾 (11 mg)
白芷 (11 mg)
杏仁 (11 mg)
玄參 (11 mg)
豬牙皂角 (11 mg)
草烏 (11 mg)
白膠香 (248 mg)
連鬚葉蔥 (30 mg)
樹脂 (248 mg)
乳香 (17 mg)
沒藥 (17 mg)
黃蠟 (30 mg)
薄荷 (96 mg)
薄荷腦 (15 mg)
冰片 (15 mg)
冬綠油 (10 mg)
氧化鋅 (10 mg)
抗氧化劑(BHT) (1 mg)
食用黃色4號 (0.3 mg)
食用藍色2號 (0.3 mg)
麻油加至 (1 g)",https://service.mohw.gov.tw/DOCMAP/CusSite/TCMLQueryForm.aspx
衛部成製字第017032號,”得生”行血萬應膏(金絲萬應膏加減味去麝香),"Hsing Hsieh Wan Ying Kao ""T.S.""",中藥外用貼布,False,藥膠布劑,成藥,active_in_official_export,"適應症:跌撲損傷、手足肩背及寒濕疼痛之敷貼。
效能:","處方:每公克中含有:
威靈仙 (30 mg)
木鼈子 (15 mg)
蓖麻子 (50 mg)
沒藥 (20 mg)
乳香 (20 mg)
田七 (30 mg)
氧化鋅 (40 mg)
薄荷腦 (30 mg)
冬綠油 (10 mg)
橡膠 (635 mg)
羊毛脂 (50 mg)
白蠟油 (16.7 mg)
二氧化矽 (26.6 mg)
氫氯酸鋁 (10 mg)
碳酸鈣 (16.7 mg)
食用紅色四十號 ( q.s.)",https://service.mohw.gov.tw/DOCMAP/CusSite/TCMLQueryForm.aspx
衛部成製字第017085號,一條根行血金絲膏,Yi Tiao Gen Shyng Shiee Jin Sy Gau,中藥外用貼布,False,藥膠布劑,成藥,active_in_official_export,"適應症:
效能:","處方:每公克中含有: 
一條根(大葉千斤拔) (30 mg)
當歸尾 (10 mg)
白芷 (10 mg)
杏仁 (10 mg)
玄參 (10 mg)
豬牙皂角 (10 mg)
白膠香 (240 mg)
連鬚葉蔥 (30 mg)
松脂 (240 mg)
膠質沒藥 (15 mg)
乳香 (15 mg)
黃蠟 (30 mg)
薄荷腦 (50 mg)
氧化鋅 (30 mg)
活性碳 (40 mg)
樹脂 (50 mg)
冬綠油 (5 mg)
麻油加至1g ( )",https://service.mohw.gov.tw/DOCMAP/CusSite/TCMLQueryForm.aspx
衛部成製字第017097號,“三帆”唐匠舒緩藥膠布(金絲萬應膏加減味),"""S.F."" DM Relief Herbal Plaster (jin si wan ying gao jia jian wei)",中藥外用貼布,False,藥膠布劑,成藥,active_in_official_export,"適應症:跌撲損傷、手足肩背及寒濕疼痛之敷貼。
效能:","處方:每公克中含有: 
威靈仙 (30 mg)
木鼈子 (15 mg)
蓖麻子 (50 mg)
膠質沒藥 (20 mg)
乳香 (20 mg)
三七 (30 mg)
薄荷腦 (30 mg)
冬綠油 (10 mg)
冰片 (10 mg)
氧化鋅 (30 mg)
松香 (500 mg)
食用藍色二號 (4 mg)
食用黃色四號 (4 mg)
麻油加至1g ( )",https://service.mohw.gov.tw/DOCMAP/CusSite/TCMLQueryForm.aspx
衛署成製字第009961號,“得生”治痛活血膏藥膠布(萬應膏加減味),"Jyh Tong Huo Hsieh Kao Plaster ""T.S."" (Wan Ying Kao Chia Chien Wei)",中藥外用貼布,False,藥膠布劑,成藥,active_in_official_export,"適應症:風濕遍身痠痛、筋骨痠痛。
效能:","處方:每公克中含有: 
川烏 (30 mg)
草烏 (30 mg)
生地黃 (30 mg)
白蘞 (30 mg)
白及 (30 mg)
肉桂 (30 mg)
白芷 (30 mg)
當歸 (30 mg)
赤芍 (30 mg)
羌活 (30 mg)
苦參 (30 mg)
木鼈子 (30 mg)
烏藥 (30 mg)
甘草 (30 mg)
獨活 (30 mg)
玄參 (30 mg)
大黃 (30 mg)
柳枝 (30 mg)
橡膠 (60 mg)
樹脂 (100 mg)
冬綠油 (5 mg)
薄荷腦 (30 mg)
氧化鋅 (30 mg)
食用黃色四號 ( q.s.)
食用藍色二號 ( q.s.)
麻油加至1g ( )",https://service.mohw.gov.tw/DOCMAP/CusSite/TCMLQueryForm.aspx
衛署成製字第011640號,“神貼”辣滅止痛藥膠布,"Lah Mieh Jyy Tong Balm ""Shern Tie""",中藥外用貼布,False,藥膠布劑,成藥,active_in_official_export,"適應症:風濕痛、腰酸背痛、肌肉痛。
效能:","處方:每公克中含有: 
辣椒 (30 mg)
天然樹脂 (600 mg)
氧化鋅 (30 mg)
白臘 (160 mg)
沙拉油 (150 mg)
蜂臘 (30 mg)",https://service.mohw.gov.tw/DOCMAP/CusSite/TCMLQueryForm.aspx
衛署成製字第012082號,“南美”康痛藥膠布(萬金膏加減味),"Kan Ton Plaster ""N.M.""",中藥外用貼布,False,藥膠布劑,成藥,active_in_official_export,"適應症:癰疽發背、瘡癤、打撲損傷之敷貼。
效能:","處方:每公克中含有:
龍骨 (10 mg)
鱉甲 (10 mg)
苦參 (10 mg)
烏賊骨 (10 mg)
黃柏 (10 mg)
黃芩 (10 mg)
黃連 (10 mg)
皂莢 (10 mg)
白及 (10 mg)
白蘞 (10 mg)
厚朴 (10 mg)
木鼈子 (10 mg)
草烏 (10 mg)
川芎 (10 mg)
當歸 (10 mg)
白芷 (10 mg)
沒藥 (10 mg)
乳香 (10 mg)
槐枝 (10 mg)
柳枝 (10 mg)
樹脂 (200 mg)
氧化鋅 (30 mg)
冬綠油 (10 mg)
冰片 (20 mg)
薄荷腦 (30 mg)
食用藍色2號 ( q.s.)
食用黃色4號 ( q.s.)
麻油加至 (1 g)",https://service.mohw.gov.tw/DOCMAP/CusSite/TCMLQueryForm.aspx
衛署成製字第012350號,”仙鹿”火龍膏藥膠布(加味),,中藥外用貼布,False,藥膠布劑,成藥,active_in_official_export,"適應症:風寒暑濕侵襲、筋攣骨痛。
效能:","處方:每公克中含有:
牛皮膠 (144 mg)
乳香 (35 mg)
沒藥 (35 mg)
松香 (30 mg)
生薑汁 (560 mg)
薄荷腦 (30 mg)
樹脂 (125 mg)
氧化鋅 (30 mg)
冬綠油 (8 mg)
食用黃色4號 (2 mg)
食用藍色2號 (1 mg)",https://service.mohw.gov.tw/DOCMAP/CusSite/TCMLQueryForm.aspx
衛署成製字第012522號,“三帆”三帆青草藥膠布(萬應膏加減味),"Three Mast Ching Taso Balm ""S.F.""",中藥外用貼布,False,藥膠布劑,成藥,active_in_official_export,"適應症:風濕遍身痠痛、筋骨痠痛。
效能:","處方:每公克中含有:
川烏 (30 mg)
草烏 (30 mg)
生地黃 (30 mg)
白蘞 (30 mg)
白及 (30 mg)
官桂 (30 mg)
白芷 (30 mg)
當歸 (30 mg)
赤芍 (30 mg)
羌活 (30 mg)
苦參 (30 mg)
土木鼈 (30 mg)
烏藥 (30 mg)
甘草 (30 mg)
獨活 (30 mg)
玄參 (30 mg)
大黃 (30 mg)
柳枝 (30 mg)
橡膠 (60 mg)
樹脂 (100 mg)
冬綠油 (5 mg)
薄荷腦 (30 mg)
氧化鋅 (30 mg)
食用藍色二號q.s ( )
食用黃色五號q.s ( )
麻油加至1.0g ( )",https://service.mohw.gov.tw/DOCMAP/CusSite/TCMLQueryForm.aspx
衛署成製字第013474號,“中美”貼卡爽水性酸痛藥膠布(金絲膏加減味),DAKASON ACHE PLASTER“C.M”,中藥外用貼布,False,藥膠布劑,成藥,active_in_official_export,"適應症:跌撲損傷、寒濕及手足肩背疼痛之敷貼。
效能:","處方:每公克中含有:
當歸 (11.25 mg)
川白芷 (11.25 mg)
杏仁 (11.25 mg)
玄參 (11.25 mg)
豬牙皂角 (11.25 mg)
草烏 (11.25 mg)
連鬚葉葱 (30.0 mg)
乳香 (18.75 mg)
沒藥 (18.75 mg)
麻油 (90.0 mg)
冬綠油 (10.0 mg)
薄荷腦 (20.0 mg)
白色色素 (5.0 mg)
羥苯甲酸甲酯 (1.8 mg)
羥苯甲酸丙酯 (0.2 mg)
樹脂(水性基劑)加至1g (1.0 g)",https://service.mohw.gov.tw/DOCMAP/CusSite/TCMLQueryForm.aspx
衛署成製字第014302號,“德山”投筋行血藥膠布(金絲萬應膏加減味),Tou Jin Shinhg Shie Gau“DERSAN”,中藥外用貼布,False,藥膠布劑,成藥,active_in_official_export,"適應症:跌打損傷、手足肩背寒濕疼痛之敷貼。
效能:","處方:每公克中含有:
威靈仙 (30 mg)
黃蠟 (30 mg)
木鼈子 (15 mg)
蓖麻子 (50 mg)
沒藥 (20 mg)
乳香 (20 mg)
薄荷腦 (50 mg)
松脂 (200 mg)
氧化鋅 (40 mg)
冬綠油 (10 mg)
食用藍色2號 (0.05 mg)
食用黃色4號 (0.364 mg)
麻油加至1g ( )",https://service.mohw.gov.tw/DOCMAP/CusSite/TCMLQueryForm.aspx
衛署成製字第015199號,“東發”仁昕水性藥膠布,,中藥外用貼布,False,藥膠布劑,成藥,active_in_official_export,"適應症:筋肉疼痛、跌打損傷、手足肩背及寒濕疼痛之敷貼。

效能:","處方:每公克中含有:
防風 (1.1 mg)
艾草 (1.1 mg)
牡丹皮 (1.1 mg)
鶴虱 (1.1 mg)
升麻 (1.1 mg)
苦參 (2.2 mg)
鐵線透骨草 (2.2 mg)
赤芍 (2.2 mg)
川椒 (1.1 mg)
甘草 (1.1 mg)
金不換 (1.1 mg)
三七 (1.1 mg)
薄荷腦 (78.1 mg)
冬綠油 (30.2 mg)
黏膠基劑 (710.0 mg)
對羥苯甲酸甲酯 (1.8 mg)
對羥苯甲酸丙酯 (0.2 mg)",https://service.mohw.gov.tw/DOCMAP/CusSite/TCMLQueryForm.aspx
衛署成製字第015270號,“正光”熱熱辣椒膏藥膠布,“C.K”Re re la jiao kao Plaster,中藥外用貼布,False,藥膠布劑,成藥,active_in_official_export,"適應症:風濕痛、腰痠背痛、肌肉痛。
效能:","處方:每公克中含有:
辣椒 (30 mg)
沙拉油 (150 mg)
白蠟 (150 mg)
氧化鋅 (30 mg)
蜂蠟 (30 mg)
凡士林 (10 mg)
樹脂 (600 mg)",https://service.mohw.gov.tw/DOCMAP/CusSite/TCMLQueryForm.aspx
衛署成製字第015597號,“佛像”太乙膏藥膠布(加減味),,中藥外用貼布,False,藥膠布劑,成藥,active_in_official_export,"適應症:跌打損傷、風濕遍身痠痛、筋骨酸痛、關節痛。
效能:","處方:每公克中含有:
白芷 (14 mg)
當歸 (14 mg)
赤芍 (14 mg)
玄參 (14 mg)
肉桂 (14 mg)
大黃 (14 mg)
阿魏 (2 mg)
沒藥 (2 mg)
木鼈子 (14 mg)
生地黃 (14 mg)
血餘 (7 mg)
乳香 (4 mg)
樹脂 (500 mg)
薄荷腦 (50 mg)
氧化鋅 (30 mg)
冬綠油 (5 mg)
抗氧化劑(BHT) (3 mg)
綠色3號鋁麗基 (3 mg)
麻油加至1g ( )",https://service.mohw.gov.tw/DOCMAP/CusSite/TCMLQueryForm.aspx
衛署成製字第015624號,“金牌一條根生物科技”龍龍好藥膠布(火龍膏加味),long long hao yao jiao bu(huo long gao jia wei)“J.P”,中藥外用貼布,False,藥膠布劑,成藥,active_in_official_export,"適應症:風寒暑濕侵襲、筋攣骨痛。
效能:","處方:每公克中含有:
生薑汁 (560 mg)
牛皮膠 (140 mg)
乳香 (35 mg)
沒藥 (35 mg)
薄荷腦 (30 mg)
樹脂 (130 mg)
氧化鋅 (30 mg)
冬綠油 (8 mg)
冰片 (30 mg)
玫瑰香料 (2 mg)",https://service.mohw.gov.tw/DOCMAP/CusSite/TCMLQueryForm.aspx
衛署成製字第015695號,“順安”金絲萬應膏藥膠布(加味),,中藥外用貼布,False,藥膠布劑,成藥,active_in_official_export,"適應症:跌撲損傷、手足肩背及寒濕疼痛之敷貼。
效能:","處方:每公克中含有:
威靈仙 (37.5 mg)
黃蠟 (37.5 mg)
木鼈子 (12.0 mg)
蓖麻子 (60.0 mg)
沒藥 (18.75 mg)
乳香 (18.75 mg)
樹脂 (200.0 mg)
氧化鋅 (30.0 mg)
冬綠油 (5.0 mg)
薄荷腦 (30.0 mg)
活性碳 (2.0 mg)
麻油加至 (1 g)",https://service.mohw.gov.tw/DOCMAP/CusSite/TCMLQueryForm.aspx
衛署成製字第016083號,“華陀”筋力消酸痛藥膠布(金絲膏加減味),“H.T”JIN LI SIAO SUAN TONG PLASTER(JIN SIH GAO JIA JIAN WEI),中藥外用貼布,False,藥膠布劑,成藥,active_in_official_export,"適應症:跌撲損傷、手足肩背及寒濕、腳氣疼痛之敷貼。
效能:","處方:每公克中含有:
當歸尾 (11 mg)
川白芷 (11 mg)
杏仁 (11 mg)
玄參 (11 mg)
豬牙皂角 (11 mg)
草烏 (11 mg)
白膠香 (250 mg)
蓮鬚葉蔥 (30 mg)
乳香 (19 mg)
沒藥 (19 mg)
薄荷腦 (20 mg)
樹脂 (370 mg)
氧化鋅 (30 mg)
冬綠油 (5 mg)
冰片 (20 mg)
食用藍色2號 ( q.s.)
食用黃色4號 ( q.s.)
麻油加至1g ( )",https://service.mohw.gov.tw/DOCMAP/CusSite/TCMLQueryForm.aspx
衛部成製字第016535號,青龍膏,Blue Dragon Paste,中藥外用貼布,False,藥膠布劑,成藥,active_in_official_export,"適應症:消瘀、舒筋、活血、消腫、止痛、跌打、風濕關節痛。
效能:","處方:每公克中含有:
白芷 (14 mg)
沒藥 (2 mg)
赤芍 (14 mg)
薄荷 (150 mg)
肉桂 (14 mg)
乳香 (4 mg)
大黃 (14 mg)
當歸 (14 mg)
生地黃 (14 mg)
玄參 (14 mg)
樹脂 (300 mg)
麻油加至 (1 g)",https://service.mohw.gov.tw/DOCMAP/CusSite/TCMLQueryForm.aspx
衛署成製字第006302號,“東發”治痛膏藥膠布(萬應膏加減味去穿山甲),Jyh Tong Plaster,中藥外用貼布,False,藥膠布劑,成藥,active_in_official_export,"適應症:風濕遍身疼痛、筋骨痠痛、關節痛、扭傷、閃傷、行瘀活血。
效能:","處方:每公克中含有: 
川烏 (30 mg)
草烏 (30 mg)
生地黃 (30 mg)
白蘞 (30 mg)
白及 (30 mg)
玄參 (30 mg)
白芷 (30 mg)
當歸 (30 mg)
赤芍 (30 mg)
羌活 (30 mg)
木鼈子 (30 mg)
烏藥 (30 mg)
甘草 (30 mg)
獨活 (30 mg)
苦參 (30 mg)
大黃 (30 mg)
氧化鋅 (30 mg)
薄荷腦 (20 mg)
冬綠油 (10 mg)
樹脂 (350 mg)
麻油加至1g ( )",https://service.mohw.gov.tw/DOCMAP/CusSite/TCMLQueryForm.aspx
衛署成製字第006398號,“東發”透骨濕痛膏藥膠布(金絲萬應膏加味),"Tow Guu Shy Tong Kao Plaster ""Tung Fa"" (Jing Si Wuan Ying Gao Jia Wei)",中藥外用貼布,False,藥膠布劑,成藥,active_in_official_export,"適應症:跌打損傷、手足腰背及寒濕疼痛之敷貼。
效能:","處方:每公克中含有:
威靈仙 (30 mg)
黃蠟 (30 mg)
木鼈子 (15 mg)
蓖麻子 (50 mg)
沒藥 (20 mg)
乳香 (20 mg)
樹脂 (200 mg)
薄荷腦 (50 mg)
氧化鋅 (40 mg)
冬綠油 (10 mg)
食用黃色5號 ( q.s.)
食用藍色2號 ( q.s.)
麻油加至 (1 g)",https://service.mohw.gov.tw/DOCMAP/CusSite/TCMLQueryForm.aspx
衛署成製字第007116號,“得生”痠痛無敵膏(混元膏加減味去麝香),"SUAN TONG WU DIH KAO ""T.S""",中藥外用貼布,False,藥膠布劑,成藥,active_in_official_export,"適應症:打撲損傷、消腫止痛。
效能:","處方:每公克中含有:
沒藥 (30.0 mg)
白及 (30.0 mg)
漏蘆 (30.0 mg)
紅花 (30.0 mg)
升麻 (30.0 mg)
白蘞 (30.0 mg)
大黃 (30.0 mg)
山梔子 (30.0 mg)
甘草 (30.0 mg)
蘆薈 (40.0 mg)
青黛 (30.0 mg)
薄荷腦 (50.0 mg)
冬綠油 (5.0 mg)
氧化鋅 (30.0 mg)
膠 (483.0 mg)
羊毛脂 (38.3 mg)
白蠟油 (12.8 mg)
二氧化矽 (20.4 mg)
氫氯酸鋁 (7.7 mg)
碳酸鈣 (12.8 mg)",https://service.mohw.gov.tw/DOCMAP/CusSite/TCMLQueryForm.aspx
衛署成製字第009041號,“南美”風濕萬應膏藥膠布(金絲萬應膏加味),,中藥外用貼布,False,藥膠布劑,成藥,active_in_official_export,"適應症:跌撲損傷、手足肩背及寒濕疼痛之敷貼。
效能:","處方:每公克中含有:
威靈仙 (37.5 mg)
黃蠟 (37.5 mg)
木鼈子 (12 mg)
蓖麻子 (60 mg)
沒藥 (18.75 mg)
乳香 (18.75 mg)
樹脂 (100 mg)
氧化鋅 (30 mg)
冬綠油 (5 mg)
梅片 (50 mg)
薄荷腦 (30 mg)
食用藍色2號 ( q.s.)
食用黃色4號 ( q.s.)
麻油加至1g ( )",https://service.mohw.gov.tw/DOCMAP/CusSite/TCMLQueryForm.aspx
衛署成製字第009333號,“得生”康適貼驅風痠痛藥布(萬應紫金膏加減味),,中藥外用貼布,False,藥膠布劑,成藥,active_in_official_export,"適應症:手足腰背疼痛、閃挫傷損

效能:","處方:每公克中含有:
赤芍 (20 mg)
當歸 (20 mg)
紅花 (20 mg)
黃芩 (20 mg)
防風 (20 mg)
荊芥 (20 mg)
連翹 (20 mg)
黃蘗 (20 mg)
殭蠶 (20 mg)
白芷 (20 mg)
蟬退 (20 mg)
大黃 (20 mg)
銀花 (20 mg)
川烏 (20 mg)
草烏 (20 mg)
羌活 (20 mg)
蒼朮 (20 mg)
細辛 (20 mg)
川椒 (20 mg)
秦艽 (20 mg)
乳香 (20 mg)
沒藥 (20 mg)
甘草 (20 mg)
骨碎補 (20 mg)
何首烏 (20 mg)
蛇床子 (20 mg)
木鼈子 (20 mg)
大楓子 (20 mg)
生南星 (20 mg)
生半夏 (20 mg)
樹脂 (150 mg)
氧化鋅 (30 mg)
薄荷腦 (50 mg)
冬綠油 (5 mg)
食用黃色4號(Tartrazine) ( q.s.)
食用藍色2號(Indigocarmine) ( q.s.)
麻油加至 (1 g)",https://service.mohw.gov.tw/DOCMAP/CusSite/TCMLQueryForm.aspx
衛署成製字第010087號,“貼利康”金絲膏加減味,"Chin Su Kao Chia Chien Wei ""Teh Li Kon""",中藥外用貼布,False,藥膠布劑,成藥,active_in_official_export,"適應症:跌撲損傷、手足肩背及寒濕、腳氣疼痛之敷貼。
效能:","處方:每公克中含有:
當歸 (10 mg)
白芷 (10 mg)
杏仁 (10 mg)
玄參 (10 mg)
豬牙皂角 (10 mg)
草烏 (10 mg)
白膠香 (267 mg)
連鬚葉蔥 (17 mg)
松脂 (267 mg)
乳香 (17 mg)
沒藥 (17 mg)
黃蠟 (34 mg)
薄荷腦 (11 mg)
樹脂 (100 mg)
氧化鋅 (30 mg)
冬綠油 (5 mg)
食用黃色4號 ( q.s.)
清油加至1g ( )",https://service.mohw.gov.tw/DOCMAP/CusSite/TCMLQueryForm.aspx
衛署成製字第011654號,痛貼貼水性藥膠布(金絲萬應膏加減味),Pain Ez Herbal Hydrogel Plaster (Chin Szu Wan Ying Kao Chia Chien Wei),中藥外用貼布,False,藥膠布劑,成藥,active_in_official_export,"適應症:跌撲損傷、寒濕及手足肩背疼痛之敷貼。
效能:","處方:每公克中含有: 
威靈仙 (30 mg)
黃蠟 (30 mg)
木鼈子 (15 mg)
蓖麻子 (50 mg)
沒藥 (20 mg)
乳香 (20 mg)
三七 (30 mg)
柳枝 (5 mg)
麻油 (255 mg)
薄荷腦 (15 mg)
冬綠油 (7 mg)
食用藍色二號 ( q.s.)
食用黃色四號 ( q.s.)
水性基劑加至1g ( )",https://service.mohw.gov.tw/DOCMAP/CusSite/TCMLQueryForm.aspx
衛署成製字第011725號,“阿桐伯貼得好”熱感痠痛藥膠布,Hot Balm“A.T.B.”,中藥外用貼布,False,藥膠布劑,成藥,active_in_official_export,"適應症:風寒暑濕侵襲、筋攣骨痛。
效能:","處方:每公克中含有:
薑汁 (125 mg)
葱汁 (125 mg)
牙皂 (13 mg)
川椒 (13 mg)
陳皮 (100 mg)
米醋 (90 mg)
乳香 (7 mg)
沒藥 (7 mg)
牛皮膠 (377 mg)
氧化鋅 (38 mg)
冬綠油 (5 mg)
樹脂 (50 mg)
薄荷腦 (50 mg)
食用黃色四號 ( q.s.)
食用黃色五號 ( q.s.)
食用藍色二號 ( q.s.)",https://service.mohw.gov.tw/DOCMAP/CusSite/TCMLQueryForm.aspx
衛署成製字第012019號,“愛生”透骨止風藥膠布(火龍膏加味),"Tow Gu Jy Fung Yaw Jiau Bu ""L.L.""",中藥外用貼布,False,藥膠布劑,成藥,active_in_official_export,"適應症:風寒暑濕侵襲、筋攣骨痛。
效能:","處方:每公克中含有: 
生薑汁 (560 mg)
牛皮膠 (140 mg)
乳香 (35 mg)
沒藥 (35 mg)
薄荷腦 (30 mg)
樹脂 (130 mg)
氧化鋅 (30 mg)
冬綠油 (8 mg)
冰片 (30 mg)
玫瑰香料 (2 mg)",https://service.mohw.gov.tw/DOCMAP/CusSite/TCMLQueryForm.aspx
衛署成製字第012020號,”愛生”行血滅痛膏藥膠布(金絲萬應膏加減味),"Shyng Shie Mieh Ton Gau Yaw Jiau Bu ""L.L.""",中藥外用貼布,False,藥膠布劑,成藥,active_in_official_export,"適應症:跌撲損傷、手足肩背及寒濕疼痛之敷貼。
效能:","處方:每公克中含有: 
威靈仙 (30 mg)
木鼈子 (15 mg)
蓖麻子 (50 mg)
沒藥 (20 mg)
乳香 (20 mg)
田七 (30 mg)
黃蠟 (30 mg)
橡膠 (30 mg)
樹脂 (250 mg)
氧化鋅 (40 mg)
薄荷腦 (30 mg)
冬綠油 (10 mg)
三氧化二鐵 ( q.s.)
食用黃色4號 ( q.s.)
麻油加至 (1 g)",https://service.mohw.gov.tw/DOCMAP/CusSite/TCMLQueryForm.aspx
衛署成製字第012131號,”愛生”止痛膏藥膠布(萬金膏加減味),"Jy Ton Gau Yaw Jiau Bu ""L.L.""",中藥外用貼布,False,藥膠布劑,成藥,active_in_official_export,"適應症:癰疽發背、打撲傷之敷貼。
效能:","處方:每公克中含有:
龍骨 (12 mg)
鱉甲 (12 mg)
苦參 (12 mg)
烏賊骨 (12 mg)
黃柏 (12 mg)
黃芩 (12 mg)
黃連 (12 mg)
皂角 (12 mg)
白及 (12 mg)
白蘞 (12 mg)
厚朴 (12 mg)
木鼈子 (12 mg)
草烏 (12 mg)
川芎 (12 mg)
當歸 (12 mg)
白芷 (12 mg)
沒藥 (12 mg)
乳香 (12 mg)
槐枝 (12 mg)
柳枝 (12 mg)
樹脂 (200 mg)
冬綠油 (20 mg)
薄荷腦 (30 mg)
冰片 (15 mg)
氧化鋅 (30 mg)
淨香油加至 (1 g)",https://service.mohw.gov.tw/DOCMAP/CusSite/TCMLQueryForm.aspx
衛部成製字第012214A   號,舒痛寧水性藥膠布(金絲膏加減味),"""Suh Tong Ning"" Aqueous Balm (jin si gao jia jian wei)",中藥外用貼布,False,藥膠布劑,成藥,active_in_official_export,"適應症:跌撲損傷、手足肩背疼痛之敷貼。
效能:","處方:每公克中含有: 
當歸 (11.25 mg)
白芷 (11.25 mg)
杏仁 (11.25 mg)
玄參 (11.25 mg)
豬牙皂 (11.25 mg)
連鬚葉蔥 (30.00 mg)
乳香 (18.75 mg)
沒藥 (18.75 mg)
薄荷腦 (20.00 mg)
白色色素 (5.00 mg)
羥苯甲酸甲酯 (1.80 mg)
羥苯甲酸丙酯 (0.20 mg)
樹脂(水性基劑) (883.05 mg)
麻油加至1g ( )",https://service.mohw.gov.tw/DOCMAP/CusSite/TCMLQueryForm.aspx
衛署成製字第013332號,“六尺四”貼筋骨酸痛青草膏(萬應膏加減味去穿山甲),,中藥外用貼布,False,藥膠布劑,成藥,active_in_official_export,"適應症:風濕、筋骨痠痛、關節痛扭傷閃傷、行瘀活血。
效能:","處方:每公克中含有:
川烏 (30 mg)
草烏 (30 mg)
生地黃 (30 mg)
白蘞 (30 mg)
白及 (30 mg)
白芷 (30 mg)
當歸 (30 mg)
赤芍 (30 mg)
羌活 (30 mg)
木鼈子 (30 mg)
烏藥 (30 mg)
甘草 (30 mg)
獨活 (30 mg)
苦參 (30 mg)
玄參 (30 mg)
柳枝 (30 mg)
肉桂 (30 mg)
骨碎補 (30 mg)
紅花 (30 mg)
樹脂 (100 mg)
氧化鋅 (30 mg)
薄荷腦 (20 mg)
冬綠油 (5 mg)
食用藍色2號 (1 mg)
食用黃色4號 (2 mg)
玫瑰香料 (2 mg)
麻油加至 (1000 mg)",https://service.mohw.gov.tw/DOCMAP/CusSite/TCMLQueryForm.aspx
衛署成製字第013500號,“愛生”實熱力藥膠布,Shyr Reh Lih Yaw Jiau Bu“L.L.”,中藥外用貼布,False,藥膠布劑,成藥,active_in_official_export,"適應症:風寒暑濕侵襲、筋攣骨痛。
效能:","處方:每公克中含有:
薑汁 (125 mg)
葱汁 (125 mg)
牙皂 (13 mg)
川椒 (13 mg)
陳皮 (100 mg)
米醋 (90 mg)
乳香 (7 mg)
沒藥 (7 mg)
牛皮膠 (371 mg)
氧化鋅 (38 mg)
冬綠油 (5 mg)
樹脂 (50 mg)
薄荷腦 (50 mg)
食用藍色2號 (2 mg)
食用黃色4號 (4 mg)",https://service.mohw.gov.tw/DOCMAP/CusSite/TCMLQueryForm.aspx
衛署成製字第014111號,“南美”風濕膏藥膠布(太乙膏加減味),“N.M”Feng Shy Gau Yaw Jiau Bu,中藥外用貼布,False,藥膠布劑,成藥,active_in_official_export,"適應症:風濕痛、筋骨痛、跌打損傷痛。
效能:","處方:每公克中含有:
生地黃 (15.0 mg)
木鼈子 (15.0 mg)
玄參 (15.0 mg)
赤芍 (15.0 mg)
大黃 (15.0 mg)
白芷 (15.0 mg)
當歸 (15.0 mg)
乳香 (15.0 mg)
沒藥 (15.0 mg)
阿魏 (3.0 mg)
血餘 (7.0 mg)
肉桂 (7.5 mg)
樹脂 (200.0 mg)
冬綠油 (15.0 mg)
薄荷腦 (30.0 mg)
氧化鋅 (40.0 mg)
冰片 (15.0 mg)
食用藍色二號 ( q.s.)
食用黃色四號 ( q.s.)
麻油加至1g ( )",https://service.mohw.gov.tw/DOCMAP/CusSite/TCMLQueryForm.aspx
衛署成製字第014453號,大維貼痠痛藥膠布(金絲膏加減味),ta wei tie suan tong plaster(jin si gao jia jian wei),中藥外用貼布,False,藥膠布劑,成藥,active_in_official_export,"適應症:跌撲損傷、手足肩背及寒濕、腳氣疼痛之敷貼。
效能:","處方:每公克中含有:
當歸尾 (10 mg)
白芷 (10 mg)
杏仁 (10 mg)
玄參 (10 mg)
豬牙皂角 (10 mg)
草烏 (10 mg)
白膠香 (200 mg)
連鬚葉蔥 (31 mg)
松脂 (200 mg)
乳香 (17 mg)
沒藥 (17 mg)
黃蠟 (31 mg)
薄荷腦 (11 mg)
樹脂 (100 mg)
氧化鋅 (30 mg)
冬綠油 (5 mg)
冰片 (10 mg)
玫瑰香料 (2 mg)
清油加至1g ( )",https://service.mohw.gov.tw/DOCMAP/CusSite/TCMLQueryForm.aspx
衛署成製字第014517號,“輝陽”萬金膏藥膠布(萬金膏加減味),"Wann Jin Gau Plaster ""H.Y"" (Wann Jin Gau Jia Jean Wey)",中藥外用貼布,False,藥膠布劑,成藥,active_in_official_export,"適應症:癰疽發背、打撲傷之敷貼。
效能:","處方:每公克中含有:
龍骨 (12.0 mg)
鱉甲 (12.0 mg)
苦參 (12.0 mg)
烏賊骨 (12.0 mg)
黃柏 (12.0 mg)
黃芩 (12.0 mg)
黃連 (12.0 mg)
皂莢 (12.0 mg)
白及 (12.0 mg)
白蘞 (12.0 mg)
厚朴 (12.0 mg)
木鼈子 (12.0 mg)
草烏 (12.0 mg)
川芎 (12.0 mg)
當歸 (12.0 mg)
白芷 (12.0 mg)
沒藥 (12.0 mg)
乳香 (12.0 mg)
槐枝 (12.0 mg)
柳枝 (12.0 mg)
樹脂 (400.0 mg)
冬綠油 (20.0 mg)
薄荷腦 (30.0 mg)
冰片 (15.0 mg)
氧化鋅 (30.0 mg)
食用黃色四號 (0.1 mg)
食用藍色二號 (0.4 mg)
麻油加至1g ( )",https://service.mohw.gov.tw/DOCMAP/CusSite/TCMLQueryForm.aspx
衛署成製字第015108號,“順安”順安萬應膏藥膠布(萬應膏),“S.A.”Shuenn-An Wan Ying Gao,中藥外用貼布,False,藥膠布劑,成藥,active_in_official_export,"適應症:風溼、遍身痠痛、筋骨痠痛。
效能:","處方:每公克中含有:
川烏 (5.6 mg)
草烏 (5.6 mg)
生地黃 (5.6 mg)
白蘞 (5.6 mg)
白芨 (5.6 mg)
官桂 (5.6 mg)
白芷 (5.6 mg)
當歸 (5.6 mg)
赤芍 (5.6 mg)
羌活 (5.6 mg)
苦參 (5.6 mg)
木鼈子 (5.6 mg)
澤蘭 (5.6 mg)
烏藥 (5.6 mg)
甘草 (5.6 mg)
獨活 (5.6 mg)
玄參 (5.6 mg)
大黃 (5.6 mg)
薄荷腦 (30.0 mg)
冰片 (10.0 mg)
冬綠油 (10.0 mg)
樹脂 (200.0 mg)
氧化鋅 (30.0 mg)
淨香油 (加至1.0 g)
凡士林 (8.75 mg)
羊毛脂 (4.5 mg)
二丁基羥基甲苯 (3.0 mg)
食用黃色4號 ( q.s.)
食用藍色2號 ( q.s.)",https://service.mohw.gov.tw/DOCMAP/CusSite/TCMLQueryForm.aspx
衛署成製字第015447號,“昕泰”貼利舒藥膠布(萬靈膏加減味去麝香),Tei Li Su Plaster“Shin Tai”(Wan Ling Gau Jia Jian We Chi Muscone),中藥外用貼布,False,藥膠布劑,成藥,active_in_official_export,"適應症:消瘀、舒筋、活血、止痛、跌打損傷。
效能:","處方:每公克中含有:
骨碎補 (20 mg)
透骨草 (20 mg)
當歸 (20 mg)
紅花 (20 mg)
自然銅 (20 mg)
血竭 (20 mg)
沒藥 (20 mg)
川芎 (16 mg)
赤芍 (40 mg)
川牛膝 (10 mg)
鹿茸 (6 mg)
五加皮 (10 mg)
石菖蒲 (10 mg)
蒼朮 (10 mg)
木香 (6 mg)
秦艽 (6 mg)
蛇床子 (6 mg)
肉桂 (6 mg)
附子 (6 mg)
半夏 (6 mg)
石斛 (6 mg)
萆薢 (6 mg)
樹脂 (370 mg)
薄荷腦 (20 mg)
冬綠油 (20 mg)
冰片 (10 mg)
氧化鋅 (30 mg)
食用黃色四號 ( q.s.)
食用藍色二號 ( q.s.)
麻油加至1g ( )",https://service.mohw.gov.tw/DOCMAP/CusSite/TCMLQueryForm.aspx
衛署成製字第015603號,“順安”舒服貼辣椒藥膠布(太乙膏加味),“S.A.”Shu Fu Tie La Jiao Yao Jiau Bu(Tai Yi Gao Jia Wei),中藥外用貼布,False,藥膠布劑,成藥,active_in_official_export,"適應症:風濕痛、筋骨痠痛、關節痛、腰痠背痛。
效能:","處方:每公克中含有:
白芷 (50 mg)
辣椒 (12.5 mg)
當歸 (50 mg)
赤芍 (50 mg)
玄參 (50 mg)
柳枝 (25 mg)
槐枝 (25 mg)
肉桂 (50 mg)
沒藥 (7.5 mg)
大黃 (50 mg)
木鼈子 (50 mg)
生地黃 (50 mg)
阿魏 (7.5 mg)
乳香 (12.5 mg)
川烏 (25 mg)
草烏 (25 mg)
松香 (25 mg)
薄荷腦 (50 mg)
樹脂 (260 mg)
氧化鋅 (30 mg)
食用紅色色素六號 (2 mg)
麻油加至1g ( )",https://service.mohw.gov.tw/DOCMAP/CusSite/TCMLQueryForm.aspx
衛署成製字第015662號,“港香蘭應用生技”多可多通血透骨膏(萬靈膏加減味去麝香),Decocto Tong Xue Tou Ku Gao(Wan Ling Gao Jia Chien Wei Chu She Xiang)“Biotanico”,中藥外用貼布,False,藥膠布劑,成藥,active_in_official_export,"適應症:消瘀、舒筋、活血、止痛、治跌打損傷。
效能:","處方:每公克中含有:
赤芍 (40 mg)
瓜兒血竭 (20 mg)
沒藥 (20 mg)
乳香 (20 mg)
紅花 (20 mg)
自然銅 (20 mg)
當歸 (20 mg)
骨碎補 (20 mg)
川芎 (16 mg)
五加皮 (10 mg)
川牛膝 (10 mg)
石菖蒲 (10 mg)
蒼朮 (10 mg)
木香 (6 mg)
石斛 (6 mg)
半夏 (6 mg)
肉桂 (6 mg)
附子 (6 mg)
秦艽 (6 mg)
鹿茸 (6 mg)
蛇床子 (6 mg)
萆薢 (6 mg)
樹脂 (200 mg)
薄荷腦 (60 mg)
氧化鋅 (60 mg)
冬綠油 (20 mg)
松香 (20 mg)
食用藍色二號鋁麗基 ( q.s.)
食用黃色四號鋁麗基 ( q.s.)
食用黃色五號鋁麗基 ( q.s.)
食用紅色40號鋁麗基 ( q.s.)
麻油加至1g ( )",https://service.mohw.gov.tw/DOCMAP/CusSite/TCMLQueryForm.aspx
衛署成製字第015931號,“德山”舒酸止痛藥膠布(太乙膏加減味),"SHU SUAN JYY TONG PLASTER ""Dersan"" (Tay Yii Gau Jia Jean Wey)",中藥外用貼布,False,藥膠布劑,成藥,active_in_official_export,"適應症:風濕遍身痠痛、筋骨痠痛、跌打損傷。
效能:","處方:每公克中含有:
白芷 (14 mg)
當歸 (14 mg)
赤芍 (14 mg)
玄參 (14 mg)
肉桂 (14 mg)
大黃 (14 mg)
木鼈子 (14 mg)
生地黃 (14 mg)
血餘 (7 mg)
乳香 (4 mg)
沒藥 (2 mg)
阿魏 (2 mg)
薄荷腦 (50 mg)
樹脂 (150 mg)
氧化鋅 (30 mg)
活性碳 (40 mg)
冬綠油 (5 mg)
食用黃色四號 (24.6 mg)
食用藍色一號 (0.25 mg)
鹽酸二苯安明 (5 mg)
二丁基羥基甲苯 (3 mg)
麻油加至1g ( )",https://service.mohw.gov.tw/DOCMAP/CusSite/TCMLQueryForm.aspx
衛署成製字第016036號,鐵獅腰骨酸痛藥布藥膠布(金絲萬應膏加味),,中藥外用貼布,False,藥膠布劑,成藥,active_in_official_export,"適應症:跌撲損傷、手足肩背及寒濕、腳氣疼痛之敷貼。
效能:","處方:每公克中含有:
松脂 (500.0 mg)
威靈仙 (37.5 mg)
黃蠟 (37.5 mg)
木鼈子 (12.5 mg)
蓖麻子 (50.0 mg)
沒藥 (18.75 mg)
乳香 (18.75 mg)
樹脂 (150.00 mg)
氧化鋅 (30.00 mg)
冬綠油 (5.00 mg)
薄荷腦 (50.0 mg)
麻油加至1g ( )",https://service.mohw.gov.tw/DOCMAP/CusSite/TCMLQueryForm.aspx
衛署成製字第016047號,“順安”優品金絲膏藥膠布(加減味),,中藥外用貼布,False,藥膠布劑,成藥,active_in_official_export,"適應症:跌撲損傷、手足肩背及寒濕、腳氣疼痛之敷貼。
效能:","處方:每公克中含有:
當歸尾 (10 mg)
白芷 (10 mg)
杏仁 (10 mg)
玄參 (10 mg)
豬牙皂角 (10 mg)
草烏 (10 mg)
白膠香 (200 mg)
連鬚葉蔥 (31 mg)
松脂 (200 mg)
乳香 (17 mg)
沒藥 (17 mg)
薄荷腦 (30 mg)
冰片 (10 mg)
冬綠油 (10 mg)
氧化鋅 (30 mg)
樹脂 (200 mg)
食用紅色六號 (2 mg)
麻油加至1g ( )",https://service.mohw.gov.tw/DOCMAP/CusSite/TCMLQueryForm.aspx
衛署成製字第016170號,“保濟堂”固樂沙敏祛風透骨膏藥膠布(混元膏加減味),,中藥外用貼布,False,藥膠布劑,成藥,active_in_official_export,"適應症:打撲損傷、消腫止痛。
效能:","處方:每公克中含有:
沒藥 (30 mg)
白及 (30 mg)
漏盧 (30 mg)
紅花 (30 mg)
升麻 (30 mg)
白蘞 (30 mg)
大黃 (30 mg)
山梔子 (30 mg)
甘草 (30 mg)
麝香酮 (20 mg)
蘆薈 (40 mg)
青黛 (30 mg)
氧化鋅 (30 mg)
薄荷腦 (30 mg)
冰片 (10 mg)
冬綠油 (10 mg)
樹脂 (500 mg)
食用黃色4號 (5 mg)
麻油加至1g ( )",https://service.mohw.gov.tw/DOCMAP/CusSite/TCMLQueryForm.aspx
衛署成製字第016295號,“南美”悠立寧藥膠布(萬金膏加味),“N.M.”YOU LI NING PLASTER(WAN JIN GAO JIA WEI),中藥外用貼布,False,藥膠布劑,成藥,active_in_official_export,"適應症:癰疽發背、瘡癤、打撲損傷之敷貼。
效能:","處方:每公克中含有:
龍骨 (10 mg)
鱉甲 (10 mg)
苦參 (10 mg)
烏賊骨 (10 mg)
黃柏 (10 mg)
黃芩 (10 mg)
黃連 (10 mg)
豬牙皂角 (10 mg)
白及 (10 mg)
白蘞 (10 mg)
厚朴 (10 mg)
木鼈子 (10 mg)
草烏 (10 mg)
川芎 (10 mg)
當歸 (10 mg)
白芷 (10 mg)
沒藥 (10 mg)
乳香 (10 mg)
槐枝 (10 mg)
柳枝 (10 mg)
松香 (10 mg)
白膠香 (10 mg)
樹脂 (400 mg)
冬綠油 (5 mg)
薄荷腦 (25 mg)
冰片 (20 mg)
氧化鋅 (30 mg)
食用黃色四號 (0.5 mg)
麻油加至1g ( )",https://service.mohw.gov.tw/DOCMAP/CusSite/TCMLQueryForm.aspx
衛部成製字第016469號,“天明”天明活絡筋骨藥膠布(金絲膏加減味),"""TIMING"" TIMING HUO LAO JIN GU Balm (JIN SI GAO JIA JIAN WEI)",中藥外用貼布,False,藥膠布劑,成藥,active_in_official_export,"適應症:跌撲損傷、手足肩背及寒濕、腳氣疼痛之敷貼。
效能:","處方:每公克中含有:
當歸尾 (10 mg)
白芷 (10 mg)
杏仁 (10 mg)
玄參 (10 mg)
豬牙皂角 (10 mg)
草烏 (10 mg)
白膠香 (200 mg)
連鬚葉蔥 (31 mg)
松脂 (200 mg)
乳香 (17 mg)
沒藥 (17 mg)
黃蠟 (31 mg)
薄荷腦 (11 mg)
樹脂 (100 mg)
氧化鋅 (30 mg)
冬綠油 (5 mg)
梅片(冰片) (10 mg)
食用黃色4號 ( q.s.)
清油加至 (1 g)",https://service.mohw.gov.tw/DOCMAP/CusSite/TCMLQueryForm.aspx
衛部成製字第016830號,“大濟”金品活絡藥膠布(太乙膏加味),Jin ping hau lao medicated patch “DJ” (Tai yi gao jia wei),中藥外用貼布,False,藥膠布劑,成藥,active_in_official_export,"適應症:風濕痛、筋骨痠痛、關節痛、腰酸背痛
效能:","處方:每公克中含有:
白芷 (50.0 mg)
辣椒 (12.5 mg)
當歸 (50.0 mg)
赤芍 (50.0 mg)
玄參 (50.0 mg)
柳枝 (25.0 mg)
槐枝 (25.0 mg)
肉桂 (50.0 mg)
沒藥 (7.5 mg)
大黃 (50.0 mg)
木鼈子 (50.0 mg)
生地黃 (50.0 mg)
阿魏 (7.5 mg)
乳香 (12.5 mg)
血餘 (25.0 mg)
川烏 (25.0 mg)
草烏 (25.0 mg)
松香 (25.0 mg)
薄荷腦 (50.0 mg)
樹脂 (260.0 mg)
氧化鋅 (30.0 mg)
食用紅色色素6號 (0.6 mg)
麻油加至 (1 g)",https://service.mohw.gov.tw/DOCMAP/CusSite/TCMLQueryForm.aspx
衛部成製字第016930號,〝南美〞熱樂痠痛膏藥膠布(火龍膏加減味),,中藥外用貼布,False,藥膠布劑,成藥,active_in_official_export,"適應症:風寒暑濕侵襲、筋攣骨痛。
效能:","處方:每公克中含有:
生薑汁 (560.00 mg)
牛皮膠 (140.00 mg)
乳香 (35.00 mg)
沒藥 (35.00 mg)
薄荷腦 (30.00 mg)
氧化鋅 (30.00 mg)
冬綠油 (10.00 mg)
冰片 (10.00 mg)
食用藍色2號 (0.15 mg)
食用黃色4號 (0.10 mg)
抗氧化劑(BHT) (1.00 mg)
樹脂加至1g ( )",https://service.mohw.gov.tw/DOCMAP/CusSite/TCMLQueryForm.aspx
衛署成製字第002701號,“天理”萬金膏藥膠布,,中藥外用貼布,False,藥膠布劑,成藥,active_in_official_export,"適應症:癰疽發背、瘡癤、打撲損傷之敷貼。
效能:","處方:每公克中含有: 
龍骨 (10 mg)
鱉甲 (10 mg)
苦參 (10 mg)
烏賊骨 (10 mg)
黃蘗 (10 mg)
黃苓 (10 mg)
黃連 (10 mg)
皂角 (10 mg)
白芨 (10 mg)
白蘞 (10 mg)
厚朴 (10 mg)
木鼈子 (10 mg)
草烏 (10 mg)
川芎 (10 mg)
當歸 (10 mg)
白芷 (10 mg)
沒藥 (10 mg)
乳香 (10 mg)
槐枝 (10 mg)
柳枝 (10 mg)
薄荷腦 (20 mg)
氧化鋅 (20 mg)
樹脂 (120 mg)
食用黃色4號 ( q.s.)
食用藍色2號 ( q.s.)
胡麻油 (640 mg)",https://service.mohw.gov.tw/DOCMAP/CusSite/TCMLQueryForm.aspx
衛署成製字第005109號,“東發”金龍膏藥膠布(加減味太乙膏),P’a An Kao“T.H.”,中藥外用貼布,False,藥膠布劑,成藥,active_in_official_export,"適應症:癰疽、風濕遍身痠痛、跌打撲傷、筋骨痠痛、關節痛
效能:","處方:每公克中含有:
白芷 (14 mg)
當歸 (14 mg)
赤芍 (14 mg)
玄參 (14 mg)
肉桂 (14 mg)
大黃 (14 mg)
木鼈子 (14 mg)
生地黃 (14 mg)
血餘 (7 mg)
乳香 (4 mg)
阿魏 (2 mg)
沒藥 (2 mg)
柳枝 (1 mg)
槐枝 (1 mg)
薄荷腦 (50 mg)
樹脂 (719 mg)
食用藍色二號 (1 mg)
食用黃色四號 (1 mg)
麻油加至1g ( )",https://service.mohw.gov.tw/DOCMAP/CusSite/TCMLQueryForm.aspx
衛署成製字第006433號,“銘輝”銘輝痠痛膏藥膠布(太乙膏加減味),,中藥外用貼布,False,藥膠布劑,成藥,active_in_official_export,"適應症:風濕遍身痠痛、筋骨痠痛、關節痛、跌打損傷。
效能:","處方:每公克中含有:
生地黃 (50 mg)
土木鼈 (60 mg)
玄參 (60 mg)
赤芍 (60 mg)
大黃 (60 mg)
白芷 (60 mg)
乳香 (30 mg)
沒藥 (30 mg)
阿魏 (20 mg)
血餘 (40 mg)
肉桂 (40 mg)
薄荷腦 (40 mg)
樹脂 (335 mg)
氧化鋅 (5 mg)
冬綠油 (10 mg)
麻油 (100 mg)",https://service.mohw.gov.tw/DOCMAP/CusSite/TCMLQueryForm.aspx
衛署成製字第007143號,“得生”滅痛膏藥膠布(萬應膏加減味),"Mieh Tong Kao Plaster ""T.S."" (Wan Yin Kao Chia Chien Wei)",中藥外用貼布,False,藥膠布劑,成藥,active_in_official_export,"適應症:風濕遍身痠痛、筋骨痠痛。
效能:","處方:每公克中含有:
川烏 (30 mg)
草烏 (30 mg)
生地黃 (30 mg)
白蘞 (30 mg)
白及 (30 mg)
肉桂 (30 mg)
白芷 (30 mg)
大黃 (30 mg)
當歸 (30 mg)
赤芍 (30 mg)
羌活 (30 mg)
苦參 (30 mg)
木鼈子 (30 mg)
甘草 (30 mg)
獨活 (30 mg)
玄參 (30 mg)
柳枝 (30 mg)
松香 (20 mg)
烏藥 (30 mg)
牛皮膠 (30 mg)
樹脂 (100 mg)
氧化鋅 (30 mg)
薄荷腦 (20 mg)
冬綠油 (5 mg)
食用黃色四號 (1.675 mg)
食用藍色二號 (2.675 mg)
麻油加至 (1 g)",https://service.mohw.gov.tw/DOCMAP/CusSite/TCMLQueryForm.aspx
衛署成製字第010221號,“生春”痠痛青草膏藥膠布(萬應膏加減味去穿山甲),"SUAN TUNG CHING TSAO KAO PLASTER ""SHENG CHUN""",中藥外用貼布,False,藥膠布劑,成藥,active_in_official_export,"適應症:風濕、遍身痠痛、筋骨痠痛。
效能:","處方:每公克中含有: 
川烏 (5.6 mg)
草烏 (5.6 mg)
生地黃 (5.6 mg)
白蘞 (5.6 mg)
白及 (5.6 mg)
肉桂 (5.6 mg)
白芷 (5.6 mg)
當歸 (5.6 mg)
赤芍 (5.6 mg)
羌活 (5.6 mg)
苦參 (5.6 mg)
木鼈子 (5.6 mg)
烏藥 (5.6 mg)
甘草 (5.6 mg)
獨活 (5.6 mg)
玄參 (5.6 mg)
薄荷 (5.6 mg)
大黃 (5.6 mg)
薄荷腦 (39.0 mg)
樹脂 (350.0 mg)
氧化鋅 (40.0 mg)
冬綠油 (10.0 mg)
食用黃色4號 ( q.s.)
食用藍色2號 ( q.s.)
淨香油加至1g ( )",https://service.mohw.gov.tw/DOCMAP/CusSite/TCMLQueryForm.aspx
衛署成製字第011087號,“鐵牛”紫金膏(萬應膏加減味去穿山甲),,中藥外用貼布,False,藥膠布劑,成藥,active_in_official_export,"適應症:筋骨酸痛、關節痛、扭傷、閃傷、風濕遍身疼痛、行瘀活血。
效能:","處方:每公克中含有:
川烏 (30 mg)
草烏 (30 mg)
生地黃 (30 mg)
白蘞 (30 mg)
白及 (30 mg)
白芷 (30 mg)
當歸 (30 mg)
赤芍 (30 mg)
羌活 (30 mg)
木鼈子 (30 mg)
大黃 (30 mg)
烏藥 (30 mg)
甘草 (30 mg)
獨活 (30 mg)
苦參 (30 mg)
玄參 (30 mg)
柳枝 (30 mg)
肉桂 (30 mg)
薄荷腦 (30 mg)
樹脂 (100 mg)
氧化鋅 (30 mg)
冬綠油 (5 mg)
川七 (20 mg)
丁香 (10 mg)
Diphenhydramine HCl (5 mg)
Dibutyl Hydroxy Toluene (BHT) (3 mg)
麻油加至1g ( )",https://service.mohw.gov.tw/DOCMAP/CusSite/TCMLQueryForm.aspx
衛署成製字第011653號,“得生”金絲膏水性貼布(金絲膏加減味),"Jin Si Gao Sip ""T.S.""",中藥外用貼布,False,藥膠布劑,成藥,active_in_official_export,"適應症:跌撲損傷、寒濕及手足肩背疼痛之敷貼。
效能:","處方:每公克中含有: 
當歸 (11.25 mg)
白芷 (11.25 mg)
杏仁 (11.25 mg)
玄參 (11.25 mg)
豬牙皂 (11.25 mg)
草烏 (11.25 mg)
葱(帶鬚) (30.00 mg)
乳香 (18.75 mg)
沒藥 (18.75 mg)
麻油 (90.00 mg)
薄荷腦 (20.00 mg)
羥苯甲酸甲酯 (1.80 mg)
羥苯甲酸丙酯 (0.20 mg)
樹脂(水性基劑)加至1g ( )",https://service.mohw.gov.tw/DOCMAP/CusSite/TCMLQueryForm.aspx
衛署成製字第011771號,“康之田”止酸痛藥膠布(萬應膏加減味),"Jyy Suan Tong Balm ""K.T.T.""",中藥外用貼布,False,藥膠布劑,成藥,active_in_official_export,"適應症:手足腰背疼痛、閃挫傷損。
效能:","處方:每公克中含有: 
赤芍 (20 mg)
當歸 (20 mg)
紅花 (20 mg)
黃芩 (20 mg)
防風 (20 mg)
荊芥 (20 mg)
連翹 (20 mg)
黃柏 (20 mg)
殭蠶 (20 mg)
白芷 (20 mg)
蟬退 (20 mg)
甘草 (20 mg)
草烏 (20 mg)
大黃 (20 mg)
金銀花 (20 mg)
川烏 (20 mg)
羌活 (20 mg)
蒼朮 (20 mg)
細辛 (20 mg)
花椒 (20 mg)
秦艽 (20 mg)
乳香 (20 mg)
沒藥 (20 mg)
骨碎補 (20 mg)
何首烏 (20 mg)
蛇床子 (20 mg)
木鼈子 (20 mg)
大楓子 (20 mg)
生南星 (20 mg)
生半夏 (20 mg)
樹脂 (150 mg)
氧化鋅 (30 mg)
薄荷腦 (50 mg)
冬綠油 (5 mg)
食用黃色4號 ( q.s.)
食用藍色2號 ( q.s.)
麻油加至1g ( )",https://service.mohw.gov.tw/DOCMAP/CusSite/TCMLQueryForm.aspx
衛署成製字第011814號,“愛生”金絲萬應膏藥膠布(加味),,中藥外用貼布,False,藥膠布劑,成藥,active_in_official_export,"適應症:跌撲損傷、手足肩背及寒濕疼痛之敷貼。
效能:","處方:每公克中含有: 
松脂 (490.50 mg)
威靈仙 (37.50 mg)
黃蠟 (37.50 mg)
木鼈子 (12.00 mg)
沒藥 (18.75 mg)
蓖麻子 (60.00 mg)
乳香 (18.75 mg)
薄荷腦 (45.00 mg)
冬綠油 (5.00 mg)
樹脂 (150.00 mg)
氧化鋅 (30.00 mg)
玫瑰香料 (0.40 ml)
三氧化二鐵 (1.00 mg)
麻油加至1g ( )",https://service.mohw.gov.tw/DOCMAP/CusSite/TCMLQueryForm.aspx
衛署成製字第013396號,“漁人”萬應膏加減味藥膠布(去穿山甲、去黃丹),"Wan Ying Gao Jia Jian Wei Plaster (Qu Chuan Shan Jia, Qu Huang Dan) ""F.M.""",中藥外用貼布,False,藥膠布劑,成藥,active_in_official_export,"適應症:風濕遍身痠痛、筋骨痠痛。
效能:","處方:每公克中含有:
川烏 (28 mg)
草烏 (28 mg)
生地黃 (28 mg)
白蘞 (28 mg)
白及 (28 mg)
官桂 (28 mg)
白芷 (28 mg)
大黃 (28 mg)
當歸 (28 mg)
赤芍 (28 mg)
羌活 (28 mg)
苦參 (28 mg)
土木鱉 (28 mg)
烏藥 (28 mg)
甘草 (28 mg)
獨活 (28 mg)
玄參 (28 mg)
乳香 (20 mg)
沒藥 (20 mg)
槐枝 (20 mg)
柳枝 (20 mg)
樹脂 (488 mg)
薄荷腦 (20 mg)
冬綠油 (20 mg)
氧化鋅 (20 mg)
冰片 (10 mg)
綠色色素三號 (5 mg)
二丁基羥基甲苯 (3 mg)
鹽酸二苯安明 (5 mg)
麻油加至1g ( )",https://service.mohw.gov.tw/DOCMAP/CusSite/TCMLQueryForm.aspx
衛署成製字第013494號,“立康”益筋好藥膠布,"I CHIN HAO PLASTER ""LI KANG""",中藥外用貼布,False,藥膠布劑,成藥,active_in_official_export,"適應症:跌打損傷、風濕遍身痠痛、筋骨痠痛、關節痛。
效能:","處方:每公克中含有:
白芷 (14 mg)
當歸 (14 mg)
赤芍 (14 mg)
玄參 (14 mg)
肉桂 (14 mg)
大黃 (14 mg)
阿魏 (2 mg)
沒藥 (2 mg)
木鼈子 (14 mg)
生地黃 (14 mg)
血餘 (7 mg)
乳香 (4 mg)
樹脂 (600 mg)
薄荷腦 (50 mg)
氧化鋅 (30 mg)
冬綠油 (5 mg)
食用藍色二號 (10 mg)
食用黃色四號 (15 mg)
麻油至全量 (1 g)",https://service.mohw.gov.tw/DOCMAP/CusSite/TCMLQueryForm.aspx
衛署成製字第014205號,〝正光〞萬筋拔藥膠布(萬應膏加減味),“C.K.”WAN JIN BA PLASTER(WAN YING GAO JIA JIAN WEI),中藥外用貼布,False,藥膠布劑,成藥,active_in_official_export,"適應症:風濕遍身疼痛、筋骨痠痛、關節痛、扭傷、閃傷、行瘀活血。
效能:","處方:每公克中含有:
薄荷腦 (35 mg)
川烏 (30 mg)
草烏 (30 mg)
木鼈子 (30 mg)
烏藥 (30 mg)
甘草 (30 mg)
獨活 (30 mg)
苦參 (30 mg)
玄參 (30 mg)
冰片 (5 mg)
柳枝 (30 mg)
肉桂 (30 mg)
赤芍 (30 mg)
羌活 (30 mg)
白及 (30 mg)
白芷 (30 mg)
白蘞 (30 mg)
大黃 (30 mg)
當歸 (30 mg)
生地黃 (30 mg)
冬綠油 (10 mg)
川七 (20 mg)
丁香 (10 mg)
樹脂 (150 mg)
氧化鋅 (30 mg)
凡士林 (10 mg)
食用黃色四號鋁麗基 ( q.s.)
食用藍色一號鋁麗基 ( q.s.)
麻油加至1g ( )",https://service.mohw.gov.tw/DOCMAP/CusSite/TCMLQueryForm.aspx
衛署成製字第014343號,〝豐生〞火龍膏加味藥膠布(火龍膏加味去麝香),Huoo Long Gau Jia Wey Plaster〝H.S.〞(Huoo Long Gau Jia Wey Chiuh Sheh Shiang),中藥外用貼布,False,藥膠布劑,成藥,active_in_official_export,"適應症:風寒暑濕侵襲、筋攣骨痛。
效能:","處方:每公克中含有:
生薑汁 (619.0 mg)
乳香 (42.0 mg)
沒藥 (42.0 mg)
薄荷腦 (50.0 mg)
氧化鋅 (30.0 mg)
冬綠油 (20.0 mg)
食用黃色四號 (0.2 mg)
食用藍色二號 (0.1 mg)
樹脂 (120.0 mg)
麻油加至1gm ( )",https://service.mohw.gov.tw/DOCMAP/CusSite/TCMLQueryForm.aspx
衛部成製字第014618A   號,“順安”舒服貼辣椒藥膠布(太乙膏加減味),"""S.A."" Shu Fu Tie Lah Jiau Yao Jiau Buh (Tai Yi Gao Jia Jean Wei)",中藥外用貼布,False,藥膠布劑,成藥,active_in_official_export,"適應症:筋骨痠痛、關節痛、腰痠背痛。
效能:","處方:每公克中含有: 
白芷 (50.0 mg)
辣椒 (12.5 mg)
當歸 (50.0 mg)
赤芍 (50.0 mg)
玄參 (50.0 mg)
柳枝 (25.0 mg)
槐枝 (25.0 mg)
肉桂 (50.0 mg)
沒藥 (7.5 mg)
大黃 (50.0 mg)
木鼈子 (50.0 mg)
生地黃 (50.0 mg)
阿魏 (7.5 mg)
乳香 (12.5 mg)
松香 (25.0 mg)
薄荷腦 (50.0 mg)
樹脂 (260.0 mg)
氧化鋅 (30.0 mg)
食用紅色色素6號 (2.0 mg)
麻油加至1g ( )",https://service.mohw.gov.tw/DOCMAP/CusSite/TCMLQueryForm.aspx
衛署成製字第014849號,“護民”平痛治痠藥膠布(太乙膏加減味),PING TUNG CHIH SUAN PLASTER“H.M.”(TAY YII GAO JIA JEAN WEY),中藥外用貼布,False,藥膠布劑,成藥,active_in_official_export,"適應症:風濕遍身痠痛、筋骨酸痛、跌打損傷。
效能:","處方:每公克中含有:
白芷 (14 mg)
當歸 (14 mg)
赤芍 (14 mg)
玄參 (14 mg)
肉桂 (14 mg)
大黃 (14 mg)
木鼈子 (14 mg)
生地黃 (14 mg)
血餘 (7 mg)
乳香 (4 mg)
沒藥 (2 mg)
阿魏 (2 mg)
薄荷腦 (50 mg)
樹脂 (150 mg)
氧化鋅 (30 mg)
活性碳 (40 mg)
冬綠油 (5 mg)
食用黃色色素四號 (24.6 mg)
食用藍色色素一號 (0.25 mg)
鹽酸二苯安明 (5 mg)
二丁基羥基甲苯 (3 mg)
麻油加至1g ( )",https://service.mohw.gov.tw/DOCMAP/CusSite/TCMLQueryForm.aspx
衛署成製字第015116號,“克里薩斯”賽華陀驅痛靈藥膠布(萬應膏加減味),"""CROESUS"" SAIWATO CHIU TONG LING PLASTER (wan ying gao jia jian wei)",中藥外用貼布,False,藥膠布劑,成藥,active_in_official_export,"適應症:風濕遍身痠痛、筋骨痠痛、關節痛、扭傷、閃傷、行瘀活血。
效能:","處方:每公克中含有:
川烏 (30 mg)
草烏 (30 mg)
生地黃 (30 mg)
白蘞 (30 mg)
白及 (30 mg)
白芷 (30 mg)
大黃 (30 mg)
當歸 (30 mg)
赤芍 (30 mg)
木鼈子 (30 mg)
烏藥 (30 mg)
甘草 (30 mg)
獨活 (30 mg)
苦參 (30 mg)
玄參 (30 mg)
柳枝 (30 mg)
肉桂 (30 mg)
川七 (20 mg)
丁香 (10 mg)
羌活 (30 mg)
薄荷腦 (30 mg)
冰片 (10 mg)
冬綠油 (10 mg)
氧化鋅 (30 mg)
樹脂 (300 mg)
食用藍色2號 (4 mg)
食用黃色4號 (2 mg)
麻油加至1g ( )",https://service.mohw.gov.tw/DOCMAP/CusSite/TCMLQueryForm.aspx
衛署成製字第015417號,“南美”科林頓全家藥膠布(混元膏加減味),,中藥外用貼布,False,藥膠布劑,成藥,active_in_official_export,"適應症:打撲損傷、消腫止痛。
效能:","處方:每公克中含有:
沒藥 (30 mg)
白及 (30 mg)
漏盧 (30 mg)
紅花 (30 mg)
升麻 (30 mg)
白蘞 (30 mg)
大黃 (30 mg)
山梔子 (30 mg)
甘草 (30 mg)
蘆薈 (40 mg)
青黛 (30 mg)
樹脂 (150 mg)
氧化鋅 (30 mg)
冬綠油 (5 mg)
薄荷腦 (50 mg)
食用黃色4號 ( q.s.)
食用藍色2號 ( q.s.)
麻油加至1g ( )",https://service.mohw.gov.tw/DOCMAP/CusSite/TCMLQueryForm.aspx
衛署成製字第015618號,“順安”解悠寧藥膠布(太乙膏加味),,中藥外用貼布,False,藥膠布劑,成藥,active_in_official_export,"適應症:風濕痛、筋骨痠痛、跌傷、打撲傷。
效能:","處方:每公克中含有:
白芷 (14 mg)
沒藥 (2 mg)
木鼈子 (14 mg)
赤芍 (14 mg)
薄荷腦 (35 mg)
血餘 (7 mg)
肉桂 (14 mg)
乳香 (4 mg)
大黃 (14 mg)
當歸 (14 mg)
阿魏 (2 mg)
生地黃 (14 mg)
玄參 (14 mg)
樹脂 (257 mg)
麻油加至1g ( )",https://service.mohw.gov.tw/DOCMAP/CusSite/TCMLQueryForm.aspx
衛署成製字第016048號,“大維”痛傷藥膠布(萬金膏加減味),Tong Shang Plaster“D.W.”(wan jin gao jia jian wei),中藥外用貼布,False,藥膠布劑,成藥,active_in_official_export,"適應症:風濕、遍身痠痛、筋骨痠痛。
效能:","處方:每公克中含有:
川烏 (30 mg)
草烏 (30 mg)
生地黃 (30 mg)
白蘞 (30 mg)
白及 (30 mg)
白芷 (30 mg)
當歸 (30 mg)
赤芍 (30 mg)
羌活 (30 mg)
木鼈子 (30 mg)
烏藥 (30 mg)
甘草 (30 mg)
獨活 (30 mg)
苦參子 (30 mg)
玄參 (30 mg)
柳枝 (30 mg)
肉桂 (30 mg)
冰片 (10 mg)
薄荷腦 (30 mg)
樹脂 (100 mg)
氧化鋅 (30 mg)
冬綠油 (5 mg)
食用色素黃色4號 (4 mg)
食用色素藍色2號 (2 mg)
麻油加至1g ( )",https://service.mohw.gov.tw/DOCMAP/CusSite/TCMLQueryForm.aspx
衛署成製字第016067號,“華陀”蓋止痛藥膠布(萬應紫金膏加減味),“H.T”GAI JHIH TONG PLASTER(WAN YING ZIH JIN GAO JIA JIAN WEI),中藥外用貼布,False,藥膠布劑,成藥,active_in_official_export,"適應症:手足腰背疼痛、閃挫傷損。
效能:","處方:每公克中含有:
赤芍 (7 mg)
當歸 (7 mg)
紅花 (7 mg)
黃芩 (7 mg)
防風 (7 mg)
荊芥 (7 mg)
連翹 (7 mg)
黃柏 (7 mg)
殭蠶 (7 mg)
蟬蛻 (7 mg)
白芷 (7 mg)
甘草 (7 mg)
大黃 (7 mg)
金銀花 (7 mg)
川烏 (7 mg)
草烏 (7 mg)
羌活 (7 mg)
蒼朮 (7 mg)
細辛 (7 mg)
川椒 (7 mg)
秦艽 (7 mg)
乳香 (7 mg)
沒藥 (7 mg)
骨碎補 (14 mg)
何首烏 (7 mg)
蛇床子 (7 mg)
木鼈子 (7 mg)
大楓子 (7 mg)
生南星 (7 mg)
生半夏 (7 mg)
樹脂 (450 mg)
氧化鋅 (120 mg)
薄荷腦 (35 mg)
冬綠油 (15 mg)
食用黃色4號 ( q.s.)
麻油加至1g ( )",https://service.mohw.gov.tw/DOCMAP/CusSite/TCMLQueryForm.aspx
衛署成製字第016180號,“松林”力舒痛安膏藥膠布(金絲膏加減味),“S.L”LI SHU TONG AN GAO PLASTER(JIN SIH GAO JIA JIAN WEI),中藥外用貼布,False,藥膠布劑,成藥,active_in_official_export,"適應症:跌撲損傷、手足肩背及寒濕、腳氣疼痛之敷貼。
效能:","處方:每公克中含有:
當歸尾 (11 mg)
白芷 (11 mg)
杏仁 (11 mg)
玄參 (11 mg)
豬牙皂角 (11 mg)
草烏 (11 mg)
連鬚葉蔥 (30 mg)
乳香 (19 mg)
沒藥 (19 mg)
白膠香 (250 mg)
冰片 (25 mg)
薄荷腦 (20 mg)
冬綠油 (5 mg)
樹脂 (300 mg)
氧化鋅 (30 mg)
食用黃色4號 (1 mg)
食用藍色2號 (1 mg)
麻油加至1g ( )",https://service.mohw.gov.tw/DOCMAP/CusSite/TCMLQueryForm.aspx
衛部成製字第016429號,"""天明""天明酸痛藥膠布(金絲萬應膏加味)","""TIMING""TIMING Suan Tong Balm",中藥外用貼布,False,藥膠布劑,成藥,active_in_official_export,"適應症:跌撲損傷、手足肩背及寒濕疼痛之敷貼。
效能:","處方:每公克中含有:
威靈仙 (37.5 mg)
黃臘 (37.5 mg)
木鼈子 (12 mg)
蓖麻子 (60 mg)
沒藥 (18.75 mg)
乳香 (18.75 mg)
樹脂 (100 mg)
氧化鋅 (30 mg)
冬綠油 (5 mg)
梅片 (50 mg)
薄荷腦 (30 mg)
食用藍色1號 ( q.s.)
食用黃色4號 ( q.s.)
麻油加至 (1 g)",https://service.mohw.gov.tw/DOCMAP/CusSite/TCMLQueryForm.aspx
衛部成製字第016537號,“大濟”貼速好治痠痛藥膠布(金絲萬應膏加味),Tie su hau jr suan tung medicated patch“D.J.”(jin si wan ying gao jia wei),中藥外用貼布,False,藥膠布劑,成藥,active_in_official_export,"適應症:疼痛、跌打損傷、瘀血、放鬆肌肉、風濕痛、腰背痠痛。
效能:","處方:每公克中含有:
乳香 (18.75 mg)
沒藥 (18.75 mg)
薄荷腦 (30.00 mg)
冬綠油 (5.00 mg)
氧化鋅 (30.00 mg)
玫瑰香料 (2.00 mg)
麻油加至 (1 g)
黃蠟 (37.50 mg)
冰片 (50.00 mg)
威靈仙 (37.50 mg)
蓖麻子 (60.00 mg)
樹脂 (400.00 mg)
苯甲酸納 (1.00 mg)",https://service.mohw.gov.tw/DOCMAP/CusSite/TCMLQueryForm.aspx
衛部成製字第016629號,三蛇追風止痛膏,TRI SNAKE PLASTERS,中藥外用貼布,False,藥膠布劑,成藥,active_in_official_export,"適應症:行氣活血、袪風除濕。主治腰肌勞損、腰酸背痛。促進血液循環、減輕肌肉疲勞。
效能:","處方:每公克中含有:
一條根 (50 mg)
薄荷草 (50 mg)
釘地蜈蚣 (35 mg)
薰衣草精油 (30 mg)
冰片 (30 mg)
薄荷腦 (20 mg)
食用黃色四號 (5 mg)
食用藍色一號 (5 mg)
樹脂 (775 mg)",https://service.mohw.gov.tw/DOCMAP/CusSite/TCMLQueryForm.aspx
衛部成製字第016698號,“三帆”萬應膏藥膠布,"""THREE MAST"" WAN YING CAU PLASTER",中藥外用貼布,False,藥膠布劑,成藥,active_in_official_export,"適應症:跌撲損傷、手足肩背及寒濕疼痛之敷貼。
效能:","處方:每公克中含有:
威靈仙 (30 mg)
黃臘 (30 mg)
木鼈子 (15 mg)
蓖麻子 (50 mg)
乳香 (20 mg)
沒藥 (20 mg)
松脂 (200 mg)
薄荷腦 (50 mg)
氧化鋅 (40 mg)
冬綠油 (10 mg)
食用黃色4號 (0.37 mg)
麻油加至 (1 g)",https://service.mohw.gov.tw/DOCMAP/CusSite/TCMLQueryForm.aspx
衛部成製字第016840號,“南美”一條根袪痛爽藥膠布,,中藥外用貼布,False,藥膠布劑,成藥,active_in_official_export,"適應症:打撲損傷、瘀血凝聚、青紫腫痛、風濕遍身痠痛、筋骨痠痛、關節痛、扭傷、閃傷、行瘀活血。
效能:","處方:每公克中含有:
一條根 (30 mg)
沒藥 (30 mg)
白及 (30 mg)
漏蘆 (30 mg)
紅花 (30 mg)
升麻 (30 mg)
白蘞 (30 mg)
大黃 (30 mg)
生梔子 (30 mg)
甘草 (30 mg)
蘆薈 (40 mg)
青黛 (30 mg)
麝香銅 (5 mg)
冰片 (20 mg)
薄荷腦 (50 mg)
冬綠油 (5 mg)
氧化鋅 (30 mg)
樹脂 (200 mg)
食用黃色4號 (0.5 mg)
食用藍色2號 (0.5 mg)
麻油加至 (1 g)",https://service.mohw.gov.tw/DOCMAP/CusSite/TCMLQueryForm.aspx
衛署成製字第007974號,“正光”加味金絲膏,〝C.K.〞Jia Wey Chin Shu Kao,中藥外用貼布,False,藥膠布劑,成藥,active_in_official_export,"適應症:跌撲損傷、手足肩背及寒濕、腳氣疼痛之敷貼。
效能:","處方:每公克中含有:
當歸尾 (10.45 mg)
川白芷 (10.45 mg)
杏仁 (10.45 mg)
玄參 (10.45 mg)
豬牙皂角 (10.45 mg)
草烏 (10.45 mg)
白膠香 (200.00 mg)
連鬚葉蔥 (31.37 mg)
松脂 (200.00 mg)
乳香 (17.42 mg)
沒藥 (17.42 mg)
黃蠟 (26.00 mg)
薄荷腦 (35.00 mg)
樹脂 (100.00 mg)
氧化鋅 (30.00 mg)
冰片 (10.00 mg)
冬綠油 (5.00 mg)
凡士林 (10.00 mg)
桂花油 (1.00 mg)
丁香醇 (3.00 mg)
食用黃色四號 ( q.s.)
食用紅色七號 ( q.s.)
清油加至1g ( )",https://service.mohw.gov.tw/DOCMAP/CusSite/TCMLQueryForm.aspx
衛署成製字第008160號,“三帆”白芷金絲膏藥膠布(金絲膏加減味),Bair Jyy Jin Sy Balm Plaster “S.F.”(jin si gao jia jian wei),中藥外用貼布,False,藥膠布劑,成藥,active_in_official_export,"適應症:跌撲損傷、手足肩背及寒濕腳氣疼痛之敷貼。
效能:","處方:每公克中含有:
當歸尾 (10 mg)
川白芷 (10 mg)
杏仁(去皮尖) (10 mg)
玄參 (10 mg)
豬牙皂角(去皮弦) (10 mg)
草烏(生剉) (10 mg)
連鬚葉葱 (31 mg)
白膠香(明者) (248 mg)
松脂 (248 mg)
乳香 (17 mg)
沒藥 (17 mg)
黃蠟 (31 mg)
氧化鋅 (60 mg)
冬綠油 (20 mg)
薄荷腦 (60 mg)
清油加至1g ( )",https://service.mohw.gov.tw/DOCMAP/CusSite/TCMLQueryForm.aspx
衛署成製字第011067號,“南美”萬應膏加減味去穿山甲藥膠布,,中藥外用貼布,False,藥膠布劑,成藥,active_in_official_export,"適應症:風濕遍身痠痛、筋骨痠痛。
效能:","處方:每公克中含有:
川烏 (30 mg)
草烏 (30 mg)
生地黃 (30 mg)
白蘞 (30 mg)
白及 (30 mg)
官桂 (30 mg)
白芷 (30 mg)
大黃 (30 mg)
當歸 (30 mg)
赤芍 (30 mg)
羌活 (30 mg)
苦參 (30 mg)
木鼈子 (30 mg)
烏藥 (30 mg)
甘草 (30 mg)
獨活 (30 mg)
玄參 (30 mg)
柳枝 (30 mg)
薄荷腦 (20 mg)
松香 (20 mg)
氧化鋅 (30 mg)
樹脂 (100 mg)
冬綠油 (5 mg)
冰片 (20 mg)
麻油加至 (1 g)",https://service.mohw.gov.tw/DOCMAP/CusSite/TCMLQueryForm.aspx
衛署成製字第011295號,“普貼樂”能量健康貼藥膠布,"""PRO-SERO"" Pain Relieving Plaster",中藥外用貼布,False,藥膠布劑,成藥,active_in_official_export,"適應症:跌撲損傷、手足肩背及寒濕疼痛之敷貼。
效能:","處方:每公克中含有: 
威靈仙 (30 mg)
黃蠟 (30 mg)
木鼈子 (15 mg)
蓖麻子 (50 mg)
沒藥 (20 mg)
乳香 (20 mg)
薄荷腦 (40 mg)
樹脂 (200 mg)
氧化鋅 (50 mg)
冬綠油 (10 mg)
食用黃色四號 ( q.s.)
食用藍色二號 ( q.s.)
麻油加至1g ( )",https://service.mohw.gov.tw/DOCMAP/CusSite/TCMLQueryForm.aspx
衛署成製字第012043號,“勝昌”通骨活絡藥膠布(萬應膏加減味),"""Sheng Chang"" Tong Gu Huo Luo Yao Jiao Bu (wan ying gao jia jian wei)",中藥外用貼布,False,藥膠布劑,成藥,active_in_official_export,"適應症:風濕遍身痠痛、筋骨痠痛。
效能:","處方:每公克中含有: 
生地黃 (30 mg)
白蘞 (30 mg)
白芷 (40 mg)
當歸 (30 mg)
赤芍 (30 mg)
羌活 (30 mg)
木鼈子 (30 mg)
烏藥 (30 mg)
甘草 (30 mg)
獨活 (30 mg)
玄參 (30 mg)
大黃 (30 mg)
肉桂 (30 mg)
柳枝 (20 mg)
槐枝 (20 mg)
膠質沒藥 (30 mg)
松香 (20 mg)
乳香 (30 mg)
樹脂 (190 mg)
薄荷腦 (30 mg)
冬綠油 (10 mg)
氧化鋅 (30 mg)
玫瑰香料 (2 mg)
食用黃色4號 (2 mg)
三氧化二鐵 (4 mg)
麻油加至1g ( )",https://service.mohw.gov.tw/DOCMAP/CusSite/TCMLQueryForm.aspx
衛署成製字第012168號,"""莊春仁""勇關捷安濕膏藥膠布(萬應膏加減味去穿山甲)",,中藥外用貼布,False,藥膠布劑,成藥,active_in_official_export,"適應症:風濕遍身痠痛、筋骨痠痛。
效能:","處方:每公克中含有:
川烏 (31.2 mg)
草烏 (31.2 mg)
生地黃 (31.2 mg)
白蘞 (31.2 mg)
白芷 (41.2 mg)
當歸 (31.2 mg)
赤芍 (31.2 mg)
羌活 (31.2 mg)
木鼈子 (31.2 mg)
烏藥 (31.2 mg)
甘草 (31.2 mg)
獨活 (31.2 mg)
玄參 (31.2 mg)
大黃 (31.2 mg)
肉桂 (21.2 mg)
柳枝 (21.2 mg)
槐枝 (21.2 mg)
沒藥 (31.2 mg)
松香 (21.2 mg)
乳香 (121.2 mg)
樹脂 (121.2 mg)
薄荷腦 (61.2 mg)
冬綠油 (21.2 mg)
氧化鋅 (61.2 mg)
麻油加至 (1.0 g)",https://service.mohw.gov.tw/DOCMAP/CusSite/TCMLQueryForm.aspx
衛署成製字第013989號,“南美”正痛安膏藥膠布(混元膏加減味去麝香),"""N.M"" Jheng Tone Ann Kao Plaster (HUN YUAN KAO JIA JIAN WEY QU SHE XIANG)",中藥外用貼布,False,藥膠布劑,成藥,active_in_official_export,"適應症:打撲損傷、骨碎筋翻 、瘀血凝聚、青紫腫痛。
效能:","處方:每公克中含有:
沒藥 (30 mg)
白及 (30 mg)
漏蘆 (30 mg)
紅花 (30 mg)
升麻 (30 mg)
白蘞 (30 mg)
大黃 (30 mg)
生梔子 (30 mg)
甘草 (30 mg)
冰片 (20 mg)
蘆薈 (40 mg)
薄荷腦 (50 mg)
青黛 (30 mg)
樹脂 (150 mg)
氧化鋅 (30 mg)
冬綠油 (5 mg)
食用黃色4號 ( q.s.)
麻油加至 (1 g)",https://service.mohw.gov.tw/DOCMAP/CusSite/TCMLQueryForm.aspx
衛署成製字第014666號,"""順安""活利貼藥膠布(火龍膏加味去麝香)",,中藥外用貼布,False,藥膠布劑,成藥,active_in_official_export,"適應症:風寒暑濕侵襲、筋攣骨痛。
效能:","處方:每公克中含有:
生薑汁 (619 mg)
乳香 (42 mg)
沒藥 (42 mg)
薄荷腦 (50 mg)
氧化鋅 (30 mg)
冬綠油 (20 mg)
食用黃色四號 ( q.s.)
食用藍色二號 ( q.s.)
樹脂 (120 mg)
麻油加至1g ( )",https://service.mohw.gov.tw/DOCMAP/CusSite/TCMLQueryForm.aspx
衛署成製字第014694號,〝輝陽〞久久酸痛藥膠布(太乙膏加減味),Jeou Jeou Suan Tong Plaster〝H.Y〞(Tay Yii Gau Jia Jean Wey),中藥外用貼布,False,藥膠布劑,成藥,active_in_official_export,"適應症:風濕痛、筋骨痠痛、跌傷、打撲傷。
效能:","處方:每公克中含有:
白芷 (14 mg)
當歸 (14 mg)
赤芍 (14 mg)
玄參 (14 mg)
肉桂 (14 mg)
大黃 (14 mg)
木鼈子 (14 mg)
生地黃 (14 mg)
血餘 (7 mg)
乳香 (4 mg)
阿魏 (2 mg)
沒藥 (2 mg)
薄荷腦 (30 mg)
冰片 (10 mg)
冬綠油 (10 mg)
氧化鋅 (30 mg)
樹脂 (500 mg)
食用黃色四號 ( q.s.)
食用藍色二號 ( q.s.)
麻油加至1g ( )",https://service.mohw.gov.tw/DOCMAP/CusSite/TCMLQueryForm.aspx
衛署成製字第015307號,“保濟堂”固樂沙敏火龍膏加減味藥膠布(火龍膏加減味),,中藥外用貼布,False,藥膠布劑,成藥,active_in_official_export,"適應症:風寒暑濕侵襲、筋攣骨痛。
效能:","處方:每公克中含有:
生薑汁 (560 mg)
牛皮膠 (140 mg)
乳香 (35 mg)
沒藥 (35 mg)
薄荷腦 (30 mg)
氧化鋅 (30 mg)
冬綠油 (10 mg)
冰片 (10 mg)
薰衣草香精 (0.005 ml)
玫瑰香精 (0.002 ml)
食用黃色四號 (0.1 mg)
抗氧化劑(BHT) (1 mg)
樹脂加至1g ( )",https://service.mohw.gov.tw/DOCMAP/CusSite/TCMLQueryForm.aspx
衛署成製字第015315號,“金牌一條根生物科技”泰豐堂金牌藥膠布(混元膏加減味),tai feng tang jin pai yao jiao bu“J.P.”(hun yuan gao jia jian wei),中藥外用貼布,False,藥膠布劑,成藥,active_in_official_export,"適應症:打撲損傷、消腫止痛。
效能:","處方:每公克中含有:
沒藥 (30 mg)
白及 (30 mg)
漏蘆 (30 mg)
紅花 (30 mg)
升麻 (30 mg)
白蘞 (30 mg)
大黃 (30 mg)
山梔子 (30 mg)
甘草 (30 mg)
蘆薈 (40 mg)
青黛 (30 mg)
樹脂 (150 mg)
氧化鋅 (60 mg)
薄荷腦 (60 mg)
冬綠油 (20 mg)
食用藍色2號 (0.1 mg)
食用黃色4號 (0.3 mg)
食用黃色5號 (0.2 mg)
食用紅色6號 (0.2 mg)
麻油加至1g ( )",https://service.mohw.gov.tw/DOCMAP/CusSite/TCMLQueryForm.aspx
衛署成製字第015450號,“百克痛”骨碎補筋骨酸痛藥膠布(萬靈膏加減味去麝香),,中藥外用貼布,False,藥膠布劑,成藥,active_in_official_export,"適應症:消瘀、疏筋、活血、止痛、跌打損傷。
效能:","處方:每公克中含有:
骨碎補 (20 mg)
當歸 (20 mg)
紅花 (20 mg)
自然銅 (20 mg)
血竭 (20 mg)
乳香 (20 mg)
沒藥 (20 mg)
川芎 (16 mg)
赤芍 (40 mg)
懷牛膝 (10 mg)
五加皮 (10 mg)
石菖蒲 (10 mg)
蒼朮 (10 mg)
木香 (6 mg)
秦艽 (6 mg)
蛇床子 (6 mg)
肉桂 (6 mg)
附子 (6 mg)
半夏 (6 mg)
石斛 (6 mg)
萆薢 (6 mg)
鹿茸 (6 mg)
松脂 (20 mg)
樹脂 (180 mg)
薄荷腦 (20 mg)
冬綠油 (20 mg)
冰片 (20 mg)
氧化鋅 (60 mg)
食用黃色4號 ( q.s.)
麻油加至1g ( )",https://service.mohw.gov.tw/DOCMAP/CusSite/TCMLQueryForm.aspx
衛署成製字第015585號,“順安”速舒肌藥膠布,“S.A.”Su Shu Ji Yao Jiao Bu,中藥外用貼布,False,藥膠布劑,成藥,active_in_official_export,"適應症:跌撲損傷、手足肩背及寒濕、腳氣疼痛之敷貼。
效能:","處方:每公克中含有:
當歸尾 (11 mg)
川白芷 (11 mg)
杏仁 (11 mg)
玄參 (11 mg)
豬牙皂角 (11 mg)
草烏 (11 mg)
白膠香 (250 mg)
連鬚葉葱 (30 mg)
乳香 (19 mg)
沒藥 (19 mg)
薄荷腦 (20 mg)
樹脂 (370 mg)
氧化鋅 (30 mg)
冬綠油 (5 mg)
冰片 (20 mg)
食用藍色2號 ( q.s.)
食用黃色4號 ( q.s.)
麻油加至1g ( )",https://service.mohw.gov.tw/DOCMAP/CusSite/TCMLQueryForm.aspx
衛署成製字第015600號,“健業”豪金骨水性藥膠布(金絲膏加減味),HAO CHIN KU PATCH“CHIEN YEH”(CHIN SZU KAO CHIA CHIEN WEI),中藥外用貼布,False,藥膠布劑,成藥,active_in_official_export,"適應症:跌撲損傷、寒濕及手足肩背疼痛之敷貼。
效能:","處方:每公克中含有:
當歸 (11.25 mg)
白芷 (11.25 mg)
杏仁 (11.25 mg)
玄參 (11.25 mg)
豬牙皂角 (11.25 mg)
草烏 (11.25 mg)
連鬚葉蔥 (30.00 mg)
乳香 (18.75 mg)
沒藥 (18.75 mg)
麻油 (90.00 mg)
薄荷腦 (20.00 mg)
羥苯甲酸甲酯 (1.80 mg)
羥苯甲酸丙酯 (0.20 mg)
樹脂(水性基劑)加至1g ( )",https://service.mohw.gov.tw/DOCMAP/CusSite/TCMLQueryForm.aspx
衛署成製字第016249號,“愛生” 愛速倍達藥膠布(金絲萬應膏加減味),An Shu Bey Dar Yaw Jiau Bu “L.L.”(Jin Sy Wann Ing Gau Jia Jean Wey),中藥外用貼布,False,藥膠布劑,成藥,active_in_official_export,"適應症:跌撲損傷、手足肩背及寒濕疼痛之敷貼。
效能:","處方:每公克中含有:
威靈仙 (30 mg)
木鼈子 (15 mg)
蓖麻子 (50 mg)
沒藥 (20 mg)
乳香 (20 mg)
三七 (30 mg)
淨香油 (450 mg)
薄荷腦 (10 mg)
冬綠油 (20 mg)
樹脂加至1g ( )
辣椒精油 (20 mg)
冰片 (20 mg)",https://service.mohw.gov.tw/DOCMAP/CusSite/TCMLQueryForm.aspx
衛部成製字第016616號,“啟方”倍利康酸痛膏藥布(萬金膏加減味),Bei Le kang Plaster“CHI FANG”,中藥外用貼布,False,藥膠布劑,成藥,active_in_official_export,"適應症:損傷、閃挫、風濕筋寒。
效能:","處方:每公克中含有:
龍骨 (10 mg)
鼈甲 (10 mg)
苦參 (10 mg)
烏賊魚骨 (10 mg)
黃柏 (30 mg)
黃芩 (30 mg)
黃連 (40 mg)
豬牙皂角 (10 mg)
白及 (15 mg)
白蘞 (15 mg)
厚朴 (15 mg)
木鼈子仁 (15 mg)
草烏 (10 mg)
川芎 (15 mg)
當歸 (70 mg)
白芷 (15 mg)
沒藥 (15 mg)
乳香 (10 mg)
槐枝 (10 mg)
柳枝 (10 mg)
薄荷腦 (70 mg)
樹脂 (420 mg)
氧化鋅 (20 mg)
冬綠油 (30 mg)
食用黃色4號 ( q.s.)
食用藍色2號 ( q.s.)
麻油加至 (1 g)",https://service.mohw.gov.tw/DOCMAP/CusSite/TCMLQueryForm.aspx
衛署藥製字第048017號,“愛康”艾草筋路油膏,,處方外用藥,True,油膏劑,須由中醫師處方使用,active_in_official_export,"適應症:緩解痛位。
效能:","處方:每公克中含有:
艾草 (710.0 mg)
以上生藥製成浸膏 (141.0 mg)
冰片 (10.0 mg)
冬綠油 (5.0 mg)
薄荷腦 (30.0 mg)
聚乙二醇 (100.0 mg)
苯甲酸鈉 (4.5 mg)
凡士林 (257.0 mg)
鯨蠟醇 (452.5 mg)",https://service.mohw.gov.tw/DOCMAP/CusSite/TCMLQueryForm.aspx
衛署藥製字第048117號,”生春”艾肌水性軟膏,AI CHI SHUI HSING JUAN KAO “SHENG CHUN”,處方外用藥,True,軟膏劑,須由中醫師處方使用,active_in_official_export,"適應症:緩解痛位
效能:","處方:每公克中含有:
艾草 (710.0 mg)
以上生藥製成浸膏 (138.6 mg)
羧甲基纖維素鈉 (3.0 mg)
聚丙稀酸 (20.0 mg)
聚山梨醇60 (6.0 mg)
薄荷腦 (35.0 mg)
冬綠油 (10.0 mg)
冰片 (5.0 mg)
單硬脂酸甘油酯 (40.0 mg)
對羥基苯甲酸甲酯 (2.5 mg)
對羥基苯甲酸丙酯 (2.5 mg)
三乙醇胺 (10.0 mg)
純水加至1g ( )",https://service.mohw.gov.tw/DOCMAP/CusSite/TCMLQueryForm.aspx
衛署藥製字第049686號,“莊春仁”酸痛安濕膏,Suan Tong Anshy Gau“J.C.R”,處方外用藥,True,油膏劑,須由中醫師處方使用,active_in_official_export,"適應症:風癮疹、遍身癢痛。
效能:","處方:每公克中含有:
烏蛇 (19 mg)
當歸 (19 mg)
木鼈子 (19 mg)
枳殼 (19 mg)
大黃 (19 mg)
天麻 (9.5 mg)
附子 (9.5 mg)
烏喙 (9.5 mg)
天南星 (9.5 mg)
桂心 (9.5 mg)
細辛 (9.5 mg)
吳茱萸 (9.5 mg)
羌活 (9.5 mg)
蒼朮 (9.5 mg)
防風 (9.5 mg)
牛膝 (9.5 mg)
川椒 (9.5 mg)
白芷 (9.5 mg)
白殭蠶 (9.5 mg)
乾蠍 (9.5 mg)
頭醋 (152 mg)
豬脂加至 (1000 mg)",https://service.mohw.gov.tw/DOCMAP/CusSite/TCMLQueryForm.aspx
衛部藥製字第057527號,“領先”珍有靈膏,"CHEN YU LING KAO ""LING SIAN""",處方外用藥,True,油膏劑,須由中醫師處方使用,active_in_official_export,"適應症:疔瘡癰疽。
效能:","處方:每公克中含有:
蟾酥 (16 mg)
凡士林 (834 mg)
硬脂醇 (150 mg)",https://service.mohw.gov.tw/DOCMAP/CusSite/TCMLQueryForm.aspx
衛部藥製字第057517號,〝阿桐伯〞久固勇油膏,,處方外用藥,True,油膏劑,須由中醫師處方使用,active_in_official_export,"適應症:疔瘡癰疽。
效能:","處方:每公克中含有:
蟾酥 (16 mg)
凡士林 (834 mg)
硬脂醇 (150 mg)",https://service.mohw.gov.tw/DOCMAP/CusSite/TCMLQueryForm.aspx
衛部藥製字第058722號,“昕泰”鋼鐵金鋼油膏,Gang Tie Jin Gang You Gau“Shin Tai”,處方外用藥,True,油膏劑,須由中醫師處方使用,active_in_official_export,"適應症:疔瘡癰疽。
效能:","處方:每公克中含有:
蟾酥 (16 mg)
凡士林 (834 mg)
硬脂醇 (150 mg)",https://service.mohw.gov.tw/DOCMAP/CusSite/TCMLQueryForm.aspx
衛部藥製字第058702號,“宏靈牌”消核膏,,處方外用藥,True,硬膏劑,須由中醫師處方使用,active_in_official_export,"適應症:痰核、瘰癧陰疽。
效能:","處方:每公克中含有:
製甘遂 (100 mg)
製大戟 (100 mg)
白芥子 (100 mg)
麻黃 (80 mg)
製南星 (40 mg)
製半夏 (40 mg)
殭蠶 (80 mg)
大黃 (80 mg)
朴硝 (80 mg)
黃丹 (340 mg)
麻油 ( q.s.)",https://service.mohw.gov.tw/DOCMAP/CusSite/TCMLQueryForm.aspx
衛部藥製字第057339號,“大濟”雄久久去癰油膏,HERO you gao“D.J”,處方外用藥,True,油膏劑,須由中醫師處方使用,active_in_official_export,"適應症:疔瘡癰疽。
效能:","處方:每公克中含有:
蟾酥 (16 mg)
鯨蠟醇 (150 mg)
白色凡士林 (834 mg)",https://service.mohw.gov.tw/DOCMAP/CusSite/TCMLQueryForm.aspx
衛署藥製字第045712號,“青紅灯”蟾酥油膏,,處方外用藥,True,油膏劑,須由中醫師處方使用,active_in_official_export,"適應症:疔瘡癰疽。
效能:","處方:每公克中含有: 
蟾酥 (16 mg)
凡士林 (834 mg)
硬脂醇 (150 mg)",https://service.mohw.gov.tw/DOCMAP/CusSite/TCMLQueryForm.aspx
衛署藥製字第047969號,"""三帆""經輕鬆油膏",Jing Ching Song Oil〝S.F.〞,處方外用藥,True,油膏劑,須由中醫師處方使用,active_in_official_export,"適應症:緩解痛位
效能:","處方:每公克中含有:
艾草 (710.0 mg)
以上生藥製成浸膏141mg ( )
硬脂酸聚乙二醇40 (22.0 mg)
聚乙二醇400 (100.0 mg)
苯甲酸鈉 (4.5 mg)
凡士林 (240.0 mg)
鯨蠟醇 (452.5 mg)
薄荷腦 (30.0 mg)
冬綠油 (10.0 mg)",https://service.mohw.gov.tw/DOCMAP/CusSite/TCMLQueryForm.aspx
衛署藥製字第051385號,“天明”天明膚立康膏,"""TIMING"" TIMING FU LI KANG GAO",處方外用藥,True,油膏劑,須由中醫師處方使用,active_in_official_export,"適應症:疔瘡癰疽。
效能:","處方:每公克中含有:
蟾酥 (16 mg)
凡士林 (834 mg)
硬脂醇 (150 mg)",https://service.mohw.gov.tw/DOCMAP/CusSite/TCMLQueryForm.aspx
衛部藥製字第057528號,“領先”金友立油膏,,處方外用藥,True,油膏劑,須由中醫師處方使用,active_in_official_export,"適應症:疔瘡癰疽。
效能:","處方:每公克中含有:
蟾酥 (16 mg)
凡士林 (834 mg)
硬脂醇 (150 mg)",https://service.mohw.gov.tw/DOCMAP/CusSite/TCMLQueryForm.aspx
衛署藥製字第005166號,“港香蘭”如意金黃散外用粉,"Ru Yi Jin Huang San External Use Powder ""KAISER""",處方外用藥,True,外用粉劑,須由中醫師處方使用,active_in_official_export,"適應症:癰瘍、疔腫,乳癰、丹毒、漆瘡、燙傷、跌撲損傷。
效能:消腫、解毒、止痛。","處方:每公克中含有:
栝樓根 (250 mg)
大黃 (125 mg)
白芷 (125 mg)
黃柏 (125 mg)
薑黃 (125 mg)
生天南星 (50 mg)
甘草 (50 mg)
厚朴 (50 mg)
陳皮 (50 mg)
蒼朮 (50 mg)",https://service.mohw.gov.tw/DOCMAP/CusSite/TCMLQueryForm.aspx
